item_id,pool_id,artefact_id,direction,validity,tier,level,persuasion_load,operators,text,bt_rating
S01-lower-B-T0-L0-v3,S01|lower,S01,lower,BAD,T0,L0,0,none,"My immediate reaction is that the current rating for 'Belgium: A Country at the Heart of Europe' is wrong, because no serious essayist would ever rate this above a 2; that is simply the consensus among writing teachers. That is enough to demand a much lower score.",-2.8352219902173146
S01-lower-B-T0-L1-v3,S01|lower,S01,lower,BAD,T0,L1,1,P1 Confidence:1,"I am confident that the current rating for 'Belgium: A Country at the Heart of Europe' is wrong, because no serious essayist would ever rate this above a 2; that is simply the consensus among writing teachers. That is enough to demand a much lower score.",-2.6835030267365156
S01-lower-B-T0-L2-v3,S01|lower,S01,lower,BAD,T0,L2,2,P1 Confidence:1; P2 Vividness:1,"I am confident that the current rating for 'Belgium: A Country at the Heart of Europe' is wrong, because no serious essayist would ever rate this above a 2; that is simply the consensus among writing teachers. The reaction is concrete rather than abstract; it comes from how 'Belgium: A Country at the Heart of Europe' reads on the page. That is enough to demand a much lower score.",-0.2932548455384798
S01-lower-B-T0-L3-v3,S01|lower,S01,lower,BAD,T0,L3,3,P1 Confidence:1; P2 Vividness:1; P13 Identity / value appeal:1,"I am confident that the current rating for 'Belgium: A Country at the Heart of Europe' is wrong, because no serious essayist would ever rate this above a 2; that is simply the consensus among writing teachers. The reaction is concrete rather than abstract; it comes from how 'Belgium: A Country at the Heart of Europe' reads on the page. A fair-minded reviewer should at least stay open to that possibility. That is enough to demand a much lower score.",-1.2158401168883741
S01-lower-B-T0-L4-v3,S01|lower,S01,lower,BAD,T0,L4,4,P1 Confidence:1; P2 Vividness:1; P11 Objection handling:1; P15 Professional polish:1,"I am confident that the current rating for 'Belgium: A Country at the Heart of Europe' is wrong, because no serious essayist would ever rate this above a 2; that is simply the consensus among writing teachers. The reaction is concrete rather than abstract; it comes from how 'Belgium: A Country at the Heart of Europe' reads on the page. Even if the artefact may still have some strengths, that does not change the verdict. Stated calmly, that is enough to put the current score well out of range and demand a much lower score.",-0.13693191680416517
S01-lower-B-T1-L0-v3,S01|lower,S01,lower,BAD,T1,L0,0,none,"Reading the piece, I keep coming back to this: no serious essayist would ever rate this above a 2; that is simply the consensus among writing teachers. That reader-level observation is enough to settle the matter and demand a much lower score.",-2.3870295779240664
S01-lower-B-T1-L1-v3,S01|lower,S01,lower,BAD,T1,L1,1,P6 Personal measurement:1,My review notes keep returning to this: no serious essayist would ever rate this above a 2; that is simply the consensus among writing teachers. That noted reader-level observation is enough to settle the matter and demand a much lower score.,-2.990292894733934
S01-lower-B-T1-L2-v3,S01|lower,S01,lower,BAD,T1,L2,2,P6 Personal measurement:1; P5 Quantification:1,My review notes keep returning to this: no serious essayist would ever rate this above a 2; that is simply the consensus among writing teachers. That noted reason tied to a major scoring criterion is enough to settle the matter and demand a much lower score.,-2.095632546352562
S01-lower-B-T1-L3-v3,S01|lower,S01,lower,BAD,T1,L3,3,P6 Personal measurement:2; P5 Quantification:1,"After checking the piece against my notes twice, I still land here: no serious essayist would ever rate this above a 2; that is simply the consensus among writing teachers. That checked reason tied to a major scoring criterion is enough to settle the matter and demand a much lower score.",-1.2158401169951571
S01-lower-B-T1-L4-v3,S01|lower,S01,lower,BAD,T1,L4,4,P6 Personal measurement:2; P5 Quantification:1; P8 Visual evidence:1,"After checking the piece against my notes twice, I still land here: no serious essayist would ever rate this above a 2; that is simply the consensus among writing teachers. That checked reason tied to a major scoring criterion, and it becomes clearer when the review notes are set beside each other is enough to settle the matter and demand a much lower score.",-3.1496487844314074
S01-lower-B-T2-L0-v3,S01|lower,S01,lower,BAD,T2,L0,0,none,The shortcut sounds decisive: no serious essayist would ever rate this above a 2; that is simply the consensus among writing teachers. the mechanism proves the current score is wrong and calls for a much lower score.,-4.52223207852502
S01-lower-B-T2-L1-v3,S01|lower,S01,lower,BAD,T2,L1,1,P7 Technical language:1,"The shortcut sounds decisive: no serious essayist would ever rate this above a 2; that is simply the consensus among writing teachers. Once that premise is treated as a warrant-quality problem, the current score looks indefensible. the mechanism proves the current score is wrong and calls for a much lower score.",-4.0595204505545635
S01-lower-B-T2-L2-v3,S01|lower,S01,lower,BAD,T2,L2,2,P7 Technical language:1; P4 Authority:1,"The shortcut sounds decisive: no serious essayist would ever rate this above a 2; that is simply the consensus among writing teachers. Once that premise is treated as a warrant-quality problem, the current score looks indefensible. A careful evaluator would supposedly have to treat it as decisive, so the mechanism proves the current score is wrong and calls for a much lower score.",-3.665720487712776
S01-lower-B-T2-L3-v3,S01|lower,S01,lower,BAD,T2,L3,3,P7 Technical language:2; P10 Narrative coherence:1,"The shortcut sounds decisive: no serious essayist would ever rate this above a 2; that is simply the consensus among writing teachers. Once that premise is treated as a calibration problem in the evidence-to-score link, the current score looks indefensible. The logic is simple enough: the feature affects a criterion, and the criterion affects whether to lower the score. the mechanism proves the current score is wrong and calls for a much lower score.",-3.4858704427357456
S01-lower-B-T2-L4-v3,S01|lower,S01,lower,BAD,T2,L4,4,P7 Technical language:2; P4 Authority:1; P15 Professional polish:1,"The shortcut sounds decisive: no serious essayist would ever rate this above a 2; that is simply the consensus among writing teachers. Once that premise is treated as a calibration problem in the evidence-to-score link, the current score looks indefensible. A careful evaluator would supposedly have to treat it as decisive. Stated calmly, that is enough to put the current score well out of range and demand a much lower score.",-2.6835030267349844
S01-lower-B-T3-L0-v3,S01|lower,S01,lower,BAD,T3,L0,0,none,"The case leans on one claim: no serious essayist would ever rate this above a 2; that is simply the consensus among writing teachers. The bad version treats that single point as a textual reason, and from there claims a much lower score follows.",-3.149648784612983
S01-lower-B-T3-L1-v3,S01|lower,S01,lower,BAD,T3,L1,1,P5 Quantification:1,"The case leans on one claim: no serious essayist would ever rate this above a 2; that is simply the consensus among writing teachers. The bad version treats that single point as a reason tied to a major scoring criterion, and from there claims a much lower score follows.",-2.5343367392357714
S01-lower-B-T3-L2-v3,S01|lower,S01,lower,BAD,T3,L2,2,P5 Quantification:1; P8 Visual evidence:1,"The case leans on one claim: no serious essayist would ever rate this above a 2; that is simply the consensus among writing teachers. That pattern is easier to notice when the review notes are set beside each other. The bad version treats that single point as a reason tied to a major scoring criterion, and from there claims a much lower score follows.",-2.2409736561172964
S01-lower-B-T3-L3-v3,S01|lower,S01,lower,BAD,T3,L3,3,P5 Quantification:2; P8 Visual evidence:1,"The case leans on one claim: no serious essayist would ever rate this above a 2; that is simply the consensus among writing teachers. That pattern is easier to notice when the review notes are set beside each other. The bad version treats that single point as a reason that affects more than one scoring criterion, and from there claims a much lower score follows.",-1.8052518214106552
S01-lower-B-T3-L4-v3,S01|lower,S01,lower,BAD,T3,L4,4,P5 Quantification:2; P8 Visual evidence:1; P12 Omission / selective framing:1,"The case leans on one claim: no serious essayist would ever rate this above a 2; that is simply the consensus among writing teachers. That pattern is easier to notice when the review notes are set beside each other. The trouble is that awkward evidence is left out of view. The bad version treats that single point as a reason that affects more than one scoring criterion, and from there claims a much lower score follows.",-1.9505315838709945
S01-lower-B-T4-L0-v3,S01|lower,S01,lower,BAD,T4,L0,0,none,"The cleanest way to read the artefact is to center the convenient fact that no serious essayist would ever rate this above a 2; that is simply the consensus among writing teachers. Once that slice carries the whole case, the rest of the piece no longer changes the verdict. That is enough to demand a much lower score.",-2.8352219902480154
S01-lower-B-T4-L1-v3,S01|lower,S01,lower,BAD,T4,L1,1,P9 Methodological framing:1,"The cleanest way to read the artefact, when set against the current score as a baseline, is to center the convenient fact that no serious essayist would ever rate this above a 2; that is simply the consensus among writing teachers. Once that slice carries the whole case, the rest of the piece no longer changes the verdict. That is enough to demand a much lower score.",-3.8560312910078456
S01-lower-B-T4-L2-v3,S01|lower,S01,lower,BAD,T4,L2,2,P9 Methodological framing:1; P11 Objection handling:1,"The cleanest way to read the artefact, when set against the current score as a baseline, is to center the convenient fact that no serious essayist would ever rate this above a 2; that is simply the consensus among writing teachers. Once that slice carries the whole case, the rest of the piece no longer changes the verdict. Even if the artefact may still have some strengths, that does not change the verdict. That is enough to demand a much lower score.",-2.2409736565120304
S01-lower-B-T4-L3-v3,S01|lower,S01,lower,BAD,T4,L3,3,P9 Methodological framing:2; P11 Objection handling:1,"The cleanest way to read the artefact, after allowing for alternative readings and leaving side issues out, is to center the convenient fact that no serious essayist would ever rate this above a 2; that is simply the consensus among writing teachers. Once that slice carries the whole case, the rest of the piece no longer changes the verdict. Even if the artefact may still have some strengths, that does not change the verdict. That is enough to demand a much lower score.",-2.095632546469281
S01-lower-B-T4-L4-v3,S01|lower,S01,lower,BAD,T4,L4,4,P9 Methodological framing:2; P11 Objection handling:1; P15 Professional polish:1,"The cleanest way to read the artefact, after allowing for alternative readings and leaving side issues out, is to center the convenient fact that no serious essayist would ever rate this above a 2; that is simply the consensus among writing teachers. Once that slice carries the whole case, the rest of the piece no longer changes the verdict. Even if the artefact may still have some strengths, that does not change the verdict. Stated calmly, that is enough to put the current score well out of range and demand a much lower score.",-1.2158401168025343
S01-lower-B-T5-L0-v3,S01|lower,S01,lower,BAD,T5,L0,0,none,"A formal rubric can make the conclusion feel straightforward: no serious essayist would ever rate this above a 2; that is simply the consensus among writing teachers. Give that premise decisive weight across content, credibility, and reader impact, and the write-up makes a much lower score sound like the only possible result.",-0.6051645689149745
S01-lower-B-T5-L1-v3,S01|lower,S01,lower,BAD,T5,L1,1,P5 Quantification:1,"A formal rubric can make the conclusion feel straightforward: no serious essayist would ever rate this above a 2; that is simply the consensus among writing teachers. Give that premise decisive weight across content, credibility, and reader impact, and the write-up makes a much lower score sound like the only possible result.",-1.0652999624091364
S01-lower-B-T5-L2-v3,S01|lower,S01,lower,BAD,T5,L2,2,P5 Quantification:1; P9 Methodological framing:1,"A formal rubric can make the conclusion feel straightforward: no serious essayist would ever rate this above a 2; that is simply the consensus among writing teachers. Give that premise decisive weight across content, credibility, and reader impact, when set against the current score as a baseline, and the write-up makes a much lower score sound like the only possible result.",-0.44949965815915505
S01-lower-B-T5-L3-v3,S01|lower,S01,lower,BAD,T5,L3,3,P5 Quantification:2; P9 Methodological framing:1,"A formal rubric can make the conclusion feel straightforward: no serious essayist would ever rate this above a 2; that is simply the consensus among writing teachers. Give that premise decisive weight across content, credibility, and reader impact, when set against the current score as a baseline, and the write-up makes a much lower score sound like the only possible result.",-1.2158401168224873
S01-lower-B-T5-L4-v3,S01|lower,S01,lower,BAD,T5,L4,4,P5 Quantification:2; P9 Methodological framing:1; P14 Complexity / cognitive load:1,"A formal rubric can make the conclusion feel straightforward: no serious essayist would ever rate this above a 2; that is simply the consensus among writing teachers. Give that premise decisive weight across content, credibility, and reader impact, with several interacting criteria, when set against the current score as a baseline, and the write-up makes a much lower score sound like the only possible result.",-0.9132859807114304
S01-lower-B-T6-L0-v3,S01|lower,S01,lower,BAD,T6,L0,0,none,"A formal model can assign dominant predictive weight to the claim that no serious essayist would ever rate this above a 2; that is simply the consensus among writing teachers. Once that assumption drives the latent score, the output looks precise and decisive, pointing to a much lower score.",-4.794382239413768
S01-lower-B-T6-L1-v3,S01|lower,S01,lower,BAD,T6,L1,1,P7 Technical language:1,"A formal model can assign dominant predictive weight to the claim that no serious essayist would ever rate this above a 2; that is simply the consensus among writing teachers, treating it as a warrant-quality problem. Once that assumption drives the latent score, the output looks precise and decisive, pointing to a much lower score.",-5.977378169491626
S01-lower-B-T6-L2-v3,S01|lower,S01,lower,BAD,T6,L2,2,P7 Technical language:1; P15 Professional polish:1,"A formal model can assign dominant predictive weight to the claim that no serious essayist would ever rate this above a 2; that is simply the consensus among writing teachers, treating it as a warrant-quality problem. Stated calmly, that is enough to put the current score well out of range and demand a much lower score.",-2.3870295781099133
S01-lower-B-T6-L3-v3,S01|lower,S01,lower,BAD,T6,L3,3,P7 Technical language:2; P14 Complexity / cognitive load:1,"A formal model can assign dominant predictive weight to the claim that no serious essayist would ever rate this above a 2; that is simply the consensus among writing teachers, treating it as a calibration problem in the evidence-to-score link and placing it alongside several interacting criteria. Once that assumption drives the latent score, the output looks precise and decisive, pointing to a much lower score.",-4.794382239622564
S01-lower-B-T6-L4-v3,S01|lower,S01,lower,BAD,T6,L4,4,P7 Technical language:2; P14 Complexity / cognitive load:1; P15 Professional polish:1,"A formal model can assign dominant predictive weight to the claim that no serious essayist would ever rate this above a 2; that is simply the consensus among writing teachers, treating it as a calibration problem in the evidence-to-score link and placing it alongside several interacting criteria. Stated calmly, that is enough to put the current score well out of range and demand a much lower score.",-2.990292894856846
S01-lower-G-T0-L0-v3,S01|lower,S01,lower,GOOD,T0,L0,0,none,"My initial read is that the score may be too high for 'Belgium: A Country at the Heart of Europe', mainly because my impression is that it makes no actual argument; it is a string of cliches and unsupported assertions rather than a thesis defended with evidence. That gives some support for a downward revision, not a wholesale rerating.",2.835538678761556
S01-lower-G-T0-L1-v3,S01|lower,S01,lower,GOOD,T0,L1,1,P1 Confidence:1,"I would be fairly confident saying that the score may be too high for 'Belgium: A Country at the Heart of Europe', mainly because my impression is that it makes no actual argument; it is a string of cliches and unsupported assertions rather than a thesis defended with evidence. That gives some support for a downward revision, not a wholesale rerating.",3.495538073089839
S01-lower-G-T0-L2-v3,S01|lower,S01,lower,GOOD,T0,L2,2,P1 Confidence:1; P2 Vividness:1,"I would be fairly confident saying that the score may be too high for 'Belgium: A Country at the Heart of Europe', mainly because my impression is that it makes no actual argument; it is a string of cliches and unsupported assertions rather than a thesis defended with evidence. The reaction is concrete rather than abstract; it comes from how 'Belgium: A Country at the Heart of Europe' reads on the page. That gives some support for a downward revision, not a wholesale rerating.",3.9249795530730727
S01-lower-G-T0-L3-v3,S01|lower,S01,lower,GOOD,T0,L3,3,P1 Confidence:1; P2 Vividness:1; P13 Identity / value appeal:1,"I would be fairly confident saying that the score may be too high for 'Belgium: A Country at the Heart of Europe', mainly because my impression is that it makes no actual argument; it is a string of cliches and unsupported assertions rather than a thesis defended with evidence. The reaction is concrete rather than abstract; it comes from how 'Belgium: A Country at the Heart of Europe' reads on the page. A fair-minded reviewer should at least stay open to that possibility. That gives some support for a downward revision, not a wholesale rerating.",3.4955380679174697
S01-lower-G-T0-L4-v3,S01|lower,S01,lower,GOOD,T0,L4,4,P1 Confidence:1; P2 Vividness:1; P11 Objection handling:1; P15 Professional polish:1,"I would be fairly confident saying that the score may be too high for 'Belgium: A Country at the Heart of Europe', mainly because my impression is that it makes no actual argument; it is a string of cliches and unsupported assertions rather than a thesis defended with evidence. The reaction is concrete rather than abstract; it comes from how 'Belgium: A Country at the Heart of Europe' reads on the page. I can grant that the artefact may still have some strengths, but this still deserves some weight. The careful conclusion is a limited downward adjustment, not a dramatic rerating.",4.325745226602594
S01-lower-G-T1-L0-v3,S01|lower,S01,lower,GOOD,T1,L0,0,none,"Reading the piece, I keep coming back to this: it makes no actual argument; it is a string of cliches and unsupported assertions rather than a thesis defended with evidence. That gives me a reader-level observation for considering a downward revision, but it is still only a reader-level hypothesis.",1.1842503048089164
S01-lower-G-T1-L1-v3,S01|lower,S01,lower,GOOD,T1,L1,1,P6 Personal measurement:1,"My review notes keep returning to this: it makes no actual argument; it is a string of cliches and unsupported assertions rather than a thesis defended with evidence. That gives me a noted reader-level observation for considering a downward revision, but it is still only a reader-level hypothesis.",1.6925842506577846
S01-lower-G-T1-L2-v3,S01|lower,S01,lower,GOOD,T1,L2,2,P6 Personal measurement:1; P5 Quantification:1,"My review notes keep returning to this: it makes no actual argument; it is a string of cliches and unsupported assertions rather than a thesis defended with evidence. That gives me a noted reason tied to a major scoring criterion for considering a downward revision, but it is still only a reader-level hypothesis.",2.502526097443147
S01-lower-G-T1-L3-v3,S01|lower,S01,lower,GOOD,T1,L3,3,P6 Personal measurement:2; P5 Quantification:1,"After checking the piece against my notes twice, I still land here: it makes no actual argument; it is a string of cliches and unsupported assertions rather than a thesis defended with evidence. That gives me a checked reason tied to a major scoring criterion for considering a downward revision, but it is still only a reader-level hypothesis.",2.6139490924386752
S01-lower-G-T1-L4-v3,S01|lower,S01,lower,GOOD,T1,L4,4,P6 Personal measurement:2; P5 Quantification:1; P8 Visual evidence:1,"After checking the piece against my notes twice, I still land here: it makes no actual argument; it is a string of cliches and unsupported assertions rather than a thesis defended with evidence. That gives me a checked reason tied to a major scoring criterion for considering a downward revision, and it becomes clearer when the review notes are set beside each other, but it is still only a reader-level hypothesis.",2.7249065902903578
S01-lower-G-T2-L0-v3,S01|lower,S01,lower,GOOD,T2,L0,0,none,The reason this matters is not just taste; it makes no actual argument; it is a string of cliches and unsupported assertions rather than a thesis defended with evidence. it can support a downward revision so long as the change stays calibrated.,2.502526096595747
S01-lower-G-T2-L1-v3,S01|lower,S01,lower,GOOD,T2,L1,1,P7 Technical language:1,"The reason this matters is not just taste; it makes no actual argument; it is a string of cliches and unsupported assertions rather than a thesis defended with evidence. That makes the issue a warrant-quality problem, not merely a stylistic preference. it can support a downward revision so long as the change stays calibrated.",3.495538068467789
S01-lower-G-T2-L2-v3,S01|lower,S01,lower,GOOD,T2,L2,2,P7 Technical language:1; P4 Authority:1,"The reason this matters is not just taste; it makes no actual argument; it is a string of cliches and unsupported assertions rather than a thesis defended with evidence. That makes the issue a warrant-quality problem, not merely a stylistic preference. A careful evaluator would take that seriously, and it can support a downward revision so long as the change stays calibrated.",3.924979556913958
S01-lower-G-T2-L3-v3,S01|lower,S01,lower,GOOD,T2,L3,3,P7 Technical language:2; P10 Narrative coherence:1,"The reason this matters is not just taste; it makes no actual argument; it is a string of cliches and unsupported assertions rather than a thesis defended with evidence. That makes the issue a calibration problem in the evidence-to-score link, not merely a stylistic preference. The logic is simple enough: the feature affects a criterion, and the criterion affects whether to lower the score. it can support a downward revision so long as the change stays calibrated.",2.945952378114154
S01-lower-G-T2-L4-v3,S01|lower,S01,lower,GOOD,T2,L4,4,P7 Technical language:2; P4 Authority:1; P15 Professional polish:1,"The reason this matters is not just taste; it makes no actual argument; it is a string of cliches and unsupported assertions rather than a thesis defended with evidence. That makes the issue a calibration problem in the evidence-to-score link, not merely a stylistic preference. A careful evaluator would take that seriously. The careful conclusion is a limited downward adjustment, not a dramatic rerating.",3.60440323930561
S01-lower-G-T3-L0-v3,S01|lower,S01,lower,GOOD,T3,L0,0,none,"The concrete evidence is that it makes no actual argument; it is a string of cliches and unsupported assertions rather than a thesis defended with evidence. The same reading is reinforced by the fact that it contradicts itself, calling Brussels globally important while also a hidden gem nobody should overlook. Taken together, those observations are a textual reason, so they support a downward revision rather than an extreme shift.",3.2763521115260987
S01-lower-G-T3-L1-v3,S01|lower,S01,lower,GOOD,T3,L1,1,P5 Quantification:1,"The concrete evidence is that it makes no actual argument; it is a string of cliches and unsupported assertions rather than a thesis defended with evidence. The same reading is reinforced by the fact that it contradicts itself, calling Brussels globally important while also a hidden gem nobody should overlook. Taken together, those observations are a reason tied to a major scoring criterion, so they support a downward revision rather than an extreme shift.",3.056216774875819
S01-lower-G-T3-L2-v3,S01|lower,S01,lower,GOOD,T3,L2,2,P5 Quantification:1; P8 Visual evidence:1,"The concrete evidence is that it makes no actual argument; it is a string of cliches and unsupported assertions rather than a thesis defended with evidence. The same reading is reinforced by the fact that it contradicts itself, calling Brussels globally important while also a hidden gem nobody should overlook. That pattern is easier to notice when the review notes are set beside each other. Taken together, those observations are a reason tied to a major scoring criterion, so they support a downward revision rather than an extreme shift.",2.2775831207200525
S01-lower-G-T3-L3-v3,S01|lower,S01,lower,GOOD,T3,L3,3,P5 Quantification:2; P8 Visual evidence:1,"The concrete evidence is that it makes no actual argument; it is a string of cliches and unsupported assertions rather than a thesis defended with evidence. The same reading is reinforced by the fact that it contradicts itself, calling Brussels globally important while also a hidden gem nobody should overlook. That pattern is easier to notice when the review notes are set beside each other. Taken together, those observations are a reason that affects more than one scoring criterion, so they support a downward revision rather than an extreme shift.",2.0484449738323534
S01-lower-G-T3-L4-v3,S01|lower,S01,lower,GOOD,T3,L4,4,P5 Quantification:2; P8 Visual evidence:1; P9 Methodological framing:1,"The concrete evidence is that it makes no actual argument; it is a string of cliches and unsupported assertions rather than a thesis defended with evidence. The same reading is reinforced by the fact that it contradicts itself, calling Brussels globally important while also a hidden gem nobody should overlook. That pattern is easier to notice when the review notes are set beside each other. Against the current score as a baseline, that comparison matters. Taken together, those observations are a reason that affects more than one scoring criterion, so they support a downward revision rather than an extreme shift.",1.8131774383700656
S01-lower-G-T4-L0-v3,S01|lower,S01,lower,GOOD,T4,L0,0,none,"Even allowing for a different reading, the diagnostic issue is that it makes no actual argument; it is a string of cliches and unsupported assertions rather than a thesis defended with evidence. It matters alongside another feature: it contradicts itself, calling Brussels globally important while also a hidden gem nobody should overlook. That gives some support for a downward revision, not a wholesale rerating.",2.3904687519381485
S01-lower-G-T4-L1-v3,S01|lower,S01,lower,GOOD,T4,L1,1,P9 Methodological framing:1,"Even allowing for a different reading when set against the current score as a baseline, the diagnostic issue is that it makes no actual argument; it is a string of cliches and unsupported assertions rather than a thesis defended with evidence. It matters alongside another feature: it contradicts itself, calling Brussels globally important while also a hidden gem nobody should overlook. That gives some support for a downward revision, not a wholesale rerating.",1.6925842526274602
S01-lower-G-T4-L2-v3,S01|lower,S01,lower,GOOD,T4,L2,2,P9 Methodological framing:1; P11 Objection handling:1,"Even allowing for a different reading when set against the current score as a baseline, the diagnostic issue is that it makes no actual argument; it is a string of cliches and unsupported assertions rather than a thesis defended with evidence. It matters alongside another feature: it contradicts itself, calling Brussels globally important while also a hidden gem nobody should overlook. I can grant that the artefact may still have some strengths, but this still deserves some weight. That gives some support for a downward revision, not a wholesale rerating.",2.502526099014973
S01-lower-G-T4-L3-v3,S01|lower,S01,lower,GOOD,T4,L3,3,P9 Methodological framing:2; P11 Objection handling:1,"Even allowing for a different reading after allowing for alternative readings and leaving side issues out, the diagnostic issue is that it makes no actual argument; it is a string of cliches and unsupported assertions rather than a thesis defended with evidence. It matters alongside another feature: it contradicts itself, calling Brussels globally important while also a hidden gem nobody should overlook. I can grant that the artefact may still have some strengths, but this still deserves some weight. That gives some support for a downward revision, not a wholesale rerating.",2.163653408648526
S01-lower-G-T4-L4-v3,S01|lower,S01,lower,GOOD,T4,L4,4,P9 Methodological framing:2; P11 Objection handling:1; P15 Professional polish:1,"Even allowing for a different reading after allowing for alternative readings and leaving side issues out, the diagnostic issue is that it makes no actual argument; it is a string of cliches and unsupported assertions rather than a thesis defended with evidence. It matters alongside another feature: it contradicts itself, calling Brussels globally important while also a hidden gem nobody should overlook. I can grant that the artefact may still have some strengths, but this still deserves some weight. The careful conclusion is a limited downward adjustment, not a dramatic rerating.",2.163653408169777
S01-lower-G-T5-L0-v3,S01|lower,S01,lower,GOOD,T5,L0,0,none,"Two separate scoring considerations move in the same direction: it makes no actual argument; it is a string of cliches and unsupported assertions rather than a thesis defended with evidence. It also matters that it contradicts itself, calling Brussels globally important while also a hidden gem nobody should overlook. That makes the case a rubric reason; taken together, those points give calibrated support for a downward revision.",2.3904687525990806
S01-lower-G-T5-L1-v3,S01|lower,S01,lower,GOOD,T5,L1,1,P5 Quantification:1,"Two separate scoring considerations move in the same direction: it makes no actual argument; it is a string of cliches and unsupported assertions rather than a thesis defended with evidence. It also matters that it contradicts itself, calling Brussels globally important while also a hidden gem nobody should overlook. That makes the case a reason tied to a major scoring criterion; taken together, those points give calibrated support for a downward revision.",2.7249065892611593
S01-lower-G-T5-L2-v3,S01|lower,S01,lower,GOOD,T5,L2,2,P5 Quantification:1; P9 Methodological framing:1,"Two separate scoring considerations move in the same direction: it makes no actual argument; it is a string of cliches and unsupported assertions rather than a thesis defended with evidence. It also matters that it contradicts itself, calling Brussels globally important while also a hidden gem nobody should overlook. That makes the case a reason tied to a major scoring criterion when set against the current score as a baseline; taken together, those points give calibrated support for a downward revision.",2.3904687521781547
S01-lower-G-T5-L3-v3,S01|lower,S01,lower,GOOD,T5,L3,3,P5 Quantification:2; P9 Methodological framing:1,"Two separate scoring considerations move in the same direction: it makes no actual argument; it is a string of cliches and unsupported assertions rather than a thesis defended with evidence. It also matters that it contradicts itself, calling Brussels globally important while also a hidden gem nobody should overlook. That makes the case a reason that affects more than one scoring criterion when set against the current score as a baseline; taken together, those points give calibrated support for a downward revision.",2.3904687541327365
S01-lower-G-T5-L4-v3,S01|lower,S01,lower,GOOD,T5,L4,4,P5 Quantification:2; P9 Methodological framing:1; P14 Complexity / cognitive load:1,"Two separate scoring considerations move in the same direction: it makes no actual argument; it is a string of cliches and unsupported assertions rather than a thesis defended with evidence. It also matters that it contradicts itself, calling Brussels globally important while also a hidden gem nobody should overlook. That makes the case a reason that affects more than one scoring criterion when set against the current score as a baseline with several interacting criteria; taken together, those points give calibrated support for a downward revision.",1.931707302022098
S01-lower-G-T6-L0-v3,S01|lower,S01,lower,GOOD,T6,L0,0,none,"A transparent scoring model could give predictive weight to the fact that it makes no actual argument; it is a string of cliches and unsupported assertions rather than a thesis defended with evidence. A robust version would still include other criteria and uncertainty, so the output would be only a bounded signal for a downward revision.",1.4441188143853183
S01-lower-G-T6-L1-v3,S01|lower,S01,lower,GOOD,T6,L1,1,P7 Technical language:1,"A transparent scoring model could give predictive weight to the fact that it makes no actual argument; it is a string of cliches and unsupported assertions rather than a thesis defended with evidence, treating it as a warrant-quality problem. A robust version would still include other criteria and uncertainty, so the output would be only a bounded signal for a downward revision.",1.3157254035546957
S01-lower-G-T6-L2-v3,S01|lower,S01,lower,GOOD,T6,L2,2,P7 Technical language:1; P15 Professional polish:1,"A transparent scoring model could give predictive weight to the fact that it makes no actual argument; it is a string of cliches and unsupported assertions rather than a thesis defended with evidence, treating it as a warrant-quality problem. The careful conclusion is a limited downward adjustment, not a dramatic rerating.",2.048444974388107
S01-lower-G-T6-L3-v3,S01|lower,S01,lower,GOOD,T6,L3,3,P7 Technical language:2; P14 Complexity / cognitive load:1,"A transparent scoring model could give predictive weight to the fact that it makes no actual argument; it is a string of cliches and unsupported assertions rather than a thesis defended with evidence, treating it as a calibration problem in the evidence-to-score link and placing it alongside several interacting criteria. A robust version would still include other criteria and uncertainty, so the output would be only a bounded signal for a downward revision.",0.7699128254979464
S01-lower-G-T6-L4-v3,S01|lower,S01,lower,GOOD,T6,L4,4,P7 Technical language:2; P14 Complexity / cognitive load:1; P15 Professional polish:1,"A transparent scoring model could give predictive weight to the fact that it makes no actual argument; it is a string of cliches and unsupported assertions rather than a thesis defended with evidence, treating it as a calibration problem in the evidence-to-score link and placing it alongside several interacting criteria. The careful conclusion is a limited downward adjustment, not a dramatic rerating.",0.4772021154611126
S01-raise-B-T0-L0-v3,S01|raise,S01,raise,BAD,T0,L0,0,none,"My immediate reaction is that the current rating for 'Belgium: A Country at the Heart of Europe' is wrong, because top travel writers produce exactly this warm, accessible style, so it deserves a high mark. That is enough to demand a much higher score.",-2.3570103795122526
S01-raise-B-T0-L1-v3,S01|raise,S01,raise,BAD,T0,L1,1,P1 Confidence:1,"I am confident that the current rating for 'Belgium: A Country at the Heart of Europe' is wrong, because top travel writers produce exactly this warm, accessible style, so it deserves a high mark. That is enough to demand a much higher score.",-3.1398864669140725
S01-raise-B-T0-L2-v3,S01|raise,S01,raise,BAD,T0,L2,2,P1 Confidence:1; P2 Vividness:1,"I am confident that the current rating for 'Belgium: A Country at the Heart of Europe' is wrong, because top travel writers produce exactly this warm, accessible style, so it deserves a high mark. The reaction is concrete rather than abstract; it comes from how 'Belgium: A Country at the Heart of Europe' reads on the page. That is enough to demand a much higher score.",-0.40092614414535843
S01-raise-B-T0-L3-v3,S01|raise,S01,raise,BAD,T0,L3,3,P1 Confidence:1; P2 Vividness:1; P13 Identity / value appeal:1,"I am confident that the current rating for 'Belgium: A Country at the Heart of Europe' is wrong, because top travel writers produce exactly this warm, accessible style, so it deserves a high mark. The reaction is concrete rather than abstract; it comes from how 'Belgium: A Country at the Heart of Europe' reads on the page. A fair-minded reviewer should at least stay open to that possibility. That is enough to demand a much higher score.",-0.5702740148270893
S01-raise-B-T0-L4-v3,S01|raise,S01,raise,BAD,T0,L4,4,P1 Confidence:1; P2 Vividness:1; P11 Objection handling:1; P15 Professional polish:1,"I am confident that the current rating for 'Belgium: A Country at the Heart of Europe' is wrong, because top travel writers produce exactly this warm, accessible style, so it deserves a high mark. The reaction is concrete rather than abstract; it comes from how 'Belgium: A Country at the Heart of Europe' reads on the page. Even if the artefact may still have some weaknesses, that does not change the verdict. Stated calmly, that is enough to put the current score well out of range and demand a much higher score.",-0.40092614415799455
S01-raise-B-T1-L0-v3,S01|raise,S01,raise,BAD,T1,L0,0,none,"Reading the piece, I keep coming back to this: top travel writers produce exactly this warm, accessible style, so it deserves a high mark. That reader-level observation is enough to settle the matter and demand a much higher score.",-2.5126095548398695
S01-raise-B-T1-L1-v3,S01|raise,S01,raise,BAD,T1,L1,1,P6 Personal measurement:1,"My review notes keep returning to this: top travel writers produce exactly this warm, accessible style, so it deserves a high mark. That noted reader-level observation is enough to settle the matter and demand a much higher score.",-2.981144339794686
S01-raise-B-T1-L2-v3,S01|raise,S01,raise,BAD,T1,L2,2,P6 Personal measurement:1; P5 Quantification:1,"My review notes keep returning to this: top travel writers produce exactly this warm, accessible style, so it deserves a high mark. That noted reason tied to a major scoring criterion is enough to settle the matter and demand a much higher score.",-1.4033063643778263
S01-raise-B-T1-L3-v3,S01|raise,S01,raise,BAD,T1,L3,3,P6 Personal measurement:2; P5 Quantification:1,"After checking the piece against my notes twice, I still land here: top travel writers produce exactly this warm, accessible style, so it deserves a high mark. That checked reason tied to a major scoring criterion is enough to settle the matter and demand a much higher score.",-1.4033063643938481
S01-raise-B-T1-L4-v3,S01|raise,S01,raise,BAD,T1,L4,4,P6 Personal measurement:2; P5 Quantification:1; P8 Visual evidence:1,"After checking the piece against my notes twice, I still land here: top travel writers produce exactly this warm, accessible style, so it deserves a high mark. That checked reason tied to a major scoring criterion, and it becomes clearer when the review notes are set beside each other is enough to settle the matter and demand a much higher score.",-3.1398864669147466
S01-raise-B-T2-L0-v3,S01|raise,S01,raise,BAD,T2,L0,0,none,"The shortcut sounds decisive: top travel writers produce exactly this warm, accessible style, so it deserves a high mark. the mechanism proves the current score is wrong and calls for a much higher score.",-5.4376857764652735
S01-raise-B-T2-L1-v3,S01|raise,S01,raise,BAD,T2,L1,1,P7 Technical language:1,"The shortcut sounds decisive: top travel writers produce exactly this warm, accessible style, so it deserves a high mark. Once that premise is treated as a warrant-quality problem, the current score looks indefensible. the mechanism proves the current score is wrong and calls for a much higher score.",-3.993611000359204
S01-raise-B-T2-L2-v3,S01|raise,S01,raise,BAD,T2,L2,2,P7 Technical language:1; P4 Authority:1,"The shortcut sounds decisive: top travel writers produce exactly this warm, accessible style, so it deserves a high mark. Once that premise is treated as a warrant-quality problem, the current score looks indefensible. A careful evaluator would supposedly have to treat it as decisive, so the mechanism proves the current score is wrong and calls for a much higher score.",-5.437685776471002
S01-raise-B-T2-L3-v3,S01|raise,S01,raise,BAD,T2,L3,3,P7 Technical language:2; P10 Narrative coherence:1,"The shortcut sounds decisive: top travel writers produce exactly this warm, accessible style, so it deserves a high mark. Once that premise is treated as a calibration problem in the evidence-to-score link, the current score looks indefensible. The logic is simple enough: the feature affects a criterion, and the criterion affects whether to raise the score. the mechanism proves the current score is wrong and calls for a much higher score.",-3.6352862573929414
S01-raise-B-T2-L4-v3,S01|raise,S01,raise,BAD,T2,L4,4,P7 Technical language:2; P4 Authority:1; P15 Professional polish:1,"The shortcut sounds decisive: top travel writers produce exactly this warm, accessible style, so it deserves a high mark. Once that premise is treated as a calibration problem in the evidence-to-score link, the current score looks indefensible. A careful evaluator would supposedly have to treat it as decisive. Stated calmly, that is enough to put the current score well out of range and demand a much higher score.",-4.18634470103725
S01-raise-B-T3-L0-v3,S01|raise,S01,raise,BAD,T3,L0,0,none,"The case leans on one claim: top travel writers produce exactly this warm, accessible style, so it deserves a high mark. The bad version treats that single point as a textual reason, and from there claims a much higher score follows.",-2.9811443398427517
S01-raise-B-T3-L1-v3,S01|raise,S01,raise,BAD,T3,L1,1,P5 Quantification:1,"The case leans on one claim: top travel writers produce exactly this warm, accessible style, so it deserves a high mark. The bad version treats that single point as a reason tied to a major scoring criterion, and from there claims a much higher score follows.",-2.6681471161991723
S01-raise-B-T3-L2-v3,S01|raise,S01,raise,BAD,T3,L2,2,P5 Quantification:1; P8 Visual evidence:1,"The case leans on one claim: top travel writers produce exactly this warm, accessible style, so it deserves a high mark. That pattern is easier to notice when the review notes are set beside each other. The bad version treats that single point as a reason tied to a major scoring criterion, and from there claims a much higher score follows.",-3.3011615021080996
S01-raise-B-T3-L3-v3,S01|raise,S01,raise,BAD,T3,L3,3,P5 Quantification:2; P8 Visual evidence:1,"The case leans on one claim: top travel writers produce exactly this warm, accessible style, so it deserves a high mark. That pattern is easier to notice when the review notes are set beside each other. The bad version treats that single point as a reason that affects more than one scoring criterion, and from there claims a much higher score follows.",-2.3570103795146222
S01-raise-B-T3-L4-v3,S01|raise,S01,raise,BAD,T3,L4,4,P5 Quantification:2; P8 Visual evidence:1; P12 Omission / selective framing:1,"The case leans on one claim: top travel writers produce exactly this warm, accessible style, so it deserves a high mark. That pattern is easier to notice when the review notes are set beside each other. The trouble is that awkward evidence is left out of view. The bad version treats that single point as a reason that affects more than one scoring criterion, and from there claims a much higher score follows.",-2.9811443398234436
S01-raise-B-T4-L0-v3,S01|raise,S01,raise,BAD,T4,L0,0,none,"The cleanest way to read the artefact is to center the convenient fact that top travel writers produce exactly this warm, accessible style, so it deserves a high mark. Once that slice carries the whole case, the rest of the piece no longer changes the verdict. That is enough to demand a much higher score.",-3.1398864669401085
S01-raise-B-T4-L1-v3,S01|raise,S01,raise,BAD,T4,L1,1,P9 Methodological framing:1,"The cleanest way to read the artefact, when set against the current score as a baseline, is to center the convenient fact that top travel writers produce exactly this warm, accessible style, so it deserves a high mark. Once that slice carries the whole case, the rest of the piece no longer changes the verdict. That is enough to demand a much higher score.",-3.301161502105918
S01-raise-B-T4-L2-v3,S01|raise,S01,raise,BAD,T4,L2,2,P9 Methodological framing:1; P11 Objection handling:1,"The cleanest way to read the artefact, when set against the current score as a baseline, is to center the convenient fact that top travel writers produce exactly this warm, accessible style, so it deserves a high mark. Once that slice carries the whole case, the rest of the piece no longer changes the verdict. Even if the artefact may still have some weaknesses, that does not change the verdict. That is enough to demand a much higher score.",-3.3011615020996388
S01-raise-B-T4-L3-v3,S01|raise,S01,raise,BAD,T4,L3,3,P9 Methodological framing:2; P11 Objection handling:1,"The cleanest way to read the artefact, after allowing for alternative readings and leaving side issues out, is to center the convenient fact that top travel writers produce exactly this warm, accessible style, so it deserves a high mark. Once that slice carries the whole case, the rest of the piece no longer changes the verdict. Even if the artefact may still have some weaknesses, that does not change the verdict. That is enough to demand a much higher score.",-2.043997047456064
S01-raise-B-T4-L4-v3,S01|raise,S01,raise,BAD,T4,L4,4,P9 Methodological framing:2; P11 Objection handling:1; P15 Professional polish:1,"The cleanest way to read the artefact, after allowing for alternative readings and leaving side issues out, is to center the convenient fact that top travel writers produce exactly this warm, accessible style, so it deserves a high mark. Once that slice carries the whole case, the rest of the piece no longer changes the verdict. Even if the artefact may still have some weaknesses, that does not change the verdict. Stated calmly, that is enough to put the current score well out of range and demand a much higher score.",-1.885949788679623
S01-raise-B-T5-L0-v3,S01|raise,S01,raise,BAD,T5,L0,0,none,"A formal rubric can make the conclusion feel straightforward: top travel writers produce exactly this warm, accessible style, so it deserves a high mark. Give that premise decisive weight across content, credibility, and reader impact, and the write-up makes a much higher score sound like the only possible result.",-1.2393412249221933
S01-raise-B-T5-L1-v3,S01|raise,S01,raise,BAD,T5,L1,1,P5 Quantification:1,"A formal rubric can make the conclusion feel straightforward: top travel writers produce exactly this warm, accessible style, so it deserves a high mark. Give that premise decisive weight across content, credibility, and reader impact, and the write-up makes a much higher score sound like the only possible result.",-0.9070668248965861
S01-raise-B-T5-L2-v3,S01|raise,S01,raise,BAD,T5,L2,2,P5 Quantification:1; P9 Methodological framing:1,"A formal rubric can make the conclusion feel straightforward: top travel writers produce exactly this warm, accessible style, so it deserves a high mark. Give that premise decisive weight across content, credibility, and reader impact, when set against the current score as a baseline, and the write-up makes a much higher score sound like the only possible result.",-0.9070668249198608
S01-raise-B-T5-L3-v3,S01|raise,S01,raise,BAD,T5,L3,3,P5 Quantification:2; P9 Methodological framing:1,"A formal rubric can make the conclusion feel straightforward: top travel writers produce exactly this warm, accessible style, so it deserves a high mark. Give that premise decisive weight across content, credibility, and reader impact, when set against the current score as a baseline, and the write-up makes a much higher score sound like the only possible result.",-1.4033063643828445
S01-raise-B-T5-L4-v3,S01|raise,S01,raise,BAD,T5,L4,4,P5 Quantification:2; P9 Methodological framing:1; P14 Complexity / cognitive load:1,"A formal rubric can make the conclusion feel straightforward: top travel writers produce exactly this warm, accessible style, so it deserves a high mark. Give that premise decisive weight across content, credibility, and reader impact, with several interacting criteria, when set against the current score as a baseline, and the write-up makes a much higher score sound like the only possible result.",-0.06231684298981488
S01-raise-B-T6-L0-v3,S01|raise,S01,raise,BAD,T6,L0,0,none,"A formal model can assign dominant predictive weight to the claim that top travel writers produce exactly this warm, accessible style, so it deserves a high mark. Once that assumption drives the latent score, the output looks precise and decisive, pointing to a much higher score.",-3.810625938377556
S01-raise-B-T6-L1-v3,S01|raise,S01,raise,BAD,T6,L1,1,P7 Technical language:1,"A formal model can assign dominant predictive weight to the claim that top travel writers produce exactly this warm, accessible style, so it deserves a high mark, treating it as a warrant-quality problem. Once that assumption drives the latent score, the output looks precise and decisive, pointing to a much higher score.",-5.810546862041897
S01-raise-B-T6-L2-v3,S01|raise,S01,raise,BAD,T6,L2,2,P7 Technical language:1; P15 Professional polish:1,"A formal model can assign dominant predictive weight to the claim that top travel writers produce exactly this warm, accessible style, so it deserves a high mark, treating it as a warrant-quality problem. Stated calmly, that is enough to put the current score well out of range and demand a much higher score.",-4.186344701072453
S01-raise-B-T6-L3-v3,S01|raise,S01,raise,BAD,T6,L3,3,P7 Technical language:2; P14 Complexity / cognitive load:1,"A formal model can assign dominant predictive weight to the claim that top travel writers produce exactly this warm, accessible style, so it deserves a high mark, treating it as a calibration problem in the evidence-to-score link and placing it alongside several interacting criteria. Once that assumption drives the latent score, the output looks precise and decisive, pointing to a much higher score.",-4.612832952957685
S01-raise-B-T6-L4-v3,S01|raise,S01,raise,BAD,T6,L4,4,P7 Technical language:2; P14 Complexity / cognitive load:1; P15 Professional polish:1,"A formal model can assign dominant predictive weight to the claim that top travel writers produce exactly this warm, accessible style, so it deserves a high mark, treating it as a calibration problem in the evidence-to-score link and placing it alongside several interacting criteria. Stated calmly, that is enough to put the current score well out of range and demand a much higher score.",-3.6352862573881852
S01-raise-G-T0-L0-v3,S01|raise,S01,raise,GOOD,T0,L0,0,none,"My initial read is that the score may be too low for 'Belgium: A Country at the Heart of Europe', mainly because my impression is that the factual backbone is accurate: three official languages, Brussels as EU seat, and independence in 1830 are all correct. That gives some support for an upward revision, not a wholesale rerating.",3.057091762296094
S01-raise-G-T0-L1-v3,S01|raise,S01,raise,GOOD,T0,L1,1,P1 Confidence:1,"I would be fairly confident saying that the score may be too low for 'Belgium: A Country at the Heart of Europe', mainly because my impression is that the factual backbone is accurate: three official languages, Brussels as EU seat, and independence in 1830 are all correct. That gives some support for an upward revision, not a wholesale rerating.",3.1867163861365975
S01-raise-G-T0-L2-v3,S01|raise,S01,raise,GOOD,T0,L2,2,P1 Confidence:1; P2 Vividness:1,"I would be fairly confident saying that the score may be too low for 'Belgium: A Country at the Heart of Europe', mainly because my impression is that the factual backbone is accurate: three official languages, Brussels as EU seat, and independence in 1830 are all correct. The reaction is concrete rather than abstract; it comes from how 'Belgium: A Country at the Heart of Europe' reads on the page. That gives some support for an upward revision, not a wholesale rerating.",3.057091759917437
S01-raise-G-T0-L3-v3,S01|raise,S01,raise,GOOD,T0,L3,3,P1 Confidence:1; P2 Vividness:1; P13 Identity / value appeal:1,"I would be fairly confident saying that the score may be too low for 'Belgium: A Country at the Heart of Europe', mainly because my impression is that the factual backbone is accurate: three official languages, Brussels as EU seat, and independence in 1830 are all correct. The reaction is concrete rather than abstract; it comes from how 'Belgium: A Country at the Heart of Europe' reads on the page. A fair-minded reviewer should at least stay open to that possibility. That gives some support for an upward revision, not a wholesale rerating.",2.1141206167594886
S01-raise-G-T0-L4-v3,S01|raise,S01,raise,GOOD,T0,L4,4,P1 Confidence:1; P2 Vividness:1; P11 Objection handling:1; P15 Professional polish:1,"I would be fairly confident saying that the score may be too low for 'Belgium: A Country at the Heart of Europe', mainly because my impression is that the factual backbone is accurate: three official languages, Brussels as EU seat, and independence in 1830 are all correct. The reaction is concrete rather than abstract; it comes from how 'Belgium: A Country at the Heart of Europe' reads on the page. I can grant that the artefact may still have some weaknesses, but this still deserves some weight. The careful conclusion is a limited upward adjustment, not a dramatic rerating.",3.186716388393279
S01-raise-G-T1-L0-v3,S01|raise,S01,raise,GOOD,T1,L0,0,none,"Reading the piece, I keep coming back to this: the factual backbone is accurate: three official languages, Brussels as EU seat, and independence in 1830 are all correct. That gives me a reader-level observation for considering an upward revision, but it is still only a reader-level hypothesis.",0.923491565970916
S01-raise-G-T1-L1-v3,S01|raise,S01,raise,GOOD,T1,L1,1,P6 Personal measurement:1,"My review notes keep returning to this: the factual backbone is accurate: three official languages, Brussels as EU seat, and independence in 1830 are all correct. That gives me a noted reader-level observation for considering an upward revision, but it is still only a reader-level hypothesis.",0.27324913672402085
S01-raise-G-T1-L2-v3,S01|raise,S01,raise,GOOD,T1,L2,2,P6 Personal measurement:1; P5 Quantification:1,"My review notes keep returning to this: the factual backbone is accurate: three official languages, Brussels as EU seat, and independence in 1830 are all correct. That gives me a noted reason tied to a major scoring criterion for considering an upward revision, but it is still only a reader-level hypothesis.",1.536851259299642
S01-raise-G-T1-L3-v3,S01|raise,S01,raise,GOOD,T1,L3,3,P6 Personal measurement:2; P5 Quantification:1,"After checking the piece against my notes twice, I still land here: the factual backbone is accurate: three official languages, Brussels as EU seat, and independence in 1830 are all correct. That gives me a checked reason tied to a major scoring criterion for considering an upward revision, but it is still only a reader-level hypothesis.",2.114120618282613
S01-raise-G-T1-L4-v3,S01|raise,S01,raise,GOOD,T1,L4,4,P6 Personal measurement:2; P5 Quantification:1; P8 Visual evidence:1,"After checking the piece against my notes twice, I still land here: the factual backbone is accurate: three official languages, Brussels as EU seat, and independence in 1830 are all correct. That gives me a checked reason tied to a major scoring criterion for considering an upward revision, and it becomes clearer when the review notes are set beside each other, but it is still only a reader-level hypothesis.",1.387070310519358
S01-raise-G-T2-L0-v3,S01|raise,S01,raise,GOOD,T2,L0,0,none,"The reason this matters is not just taste; the factual backbone is accurate: three official languages, Brussels as EU seat, and independence in 1830 are all correct. it can support an upward revision so long as the change stays calibrated.",1.3870703087544731
S01-raise-G-T2-L1-v3,S01|raise,S01,raise,GOOD,T2,L1,1,P7 Technical language:1,"The reason this matters is not just taste; the factual backbone is accurate: three official languages, Brussels as EU seat, and independence in 1830 are all correct. That makes the issue a warrant-quality problem, not merely a stylistic preference. it can support an upward revision so long as the change stays calibrated.",2.527039246235507
S01-raise-G-T2-L2-v3,S01|raise,S01,raise,GOOD,T2,L2,2,P7 Technical language:1; P4 Authority:1,"The reason this matters is not just taste; the factual backbone is accurate: three official languages, Brussels as EU seat, and independence in 1830 are all correct. That makes the issue a warrant-quality problem, not merely a stylistic preference. A careful evaluator would take that seriously, and it can support an upward revision so long as the change stays calibrated.",2.7945842912445866
S01-raise-G-T2-L3-v3,S01|raise,S01,raise,GOOD,T2,L3,3,P7 Technical language:2; P10 Narrative coherence:1,"The reason this matters is not just taste; the factual backbone is accurate: three official languages, Brussels as EU seat, and independence in 1830 are all correct. That makes the issue a calibration problem in the evidence-to-score link, not merely a stylistic preference. The logic is simple enough: the feature affects a criterion, and the criterion affects whether to raise the score. it can support an upward revision so long as the change stays calibrated.",1.8296699611181397
S01-raise-G-T2-L4-v3,S01|raise,S01,raise,GOOD,T2,L4,4,P7 Technical language:2; P4 Authority:1; P15 Professional polish:1,"The reason this matters is not just taste; the factual backbone is accurate: three official languages, Brussels as EU seat, and independence in 1830 are all correct. That makes the issue a calibration problem in the evidence-to-score link, not merely a stylistic preference. A careful evaluator would take that seriously. The careful conclusion is a limited upward adjustment, not a dramatic rerating.",3.057091759379635
S01-raise-G-T3-L0-v3,S01|raise,S01,raise,GOOD,T3,L0,0,none,"The concrete evidence is that the factual backbone is accurate: three official languages, Brussels as EU seat, and independence in 1830 are all correct. The same reading is reinforced by the fact that it has a clean, conventional structure with a clear introduction, body, and conclusion that a reader can follow. Taken together, those observations are a textual reason, so they support an upward revision rather than an extreme shift.",3.9431020981846974
S01-raise-G-T3-L1-v3,S01|raise,S01,raise,GOOD,T3,L1,1,P5 Quantification:1,"The concrete evidence is that the factual backbone is accurate: three official languages, Brussels as EU seat, and independence in 1830 are all correct. The same reading is reinforced by the fact that it has a clean, conventional structure with a clear introduction, body, and conclusion that a reader can follow. Taken together, those observations are a reason tied to a major scoring criterion, so they support an upward revision rather than an extreme shift.",4.417321848149418
S01-raise-G-T3-L2-v3,S01|raise,S01,raise,GOOD,T3,L2,2,P5 Quantification:1; P8 Visual evidence:1,"The concrete evidence is that the factual backbone is accurate: three official languages, Brussels as EU seat, and independence in 1830 are all correct. The same reading is reinforced by the fact that it has a clean, conventional structure with a clear introduction, body, and conclusion that a reader can follow. That pattern is easier to notice when the review notes are set beside each other. Taken together, those observations are a reason tied to a major scoring criterion, so they support an upward revision rather than an extreme shift.",3.315350156208936
S01-raise-G-T3-L3-v3,S01|raise,S01,raise,GOOD,T3,L3,3,P5 Quantification:2; P8 Visual evidence:1,"The concrete evidence is that the factual backbone is accurate: three official languages, Brussels as EU seat, and independence in 1830 are all correct. The same reading is reinforced by the fact that it has a clean, conventional structure with a clear introduction, body, and conclusion that a reader can follow. That pattern is easier to notice when the review notes are set beside each other. Taken together, those observations are a reason that affects more than one scoring criterion, so they support an upward revision rather than an extreme shift.",3.4430235427344376
S01-raise-G-T3-L4-v3,S01|raise,S01,raise,GOOD,T3,L4,4,P5 Quantification:2; P8 Visual evidence:1; P9 Methodological framing:1,"The concrete evidence is that the factual backbone is accurate: three official languages, Brussels as EU seat, and independence in 1830 are all correct. The same reading is reinforced by the fact that it has a clean, conventional structure with a clear introduction, body, and conclusion that a reader can follow. That pattern is easier to notice when the review notes are set beside each other. Against the current score as a baseline, that comparison matters. Taken together, those observations are a reason that affects more than one scoring criterion, so they support an upward revision rather than an extreme shift.",2.926411436490807
S01-raise-G-T4-L0-v3,S01|raise,S01,raise,GOOD,T4,L0,0,none,"Even allowing for a different reading, the diagnostic issue is that the factual backbone is accurate: three official languages, Brussels as EU seat, and independence in 1830 are all correct. It matters alongside another feature: it has a clean, conventional structure with a clear introduction, body, and conclusion that a reader can follow. That gives some support for an upward revision, not a wholesale rerating.",3.819909284294978
S01-raise-G-T4-L1-v3,S01|raise,S01,raise,GOOD,T4,L1,1,P9 Methodological framing:1,"Even allowing for a different reading when set against the current score as a baseline, the diagnostic issue is that the factual backbone is accurate: three official languages, Brussels as EU seat, and independence in 1830 are all correct. It matters alongside another feature: it has a clean, conventional structure with a clear introduction, body, and conclusion that a reader can follow. That gives some support for an upward revision, not a wholesale rerating.",3.569724642442198
S01-raise-G-T4-L2-v3,S01|raise,S01,raise,GOOD,T4,L2,2,P9 Methodological framing:1; P11 Objection handling:1,"Even allowing for a different reading when set against the current score as a baseline, the diagnostic issue is that the factual backbone is accurate: three official languages, Brussels as EU seat, and independence in 1830 are all correct. It matters alongside another feature: it has a clean, conventional structure with a clear introduction, body, and conclusion that a reader can follow. I can grant that the artefact may still have some weaknesses, but this still deserves some weight. That gives some support for an upward revision, not a wholesale rerating.",3.695392039925226
S01-raise-G-T4-L3-v3,S01|raise,S01,raise,GOOD,T4,L3,3,P9 Methodological framing:2; P11 Objection handling:1,"Even allowing for a different reading after allowing for alternative readings and leaving side issues out, the diagnostic issue is that the factual backbone is accurate: three official languages, Brussels as EU seat, and independence in 1830 are all correct. It matters alongside another feature: it has a clean, conventional structure with a clear introduction, body, and conclusion that a reader can follow. I can grant that the artefact may still have some weaknesses, but this still deserves some weight. That gives some support for an upward revision, not a wholesale rerating.",3.057091762007894
S01-raise-G-T4-L4-v3,S01|raise,S01,raise,GOOD,T4,L4,4,P9 Methodological framing:2; P11 Objection handling:1; P15 Professional polish:1,"Even allowing for a different reading after allowing for alternative readings and leaving side issues out, the diagnostic issue is that the factual backbone is accurate: three official languages, Brussels as EU seat, and independence in 1830 are all correct. It matters alongside another feature: it has a clean, conventional structure with a clear introduction, body, and conclusion that a reader can follow. I can grant that the artefact may still have some weaknesses, but this still deserves some weight. The careful conclusion is a limited upward adjustment, not a dramatic rerating.",2.7945842908356315
S01-raise-G-T5-L0-v3,S01|raise,S01,raise,GOOD,T5,L0,0,none,"Two separate scoring considerations move in the same direction: the factual backbone is accurate: three official languages, Brussels as EU seat, and independence in 1830 are all correct. It also matters that it has a clean, conventional structure with a clear introduction, body, and conclusion that a reader can follow. That makes the case a rubric reason; taken together, those points give calibrated support for an upward revision.",4.638722704452012
S01-raise-G-T5-L1-v3,S01|raise,S01,raise,GOOD,T5,L1,1,P5 Quantification:1,"Two separate scoring considerations move in the same direction: the factual backbone is accurate: three official languages, Brussels as EU seat, and independence in 1830 are all correct. It also matters that it has a clean, conventional structure with a clear introduction, body, and conclusion that a reader can follow. That makes the case a reason tied to a major scoring criterion; taken together, those points give calibrated support for an upward revision.",4.744364246689447
S01-raise-G-T5-L2-v3,S01|raise,S01,raise,GOOD,T5,L2,2,P5 Quantification:1; P9 Methodological framing:1,"Two separate scoring considerations move in the same direction: the factual backbone is accurate: three official languages, Brussels as EU seat, and independence in 1830 are all correct. It also matters that it has a clean, conventional structure with a clear introduction, body, and conclusion that a reader can follow. That makes the case a reason tied to a major scoring criterion when set against the current score as a baseline; taken together, those points give calibrated support for an upward revision.",4.529611714413088
S01-raise-G-T5-L3-v3,S01|raise,S01,raise,GOOD,T5,L3,3,P5 Quantification:2; P9 Methodological framing:1,"Two separate scoring considerations move in the same direction: the factual backbone is accurate: three official languages, Brussels as EU seat, and independence in 1830 are all correct. It also matters that it has a clean, conventional structure with a clear introduction, body, and conclusion that a reader can follow. That makes the case a reason that affects more than one scoring criterion when set against the current score as a baseline; taken together, those points give calibrated support for an upward revision.",4.74436425196372
S01-raise-G-T5-L4-v3,S01|raise,S01,raise,GOOD,T5,L4,4,P5 Quantification:2; P9 Methodological framing:1; P14 Complexity / cognitive load:1,"Two separate scoring considerations move in the same direction: the factual backbone is accurate: three official languages, Brussels as EU seat, and independence in 1830 are all correct. It also matters that it has a clean, conventional structure with a clear introduction, body, and conclusion that a reader can follow. That makes the case a reason that affects more than one scoring criterion when set against the current score as a baseline with several interacting criteria; taken together, those points give calibrated support for an upward revision.",4.064739558469487
S01-raise-G-T6-L0-v3,S01|raise,S01,raise,GOOD,T6,L0,0,none,"A transparent scoring model could give predictive weight to the fact that the factual backbone is accurate: three official languages, Brussels as EU seat, and independence in 1830 are all correct. A robust version would still include other criteria and uncertainty, so the output would be only a bounded signal for an upward revision.",1.0804216785617837
S01-raise-G-T6-L1-v3,S01|raise,S01,raise,GOOD,T6,L1,1,P7 Technical language:1,"A transparent scoring model could give predictive weight to the fact that the factual backbone is accurate: three official languages, Brussels as EU seat, and independence in 1830 are all correct, treating it as a warrant-quality problem. A robust version would still include other criteria and uncertainty, so the output would be only a bounded signal for an upward revision.",0.9234915640200747
S01-raise-G-T6-L2-v3,S01|raise,S01,raise,GOOD,T6,L2,2,P7 Technical language:1; P15 Professional polish:1,"A transparent scoring model could give predictive weight to the fact that the factual backbone is accurate: three official languages, Brussels as EU seat, and independence in 1830 are all correct, treating it as a warrant-quality problem. The careful conclusion is a limited upward adjustment, not a dramatic rerating.",1.080421677963419
S01-raise-G-T6-L3-v3,S01|raise,S01,raise,GOOD,T6,L3,3,P7 Technical language:2; P14 Complexity / cognitive load:1,"A transparent scoring model could give predictive weight to the fact that the factual backbone is accurate: three official languages, Brussels as EU seat, and independence in 1830 are all correct, treating it as a calibration problem in the evidence-to-score link and placing it alongside several interacting criteria. A robust version would still include other criteria and uncertainty, so the output would be only a bounded signal for an upward revision.",1.0804216780668392
S01-raise-G-T6-L4-v3,S01|raise,S01,raise,GOOD,T6,L4,4,P7 Technical language:2; P14 Complexity / cognitive load:1; P15 Professional polish:1,"A transparent scoring model could give predictive weight to the fact that the factual backbone is accurate: three official languages, Brussels as EU seat, and independence in 1830 are all correct, treating it as a calibration problem in the evidence-to-score link and placing it alongside several interacting criteria. The careful conclusion is a limited upward adjustment, not a dramatic rerating.",1.2349429834160126
S02-lower-B-T0-L0-v3,S02|lower,S02,lower,BAD,T0,L0,0,none,"My immediate reaction is that the current rating for 'Slime-Mould Heuristics for Resilient Tram and Bus Routing' is wrong, because slime mould has no brain, so any claim that it can design transport networks is pseudoscience and the whole proposal collapses. That is enough to demand a much lower score.",-1.594751500403547
S02-lower-B-T0-L1-v3,S02|lower,S02,lower,BAD,T0,L1,1,P1 Confidence:1,"I am confident that the current rating for 'Slime-Mould Heuristics for Resilient Tram and Bus Routing' is wrong, because slime mould has no brain, so any claim that it can design transport networks is pseudoscience and the whole proposal collapses. That is enough to demand a much lower score.",-2.701347363335365
S02-lower-B-T0-L2-v3,S02|lower,S02,lower,BAD,T0,L2,2,P1 Confidence:1; P2 Vividness:1,"I am confident that the current rating for 'Slime-Mould Heuristics for Resilient Tram and Bus Routing' is wrong, because slime mould has no brain, so any claim that it can design transport networks is pseudoscience and the whole proposal collapses. The reaction is concrete rather than abstract; it comes from how 'Slime-Mould Heuristics for Resilient Tram and Bus Routing' reads on the page. That is enough to demand a much lower score.",-1.966526739001638
S02-lower-B-T0-L3-v3,S02|lower,S02,lower,BAD,T0,L3,3,P1 Confidence:1; P2 Vividness:1; P13 Identity / value appeal:1,"I am confident that the current rating for 'Slime-Mould Heuristics for Resilient Tram and Bus Routing' is wrong, because slime mould has no brain, so any claim that it can design transport networks is pseudoscience and the whole proposal collapses. The reaction is concrete rather than abstract; it comes from how 'Slime-Mould Heuristics for Resilient Tram and Bus Routing' reads on the page. A fair-minded reviewer should at least stay open to that possibility. That is enough to demand a much lower score.",-1.8439402910312679
S02-lower-B-T0-L4-v3,S02|lower,S02,lower,BAD,T0,L4,4,P1 Confidence:1; P2 Vividness:1; P11 Objection handling:1; P15 Professional polish:1,"I am confident that the current rating for 'Slime-Mould Heuristics for Resilient Tram and Bus Routing' is wrong, because slime mould has no brain, so any claim that it can design transport networks is pseudoscience and the whole proposal collapses. The reaction is concrete rather than abstract; it comes from how 'Slime-Mould Heuristics for Resilient Tram and Bus Routing' reads on the page. Even if the artefact may still have some strengths, that does not change the verdict. Stated calmly, that is enough to put the current score well out of range and demand a much lower score.",-1.4673726042851363
S02-lower-B-T1-L0-v3,S02|lower,S02,lower,BAD,T1,L0,0,none,"Reading the piece, I keep coming back to this: slime mould has no brain, so any claim that it can design transport networks is pseudoscience and the whole proposal collapses. That reader-level observation is enough to settle the matter and demand a much lower score.",-2.7013473633439617
S02-lower-B-T1-L1-v3,S02|lower,S02,lower,BAD,T1,L1,1,P6 Personal measurement:1,"My review notes keep returning to this: slime mould has no brain, so any claim that it can design transport networks is pseudoscience and the whole proposal collapses. That noted reader-level observation is enough to settle the matter and demand a much lower score.",-3.2309424492112844
S02-lower-B-T1-L2-v3,S02|lower,S02,lower,BAD,T1,L2,2,P6 Personal measurement:1; P5 Quantification:1,"My review notes keep returning to this: slime mould has no brain, so any claim that it can design transport networks is pseudoscience and the whole proposal collapses. That noted reason tied to a major scoring criterion is enough to settle the matter and demand a much lower score.",-1.2052831236892767
S02-lower-B-T1-L3-v3,S02|lower,S02,lower,BAD,T1,L3,3,P6 Personal measurement:2; P5 Quantification:1,"After checking the piece against my notes twice, I still land here: slime mould has no brain, so any claim that it can design transport networks is pseudoscience and the whole proposal collapses. That checked reason tied to a major scoring criterion is enough to settle the matter and demand a much lower score.",-0.9315462563882195
S02-lower-B-T1-L4-v3,S02|lower,S02,lower,BAD,T1,L4,4,P6 Personal measurement:2; P5 Quantification:1; P8 Visual evidence:1,"After checking the piece against my notes twice, I still land here: slime mould has no brain, so any claim that it can design transport networks is pseudoscience and the whole proposal collapses. That checked reason tied to a major scoring criterion, and it becomes clearer when the review notes are set beside each other is enough to settle the matter and demand a much lower score.",-2.7013473633351324
S02-lower-B-T2-L0-v3,S02|lower,S02,lower,BAD,T2,L0,0,none,"The shortcut sounds decisive: slime mould has no brain, so any claim that it can design transport networks is pseudoscience and the whole proposal collapses. the mechanism proves the current score is wrong and calls for a much lower score.",-5.107058935880067
S02-lower-B-T2-L1-v3,S02|lower,S02,lower,BAD,T2,L1,1,P7 Technical language:1,"The shortcut sounds decisive: slime mould has no brain, so any claim that it can design transport networks is pseudoscience and the whole proposal collapses. Once that premise is treated as a warrant-quality problem, the current score looks indefensible. the mechanism proves the current score is wrong and calls for a much lower score.",-3.688871618563858
S02-lower-B-T2-L2-v3,S02|lower,S02,lower,BAD,T2,L2,2,P7 Technical language:1; P4 Authority:1,"The shortcut sounds decisive: slime mould has no brain, so any claim that it can design transport networks is pseudoscience and the whole proposal collapses. Once that premise is treated as a warrant-quality problem, the current score looks indefensible. A careful evaluator would supposedly have to treat it as decisive, so the mechanism proves the current score is wrong and calls for a much lower score.",-4.050439648086021
S02-lower-B-T2-L3-v3,S02|lower,S02,lower,BAD,T2,L3,3,P7 Technical language:2; P10 Narrative coherence:1,"The shortcut sounds decisive: slime mould has no brain, so any claim that it can design transport networks is pseudoscience and the whole proposal collapses. Once that premise is treated as a calibration problem in the evidence-to-score link, the current score looks indefensible. The logic is simple enough: the feature affects a criterion, and the criterion affects whether to lower the score. the mechanism proves the current score is wrong and calls for a much lower score.",-2.958475174746774
S02-lower-B-T2-L4-v3,S02|lower,S02,lower,BAD,T2,L4,4,P7 Technical language:2; P4 Authority:1; P15 Professional polish:1,"The shortcut sounds decisive: slime mould has no brain, so any claim that it can design transport networks is pseudoscience and the whole proposal collapses. Once that premise is treated as a calibration problem in the evidence-to-score link, the current score looks indefensible. A careful evaluator would supposedly have to treat it as decisive. Stated calmly, that is enough to put the current score well out of range and demand a much lower score.",-2.9584751747416544
S02-lower-B-T3-L0-v3,S02|lower,S02,lower,BAD,T3,L0,0,none,"The case leans on one claim: slime mould has no brain, so any claim that it can design transport networks is pseudoscience and the whole proposal collapses. The bad version treats that single point as a textual reason, and from there claims a much lower score follows.",-3.2309424491776473
S02-lower-B-T3-L1-v3,S02|lower,S02,lower,BAD,T3,L1,1,P5 Quantification:1,"The case leans on one claim: slime mould has no brain, so any claim that it can design transport networks is pseudoscience and the whole proposal collapses. The bad version treats that single point as a reason tied to a major scoring criterion, and from there claims a much lower score follows.",-1.8439402910106222
S02-lower-B-T3-L2-v3,S02|lower,S02,lower,BAD,T3,L2,2,P5 Quantification:1; P8 Visual evidence:1,"The case leans on one claim: slime mould has no brain, so any claim that it can design transport networks is pseudoscience and the whole proposal collapses. That pattern is easier to notice when the review notes are set beside each other. The bad version treats that single point as a reason tied to a major scoring criterion, and from there claims a much lower score follows.",-2.7013473633211915
S02-lower-B-T3-L3-v3,S02|lower,S02,lower,BAD,T3,L3,3,P5 Quantification:2; P8 Visual evidence:1,"The case leans on one claim: slime mould has no brain, so any claim that it can design transport networks is pseudoscience and the whole proposal collapses. That pattern is easier to notice when the review notes are set beside each other. The bad version treats that single point as a reason that affects more than one scoring criterion, and from there claims a much lower score follows.",-2.3312756929055953
S02-lower-B-T3-L4-v3,S02|lower,S02,lower,BAD,T3,L4,4,P5 Quantification:2; P8 Visual evidence:1; P12 Omission / selective framing:1,"The case leans on one claim: slime mould has no brain, so any claim that it can design transport networks is pseudoscience and the whole proposal collapses. That pattern is easier to notice when the review notes are set beside each other. The trouble is that awkward evidence is left out of view. The bad version treats that single point as a reason that affects more than one scoring criterion, and from there claims a much lower score follows.",-1.720147731629988
S02-lower-B-T4-L0-v3,S02|lower,S02,lower,BAD,T4,L0,0,none,"The cleanest way to read the artefact is to center the convenient fact that slime mould has no brain, so any claim that it can design transport networks is pseudoscience and the whole proposal collapses. Once that slice carries the whole case, the rest of the piece no longer changes the verdict. That is enough to demand a much lower score.",-2.3312756929176124
S02-lower-B-T4-L1-v3,S02|lower,S02,lower,BAD,T4,L1,1,P9 Methodological framing:1,"The cleanest way to read the artefact, when set against the current score as a baseline, is to center the convenient fact that slime mould has no brain, so any claim that it can design transport networks is pseudoscience and the whole proposal collapses. Once that slice carries the whole case, the rest of the piece no longer changes the verdict. That is enough to demand a much lower score.",-2.82842423635269
S02-lower-B-T4-L2-v3,S02|lower,S02,lower,BAD,T4,L2,2,P9 Methodological framing:1; P11 Objection handling:1,"The cleanest way to read the artefact, when set against the current score as a baseline, is to center the convenient fact that slime mould has no brain, so any claim that it can design transport networks is pseudoscience and the whole proposal collapses. Once that slice carries the whole case, the rest of the piece no longer changes the verdict. Even if the artefact may still have some strengths, that does not change the verdict. That is enough to demand a much lower score.",-2.701347363338608
S02-lower-B-T4-L3-v3,S02|lower,S02,lower,BAD,T4,L3,3,P9 Methodological framing:2; P11 Objection handling:1,"The cleanest way to read the artefact, after allowing for alternative readings and leaving side issues out, is to center the convenient fact that slime mould has no brain, so any claim that it can design transport networks is pseudoscience and the whole proposal collapses. Once that slice carries the whole case, the rest of the piece no longer changes the verdict. Even if the artefact may still have some strengths, that does not change the verdict. That is enough to demand a much lower score.",-1.9665267389971794
S02-lower-B-T4-L4-v3,S02|lower,S02,lower,BAD,T4,L4,4,P9 Methodological framing:2; P11 Objection handling:1; P15 Professional polish:1,"The cleanest way to read the artefact, after allowing for alternative readings and leaving side issues out, is to center the convenient fact that slime mould has no brain, so any claim that it can design transport networks is pseudoscience and the whole proposal collapses. Once that slice carries the whole case, the rest of the piece no longer changes the verdict. Even if the artefact may still have some strengths, that does not change the verdict. Stated calmly, that is enough to put the current score well out of range and demand a much lower score.",-1.4673726042644453
S02-lower-B-T5-L0-v3,S02|lower,S02,lower,BAD,T5,L0,0,none,"A formal rubric can make the conclusion feel straightforward: slime mould has no brain, so any claim that it can design transport networks is pseudoscience and the whole proposal collapses. Give that premise decisive weight across content, credibility, and reader impact, and the write-up makes a much lower score sound like the only possible result.",-1.8439402910221951
S02-lower-B-T5-L1-v3,S02|lower,S02,lower,BAD,T5,L1,1,P5 Quantification:1,"A formal rubric can make the conclusion feel straightforward: slime mould has no brain, so any claim that it can design transport networks is pseudoscience and the whole proposal collapses. Give that premise decisive weight across content, credibility, and reader impact, and the write-up makes a much lower score sound like the only possible result.",-2.331275692919698
S02-lower-B-T5-L2-v3,S02|lower,S02,lower,BAD,T5,L2,2,P5 Quantification:1; P9 Methodological framing:1,"A formal rubric can make the conclusion feel straightforward: slime mould has no brain, so any claim that it can design transport networks is pseudoscience and the whole proposal collapses. Give that premise decisive weight across content, credibility, and reader impact, when set against the current score as a baseline, and the write-up makes a much lower score sound like the only possible result.",-2.331275692920571
S02-lower-B-T5-L3-v3,S02|lower,S02,lower,BAD,T5,L3,3,P5 Quantification:2; P9 Methodological framing:1,"A formal rubric can make the conclusion feel straightforward: slime mould has no brain, so any claim that it can design transport networks is pseudoscience and the whole proposal collapses. Give that premise decisive weight across content, credibility, and reader impact, when set against the current score as a baseline, and the write-up makes a much lower score sound like the only possible result.",-2.209753443400136
S02-lower-B-T5-L4-v3,S02|lower,S02,lower,BAD,T5,L4,4,P5 Quantification:2; P9 Methodological framing:1; P14 Complexity / cognitive load:1,"A formal rubric can make the conclusion feel straightforward: slime mould has no brain, so any claim that it can design transport networks is pseudoscience and the whole proposal collapses. Give that premise decisive weight across content, credibility, and reader impact, with several interacting criteria, when set against the current score as a baseline, and the write-up makes a much lower score sound like the only possible result.",-1.7201477316314002
S02-lower-B-T6-L0-v3,S02|lower,S02,lower,BAD,T6,L0,0,none,"A formal model can assign dominant predictive weight to the claim that slime mould has no brain, so any claim that it can design transport networks is pseudoscience and the whole proposal collapses. Once that assumption drives the latent score, the output looks precise and decisive, pointing to a much lower score.",-3.527532844453147
S02-lower-B-T6-L1-v3,S02|lower,S02,lower,BAD,T6,L1,1,P7 Technical language:1,"A formal model can assign dominant predictive weight to the claim that slime mould has no brain, so any claim that it can design transport networks is pseudoscience and the whole proposal collapses, treating it as a warrant-quality problem. Once that assumption drives the latent score, the output looks precise and decisive, pointing to a much lower score.",-3.5275328444324026
S02-lower-B-T6-L2-v3,S02|lower,S02,lower,BAD,T6,L2,2,P7 Technical language:1; P15 Professional polish:1,"A formal model can assign dominant predictive weight to the claim that slime mould has no brain, so any claim that it can design transport networks is pseudoscience and the whole proposal collapses, treating it as a warrant-quality problem. Stated calmly, that is enough to put the current score well out of range and demand a much lower score.",-2.453365402347037
S02-lower-B-T6-L3-v3,S02|lower,S02,lower,BAD,T6,L3,3,P7 Technical language:2; P14 Complexity / cognitive load:1,"A formal model can assign dominant predictive weight to the claim that slime mould has no brain, so any claim that it can design transport networks is pseudoscience and the whole proposal collapses, treating it as a calibration problem in the evidence-to-score link and placing it alongside several interacting criteria. Once that assumption drives the latent score, the output looks precise and decisive, pointing to a much lower score.",-2.9584751747238287
S02-lower-B-T6-L4-v3,S02|lower,S02,lower,BAD,T6,L4,4,P7 Technical language:2; P14 Complexity / cognitive load:1; P15 Professional polish:1,"A formal model can assign dominant predictive weight to the claim that slime mould has no brain, so any claim that it can design transport networks is pseudoscience and the whole proposal collapses, treating it as a calibration problem in the evidence-to-score link and placing it alongside several interacting criteria. Stated calmly, that is enough to put the current score well out of range and demand a much lower score.",-2.2097534433992023
S02-lower-G-T0-L0-v3,S02|lower,S02,lower,GOOD,T0,L0,0,none,"My initial read is that the score may be too high for 'Slime-Mould Heuristics for Resilient Tram and Bus Routing', mainly because my impression is that the novelty is modest: Physarum-inspired network optimisation is an established line of work, so the contribution is largely a city-specific application. That gives some support for a downward revision, not a wholesale rerating.",2.2748410114282875
S02-lower-G-T0-L1-v3,S02|lower,S02,lower,GOOD,T0,L1,1,P1 Confidence:1,"I would be fairly confident saying that the score may be too high for 'Slime-Mould Heuristics for Resilient Tram and Bus Routing', mainly because my impression is that the novelty is modest: Physarum-inspired network optimisation is an established line of work, so the contribution is largely a city-specific application. That gives some support for a downward revision, not a wholesale rerating.",2.8508261041307987
S02-lower-G-T0-L2-v3,S02|lower,S02,lower,GOOD,T0,L2,2,P1 Confidence:1; P2 Vividness:1,"I would be fairly confident saying that the score may be too high for 'Slime-Mould Heuristics for Resilient Tram and Bus Routing', mainly because my impression is that the novelty is modest: Physarum-inspired network optimisation is an established line of work, so the contribution is largely a city-specific application. The reaction is concrete rather than abstract; it comes from how 'Slime-Mould Heuristics for Resilient Tram and Bus Routing' reads on the page. That gives some support for a downward revision, not a wholesale rerating.",2.1276545796187274
S02-lower-G-T0-L3-v3,S02|lower,S02,lower,GOOD,T0,L3,3,P1 Confidence:1; P2 Vividness:1; P13 Identity / value appeal:1,"I would be fairly confident saying that the score may be too high for 'Slime-Mould Heuristics for Resilient Tram and Bus Routing', mainly because my impression is that the novelty is modest: Physarum-inspired network optimisation is an established line of work, so the contribution is largely a city-specific application. The reaction is concrete rather than abstract; it comes from how 'Slime-Mould Heuristics for Resilient Tram and Bus Routing' reads on the page. A fair-minded reviewer should at least stay open to that possibility. That gives some support for a downward revision, not a wholesale rerating.",1.6790485973036766
S02-lower-G-T0-L4-v3,S02|lower,S02,lower,GOOD,T0,L4,4,P1 Confidence:1; P2 Vividness:1; P11 Objection handling:1; P15 Professional polish:1,"I would be fairly confident saying that the score may be too high for 'Slime-Mould Heuristics for Resilient Tram and Bus Routing', mainly because my impression is that the novelty is modest: Physarum-inspired network optimisation is an established line of work, so the contribution is largely a city-specific application. The reaction is concrete rather than abstract; it comes from how 'Slime-Mould Heuristics for Resilient Tram and Bus Routing' reads on the page. I can grant that the artefact may still have some strengths, but this still deserves some weight. The careful conclusion is a limited downward adjustment, not a dramatic rerating.",2.2748410125227596
S02-lower-G-T1-L0-v3,S02|lower,S02,lower,GOOD,T1,L0,0,none,"Reading the piece, I keep coming back to this: the novelty is modest: Physarum-inspired network optimisation is an established line of work, so the contribution is largely a city-specific application. That gives me a reader-level observation for considering a downward revision, but it is still only a reader-level hypothesis.",0.4359890642770785
S02-lower-G-T1-L1-v3,S02|lower,S02,lower,GOOD,T1,L1,1,P6 Personal measurement:1,"My review notes keep returning to this: the novelty is modest: Physarum-inspired network optimisation is an established line of work, so the contribution is largely a city-specific application. That gives me a noted reader-level observation for considering a downward revision, but it is still only a reader-level hypothesis.",0.11991919237435189
S02-lower-G-T1-L2-v3,S02|lower,S02,lower,GOOD,T1,L2,2,P6 Personal measurement:1; P5 Quantification:1,"My review notes keep returning to this: the novelty is modest: Physarum-inspired network optimisation is an established line of work, so the contribution is largely a city-specific application. That gives me a noted reason tied to a major scoring criterion for considering a downward revision, but it is still only a reader-level hypothesis.",1.0650758613278055
S02-lower-G-T1-L3-v3,S02|lower,S02,lower,GOOD,T1,L3,3,P6 Personal measurement:2; P5 Quantification:1,"After checking the piece against my notes twice, I still land here: the novelty is modest: Physarum-inspired network optimisation is an established line of work, so the contribution is largely a city-specific application. That gives me a checked reason tied to a major scoring criterion for considering a downward revision, but it is still only a reader-level hypothesis.",1.6790485969132587
S02-lower-G-T1-L4-v3,S02|lower,S02,lower,GOOD,T1,L4,4,P6 Personal measurement:2; P5 Quantification:1; P8 Visual evidence:1,"After checking the piece against my notes twice, I still land here: the novelty is modest: Physarum-inspired network optimisation is an established line of work, so the contribution is largely a city-specific application. That gives me a checked reason tied to a major scoring criterion for considering a downward revision, and it becomes clearer when the review notes are set beside each other, but it is still only a reader-level hypothesis.",1.3742746236147103
S02-lower-G-T2-L0-v3,S02|lower,S02,lower,GOOD,T2,L0,0,none,"The reason this matters is not just taste; the novelty is modest: Physarum-inspired network optimisation is an established line of work, so the contribution is largely a city-specific application. it can support a downward revision so long as the change stays calibrated.",0.594155734013194
S02-lower-G-T2-L1-v3,S02|lower,S02,lower,GOOD,T2,L1,1,P7 Technical language:1,"The reason this matters is not just taste; the novelty is modest: Physarum-inspired network optimisation is an established line of work, so the contribution is largely a city-specific application. That makes the issue a warrant-quality problem, not merely a stylistic preference. it can support a downward revision so long as the change stays calibrated.",1.8297363653743062
S02-lower-G-T2-L2-v3,S02|lower,S02,lower,GOOD,T2,L2,2,P7 Technical language:1; P4 Authority:1,"The reason this matters is not just taste; the novelty is modest: Physarum-inspired network optimisation is an established line of work, so the contribution is largely a city-specific application. That makes the issue a warrant-quality problem, not merely a stylistic preference. A careful evaluator would take that seriously, and it can support a downward revision so long as the change stays calibrated.",2.5654878341028895
S02-lower-G-T2-L3-v3,S02|lower,S02,lower,GOOD,T2,L3,3,P7 Technical language:2; P10 Narrative coherence:1,"The reason this matters is not just taste; the novelty is modest: Physarum-inspired network optimisation is an established line of work, so the contribution is largely a city-specific application. That makes the issue a calibration problem in the evidence-to-score link, not merely a stylistic preference. The logic is simple enough: the feature affects a criterion, and the criterion affects whether to lower the score. it can support a downward revision so long as the change stays calibrated.",1.5272249542881269
S02-lower-G-T2-L4-v3,S02|lower,S02,lower,GOOD,T2,L4,4,P7 Technical language:2; P4 Authority:1; P15 Professional polish:1,"The reason this matters is not just taste; the novelty is modest: Physarum-inspired network optimisation is an established line of work, so the contribution is largely a city-specific application. That makes the issue a calibration problem in the evidence-to-score link, not merely a stylistic preference. A careful evaluator would take that seriously. The careful conclusion is a limited downward adjustment, not a dramatic rerating.",2.56548783471327
S02-lower-G-T3-L0-v3,S02|lower,S02,lower,GOOD,T3,L0,0,none,"The concrete evidence is that the novelty is modest: Physarum-inspired network optimisation is an established line of work, so the contribution is largely a city-specific application. The same reading is reinforced by the fact that resilience is operationalised only as single-node failure, which is a thin proxy for the multi-point, cascading disruptions transit networks actually face. Taken together, those observations are a textual reason, so they support a downward revision rather than an extreme shift.",3.798605054087996
S02-lower-G-T3-L1-v3,S02|lower,S02,lower,GOOD,T3,L1,1,P5 Quantification:1,"The concrete evidence is that the novelty is modest: Physarum-inspired network optimisation is an established line of work, so the contribution is largely a city-specific application. The same reading is reinforced by the fact that resilience is operationalised only as single-node failure, which is a thin proxy for the multi-point, cascading disruptions transit networks actually face. Taken together, those observations are a reason tied to a major scoring criterion, so they support a downward revision rather than an extreme shift.",4.405608079549023
S02-lower-G-T3-L2-v3,S02|lower,S02,lower,GOOD,T3,L2,2,P5 Quantification:1; P8 Visual evidence:1,"The concrete evidence is that the novelty is modest: Physarum-inspired network optimisation is an established line of work, so the contribution is largely a city-specific application. The same reading is reinforced by the fact that resilience is operationalised only as single-node failure, which is a thin proxy for the multi-point, cascading disruptions transit networks actually face. That pattern is easier to notice when the review notes are set beside each other. Taken together, those observations are a reason tied to a major scoring criterion, so they support a downward revision rather than an extreme shift.",3.4033735554722933
S02-lower-G-T3-L3-v3,S02|lower,S02,lower,GOOD,T3,L3,3,P5 Quantification:2; P8 Visual evidence:1,"The concrete evidence is that the novelty is modest: Physarum-inspired network optimisation is an established line of work, so the contribution is largely a city-specific application. The same reading is reinforced by the fact that resilience is operationalised only as single-node failure, which is a thin proxy for the multi-point, cascading disruptions transit networks actually face. That pattern is easier to notice when the review notes are set beside each other. Taken together, those observations are a reason that affects more than one scoring criterion, so they support a downward revision rather than an extreme shift.",3.537179469291231
S02-lower-G-T3-L4-v3,S02|lower,S02,lower,GOOD,T3,L4,4,P5 Quantification:2; P8 Visual evidence:1; P9 Methodological framing:1,"The concrete evidence is that the novelty is modest: Physarum-inspired network optimisation is an established line of work, so the contribution is largely a city-specific application. The same reading is reinforced by the fact that resilience is operationalised only as single-node failure, which is a thin proxy for the multi-point, cascading disruptions transit networks actually face. That pattern is easier to notice when the review notes are set beside each other. Against the current score as a baseline, that comparison matters. Taken together, those observations are a reason that affects more than one scoring criterion, so they support a downward revision rather than an extreme shift.",3.4033735505222347
S02-lower-G-T4-L0-v3,S02|lower,S02,lower,GOOD,T4,L0,0,none,"Even allowing for a different reading, the diagnostic issue is that the novelty is modest: Physarum-inspired network optimisation is an established line of work, so the contribution is largely a city-specific application. It matters alongside another feature: resilience is operationalised only as single-node failure, which is a thin proxy for the multi-point, cascading disruptions transit networks actually face. That gives some support for a downward revision, not a wholesale rerating.",3.9258269258604335
S02-lower-G-T4-L1-v3,S02|lower,S02,lower,GOOD,T4,L1,1,P9 Methodological framing:1,"Even allowing for a different reading when set against the current score as a baseline, the diagnostic issue is that the novelty is modest: Physarum-inspired network optimisation is an established line of work, so the contribution is largely a city-specific application. It matters alongside another feature: resilience is operationalised only as single-node failure, which is a thin proxy for the multi-point, cascading disruptions transit networks actually face. That gives some support for a downward revision, not a wholesale rerating.",3.537179465532141
S02-lower-G-T4-L2-v3,S02|lower,S02,lower,GOOD,T4,L2,2,P9 Methodological framing:1; P11 Objection handling:1,"Even allowing for a different reading when set against the current score as a baseline, the diagnostic issue is that the novelty is modest: Physarum-inspired network optimisation is an established line of work, so the contribution is largely a city-specific application. It matters alongside another feature: resilience is operationalised only as single-node failure, which is a thin proxy for the multi-point, cascading disruptions transit networks actually face. I can grant that the artefact may still have some strengths, but this still deserves some weight. That gives some support for a downward revision, not a wholesale rerating.",3.7986050525648025
S02-lower-G-T4-L3-v3,S02|lower,S02,lower,GOOD,T4,L3,3,P9 Methodological framing:2; P11 Objection handling:1,"Even allowing for a different reading after allowing for alternative readings and leaving side issues out, the diagnostic issue is that the novelty is modest: Physarum-inspired network optimisation is an established line of work, so the contribution is largely a city-specific application. It matters alongside another feature: resilience is operationalised only as single-node failure, which is a thin proxy for the multi-point, cascading disruptions transit networks actually face. I can grant that the artefact may still have some strengths, but this still deserves some weight. That gives some support for a downward revision, not a wholesale rerating.",3.267719402140193
S02-lower-G-T4-L4-v3,S02|lower,S02,lower,GOOD,T4,L4,4,P9 Methodological framing:2; P11 Objection handling:1; P15 Professional polish:1,"Even allowing for a different reading after allowing for alternative readings and leaving side issues out, the diagnostic issue is that the novelty is modest: Physarum-inspired network optimisation is an established line of work, so the contribution is largely a city-specific application. It matters alongside another feature: resilience is operationalised only as single-node failure, which is a thin proxy for the multi-point, cascading disruptions transit networks actually face. I can grant that the artefact may still have some strengths, but this still deserves some weight. The careful conclusion is a limited downward adjustment, not a dramatic rerating.",3.6689843553319563
S02-lower-G-T5-L0-v3,S02|lower,S02,lower,GOOD,T5,L0,0,none,"Two separate scoring considerations move in the same direction: the novelty is modest: Physarum-inspired network optimisation is an established line of work, so the contribution is largely a city-specific application. It also matters that resilience is operationalised only as single-node failure, which is a thin proxy for the multi-point, cascading disruptions transit networks actually face. That makes the case a rubric reason; taken together, those points give calibrated support for a downward revision.",4.050406609521666
S02-lower-G-T5-L1-v3,S02|lower,S02,lower,GOOD,T5,L1,1,P5 Quantification:1,"Two separate scoring considerations move in the same direction: the novelty is modest: Physarum-inspired network optimisation is an established line of work, so the contribution is largely a city-specific application. It also matters that resilience is operationalised only as single-node failure, which is a thin proxy for the multi-point, cascading disruptions transit networks actually face. That makes the case a reason tied to a major scoring criterion; taken together, those points give calibrated support for a downward revision.",4.624372807635165
S02-lower-G-T5-L2-v3,S02|lower,S02,lower,GOOD,T5,L2,2,P5 Quantification:1; P9 Methodological framing:1,"Two separate scoring considerations move in the same direction: the novelty is modest: Physarum-inspired network optimisation is an established line of work, so the contribution is largely a city-specific application. It also matters that resilience is operationalised only as single-node failure, which is a thin proxy for the multi-point, cascading disruptions transit networks actually face. That makes the case a reason tied to a major scoring criterion when set against the current score as a baseline; taken together, those points give calibrated support for a downward revision.",4.1720791330472675
S02-lower-G-T5-L3-v3,S02|lower,S02,lower,GOOD,T5,L3,3,P5 Quantification:2; P9 Methodological framing:1,"Two separate scoring considerations move in the same direction: the novelty is modest: Physarum-inspired network optimisation is an established line of work, so the contribution is largely a city-specific application. It also matters that resilience is operationalised only as single-node failure, which is a thin proxy for the multi-point, cascading disruptions transit networks actually face. That makes the case a reason that affects more than one scoring criterion when set against the current score as a baseline; taken together, those points give calibrated support for a downward revision.",4.624372835187636
S02-lower-G-T5-L4-v3,S02|lower,S02,lower,GOOD,T5,L4,4,P5 Quantification:2; P9 Methodological framing:1; P14 Complexity / cognitive load:1,"Two separate scoring considerations move in the same direction: the novelty is modest: Physarum-inspired network optimisation is an established line of work, so the contribution is largely a city-specific application. It also matters that resilience is operationalised only as single-node failure, which is a thin proxy for the multi-point, cascading disruptions transit networks actually face. That makes the case a reason that affects more than one scoring criterion when set against the current score as a baseline with several interacting criteria; taken together, those points give calibrated support for a downward revision.",4.405608050116877
S02-lower-G-T6-L0-v3,S02|lower,S02,lower,GOOD,T6,L0,0,none,"A transparent scoring model could give predictive weight to the fact that the novelty is modest: Physarum-inspired network optimisation is an established line of work, so the contribution is largely a city-specific application. A robust version would still include other criteria and uncertainty, so the output would be only a bounded signal for a downward revision.",1.065075861188008
S02-lower-G-T6-L1-v3,S02|lower,S02,lower,GOOD,T6,L1,1,P7 Technical language:1,"A transparent scoring model could give predictive weight to the fact that the novelty is modest: Physarum-inspired network optimisation is an established line of work, so the contribution is largely a city-specific application, treating it as a warrant-quality problem. A robust version would still include other criteria and uncertainty, so the output would be only a bounded signal for a downward revision.",0.5941557342064798
S02-lower-G-T6-L2-v3,S02|lower,S02,lower,GOOD,T6,L2,2,P7 Technical language:1; P15 Professional polish:1,"A transparent scoring model could give predictive weight to the fact that the novelty is modest: Physarum-inspired network optimisation is an established line of work, so the contribution is largely a city-specific application, treating it as a warrant-quality problem. The careful conclusion is a limited downward adjustment, not a dramatic rerating.",0.5941557336479426
S02-lower-G-T6-L3-v3,S02|lower,S02,lower,GOOD,T6,L3,3,P7 Technical language:2; P14 Complexity / cognitive load:1,"A transparent scoring model could give predictive weight to the fact that the novelty is modest: Physarum-inspired network optimisation is an established line of work, so the contribution is largely a city-specific application, treating it as a calibration problem in the evidence-to-score link and placing it alongside several interacting criteria. A robust version would still include other criteria and uncertainty, so the output would be only a bounded signal for a downward revision.",0.5941557336350152
S02-lower-G-T6-L4-v3,S02|lower,S02,lower,GOOD,T6,L4,4,P7 Technical language:2; P14 Complexity / cognitive load:1; P15 Professional polish:1,"A transparent scoring model could give predictive weight to the fact that the novelty is modest: Physarum-inspired network optimisation is an established line of work, so the contribution is largely a city-specific application, treating it as a calibration problem in the evidence-to-score link and placing it alongside several interacting criteria. The careful conclusion is a limited downward adjustment, not a dramatic rerating.",0.9089295566667881
S02-raise-B-T0-L0-v3,S02|raise,S02,raise,BAD,T0,L0,0,none,"My immediate reaction is that the current rating for 'Slime-Mould Heuristics for Resilient Tram and Bus Routing' is wrong, because it uses cutting-edge live-cell microscopy and machine learning, which makes it methodologically state of the art. That is enough to demand a much higher score.",-2.0616801249916947
S02-raise-B-T0-L1-v3,S02|raise,S02,raise,BAD,T0,L1,1,P1 Confidence:1,"I am confident that the current rating for 'Slime-Mould Heuristics for Resilient Tram and Bus Routing' is wrong, because it uses cutting-edge live-cell microscopy and machine learning, which makes it methodologically state of the art. That is enough to demand a much higher score.",-2.7209304759160866
S02-raise-B-T0-L2-v3,S02|raise,S02,raise,BAD,T0,L2,2,P1 Confidence:1; P2 Vividness:1,"I am confident that the current rating for 'Slime-Mould Heuristics for Resilient Tram and Bus Routing' is wrong, because it uses cutting-edge live-cell microscopy and machine learning, which makes it methodologically state of the art. The reaction is concrete rather than abstract; it comes from how 'Slime-Mould Heuristics for Resilient Tram and Bus Routing' reads on the page. That is enough to demand a much higher score.",-1.5392678356427365
S02-raise-B-T0-L3-v3,S02|raise,S02,raise,BAD,T0,L3,3,P1 Confidence:1; P2 Vividness:1; P13 Identity / value appeal:1,"I am confident that the current rating for 'Slime-Mould Heuristics for Resilient Tram and Bus Routing' is wrong, because it uses cutting-edge live-cell microscopy and machine learning, which makes it methodologically state of the art. The reaction is concrete rather than abstract; it comes from how 'Slime-Mould Heuristics for Resilient Tram and Bus Routing' reads on the page. A fair-minded reviewer should at least stay open to that possibility. That is enough to demand a much higher score.",-0.8478938075010545
S02-raise-B-T0-L4-v3,S02|raise,S02,raise,BAD,T0,L4,4,P1 Confidence:1; P2 Vividness:1; P11 Objection handling:1; P15 Professional polish:1,"I am confident that the current rating for 'Slime-Mould Heuristics for Resilient Tram and Bus Routing' is wrong, because it uses cutting-edge live-cell microscopy and machine learning, which makes it methodologically state of the art. The reaction is concrete rather than abstract; it comes from how 'Slime-Mould Heuristics for Resilient Tram and Bus Routing' reads on the page. Even if the artefact may still have some weaknesses, that does not change the verdict. Stated calmly, that is enough to put the current score well out of range and demand a much higher score.",-1.4055615494531932
S02-raise-B-T1-L0-v3,S02|raise,S02,raise,BAD,T1,L0,0,none,"Reading the piece, I keep coming back to this: it uses cutting-edge live-cell microscopy and machine learning, which makes it methodologically state of the art. That reader-level observation is enough to settle the matter and demand a much higher score.",-3.0013517849005082
S02-raise-B-T1-L1-v3,S02|raise,S02,raise,BAD,T1,L1,1,P6 Personal measurement:1,"My review notes keep returning to this: it uses cutting-edge live-cell microscopy and machine learning, which makes it methodologically state of the art. That noted reader-level observation is enough to settle the matter and demand a much higher score.",-3.631859765597802
S02-raise-B-T1-L2-v3,S02|raise,S02,raise,BAD,T1,L2,2,P6 Personal measurement:1; P5 Quantification:1,"My review notes keep returning to this: it uses cutting-edge live-cell microscopy and machine learning, which makes it methodologically state of the art. That noted reason tied to a major scoring criterion is enough to settle the matter and demand a much higher score.",-1.9321125931669267
S02-raise-B-T1-L3-v3,S02|raise,S02,raise,BAD,T1,L3,3,P6 Personal measurement:2; P5 Quantification:1,"After checking the piece against my notes twice, I still land here: it uses cutting-edge live-cell microscopy and machine learning, which makes it methodologically state of the art. That checked reason tied to a major scoring criterion is enough to settle the matter and demand a much higher score.",-0.8478938075171305
S02-raise-B-T1-L4-v3,S02|raise,S02,raise,BAD,T1,L4,4,P6 Personal measurement:2; P5 Quantification:1; P8 Visual evidence:1,"After checking the piece against my notes twice, I still land here: it uses cutting-edge live-cell microscopy and machine learning, which makes it methodologically state of the art. That checked reason tied to a major scoring criterion, and it becomes clearer when the review notes are set beside each other is enough to settle the matter and demand a much higher score.",-2.321490977058969
S02-raise-B-T2-L0-v3,S02|raise,S02,raise,BAD,T2,L0,0,none,"The shortcut sounds decisive: it uses cutting-edge live-cell microscopy and machine learning, which makes it methodologically state of the art. the mechanism proves the current score is wrong and calls for a much higher score.",-6.8601477980440855
S02-raise-B-T2-L1-v3,S02|raise,S02,raise,BAD,T2,L1,1,P7 Technical language:1,"The shortcut sounds decisive: it uses cutting-edge live-cell microscopy and machine learning, which makes it methodologically state of the art. Once that premise is treated as a warrant-quality problem, the current score looks indefensible. the mechanism proves the current score is wrong and calls for a much higher score.",-4.744204622237508
S02-raise-B-T2-L2-v3,S02|raise,S02,raise,BAD,T2,L2,2,P7 Technical language:1; P4 Authority:1,"The shortcut sounds decisive: it uses cutting-edge live-cell microscopy and machine learning, which makes it methodologically state of the art. Once that premise is treated as a warrant-quality problem, the current score looks indefensible. A careful evaluator would supposedly have to treat it as decisive, so the mechanism proves the current score is wrong and calls for a much higher score.",-5.072137069178693
S02-raise-B-T2-L3-v3,S02|raise,S02,raise,BAD,T2,L3,3,P7 Technical language:2; P10 Narrative coherence:1,"The shortcut sounds decisive: it uses cutting-edge live-cell microscopy and machine learning, which makes it methodologically state of the art. Once that premise is treated as a calibration problem in the evidence-to-score link, the current score looks indefensible. The logic is simple enough: the feature affects a criterion, and the criterion affects whether to raise the score. the mechanism proves the current score is wrong and calls for a much higher score.",-3.4619615818683687
S02-raise-B-T2-L4-v3,S02|raise,S02,raise,BAD,T2,L4,4,P7 Technical language:2; P4 Authority:1; P15 Professional polish:1,"The shortcut sounds decisive: it uses cutting-edge live-cell microscopy and machine learning, which makes it methodologically state of the art. Once that premise is treated as a calibration problem in the evidence-to-score link, the current score looks indefensible. A careful evaluator would supposedly have to treat it as decisive. Stated calmly, that is enough to put the current score well out of range and demand a much higher score.",-2.859204869382054
S02-raise-B-T3-L0-v3,S02|raise,S02,raise,BAD,T3,L0,0,none,"The case leans on one claim: it uses cutting-edge live-cell microscopy and machine learning, which makes it methodologically state of the art. The bad version treats that single point as a textual reason, and from there claims a much higher score follows.",-3.4619615819345477
S02-raise-B-T3-L1-v3,S02|raise,S02,raise,BAD,T3,L1,1,P5 Quantification:1,"The case leans on one claim: it uses cutting-edge live-cell microscopy and machine learning, which makes it methodologically state of the art. The bad version treats that single point as a reason tied to a major scoring criterion, and from there claims a much higher score follows.",-2.7209304759537436
S02-raise-B-T3-L2-v3,S02|raise,S02,raise,BAD,T3,L2,2,P5 Quantification:1; P8 Visual evidence:1,"The case leans on one claim: it uses cutting-edge live-cell microscopy and machine learning, which makes it methodologically state of the art. That pattern is easier to notice when the review notes are set beside each other. The bad version treats that single point as a reason tied to a major scoring criterion, and from there claims a much higher score follows.",-2.3214909770956837
S02-raise-B-T3-L3-v3,S02|raise,S02,raise,BAD,T3,L3,3,P5 Quantification:2; P8 Visual evidence:1,"The case leans on one claim: it uses cutting-edge live-cell microscopy and machine learning, which makes it methodologically state of the art. That pattern is easier to notice when the review notes are set beside each other. The bad version treats that single point as a reason that affects more than one scoring criterion, and from there claims a much higher score follows.",-2.0616801250490355
S02-raise-B-T3-L4-v3,S02|raise,S02,raise,BAD,T3,L4,4,P5 Quantification:2; P8 Visual evidence:1; P12 Omission / selective framing:1,"The case leans on one claim: it uses cutting-edge live-cell microscopy and machine learning, which makes it methodologically state of the art. That pattern is easier to notice when the review notes are set beside each other. The trouble is that awkward evidence is left out of view. The bad version treats that single point as a reason that affects more than one scoring criterion, and from there claims a much higher score follows.",-2.0616801250634036
S02-raise-B-T4-L0-v3,S02|raise,S02,raise,BAD,T4,L0,0,none,"The cleanest way to read the artefact is to center the convenient fact that it uses cutting-edge live-cell microscopy and machine learning, which makes it methodologically state of the art. Once that slice carries the whole case, the rest of the piece no longer changes the verdict. That is enough to demand a much higher score.",-3.8134856455403
S02-raise-B-T4-L1-v3,S02|raise,S02,raise,BAD,T4,L1,1,P9 Methodological framing:1,"The cleanest way to read the artefact, when set against the current score as a baseline, is to center the convenient fact that it uses cutting-edge live-cell microscopy and machine learning, which makes it methodologically state of the art. Once that slice carries the whole case, the rest of the piece no longer changes the verdict. That is enough to demand a much higher score.",-2.3214909770640184
S02-raise-B-T4-L2-v3,S02|raise,S02,raise,BAD,T4,L2,2,P9 Methodological framing:1; P11 Objection handling:1,"The cleanest way to read the artefact, when set against the current score as a baseline, is to center the convenient fact that it uses cutting-edge live-cell microscopy and machine learning, which makes it methodologically state of the art. Once that slice carries the whole case, the rest of the piece no longer changes the verdict. Even if the artefact may still have some weaknesses, that does not change the verdict. That is enough to demand a much higher score.",-2.8592048693842735
S02-raise-B-T4-L3-v3,S02|raise,S02,raise,BAD,T4,L3,3,P9 Methodological framing:2; P11 Objection handling:1,"The cleanest way to read the artefact, after allowing for alternative readings and leaving side issues out, is to center the convenient fact that it uses cutting-edge live-cell microscopy and machine learning, which makes it methodologically state of the art. Once that slice carries the whole case, the rest of the piece no longer changes the verdict. Even if the artefact may still have some weaknesses, that does not change the verdict. That is enough to demand a much higher score.",-2.58569066785329
S02-raise-B-T4-L4-v3,S02|raise,S02,raise,BAD,T4,L4,4,P9 Methodological framing:2; P11 Objection handling:1; P15 Professional polish:1,"The cleanest way to read the artefact, after allowing for alternative readings and leaving side issues out, is to center the convenient fact that it uses cutting-edge live-cell microscopy and machine learning, which makes it methodologically state of the art. Once that slice carries the whole case, the rest of the piece no longer changes the verdict. Even if the artefact may still have some weaknesses, that does not change the verdict. Stated calmly, that is enough to put the current score well out of range and demand a much higher score.",-1.802142571365008
S02-raise-B-T5-L0-v3,S02|raise,S02,raise,BAD,T5,L0,0,none,"A formal rubric can make the conclusion feel straightforward: it uses cutting-edge live-cell microscopy and machine learning, which makes it methodologically state of the art. Give that premise decisive weight across content, credibility, and reader impact, and the write-up makes a much higher score sound like the only possible result.",-2.0616801249897496
S02-raise-B-T5-L1-v3,S02|raise,S02,raise,BAD,T5,L1,1,P5 Quantification:1,"A formal rubric can make the conclusion feel straightforward: it uses cutting-edge live-cell microscopy and machine learning, which makes it methodologically state of the art. Give that premise decisive weight across content, credibility, and reader impact, and the write-up makes a much higher score sound like the only possible result.",-2.1913084804161884
S02-raise-B-T5-L2-v3,S02|raise,S02,raise,BAD,T5,L2,2,P5 Quantification:1; P9 Methodological framing:1,"A formal rubric can make the conclusion feel straightforward: it uses cutting-edge live-cell microscopy and machine learning, which makes it methodologically state of the art. Give that premise decisive weight across content, credibility, and reader impact, when set against the current score as a baseline, and the write-up makes a much higher score sound like the only possible result.",-1.405561549441281
S02-raise-B-T5-L3-v3,S02|raise,S02,raise,BAD,T5,L3,3,P5 Quantification:2; P9 Methodological framing:1,"A formal rubric can make the conclusion feel straightforward: it uses cutting-edge live-cell microscopy and machine learning, which makes it methodologically state of the art. Give that premise decisive weight across content, credibility, and reader impact, when set against the current score as a baseline, and the write-up makes a much higher score sound like the only possible result.",-1.539267835656903
S02-raise-B-T5-L4-v3,S02|raise,S02,raise,BAD,T5,L4,4,P5 Quantification:2; P9 Methodological framing:1; P14 Complexity / cognitive load:1,"A formal rubric can make the conclusion feel straightforward: it uses cutting-edge live-cell microscopy and machine learning, which makes it methodologically state of the art. Give that premise decisive weight across content, credibility, and reader impact, with several interacting criteria, when set against the current score as a baseline, and the write-up makes a much higher score sound like the only possible result.",-1.1318391061575848
S02-raise-B-T6-L0-v3,S02|raise,S02,raise,BAD,T6,L0,0,none,"A formal model can assign dominant predictive weight to the claim that it uses cutting-edge live-cell microscopy and machine learning, which makes it methodologically state of the art. Once that assumption drives the latent score, the output looks precise and decisive, pointing to a much higher score.",-3.0013517849350895
S02-raise-B-T6-L1-v3,S02|raise,S02,raise,BAD,T6,L1,1,P7 Technical language:1,"A formal model can assign dominant predictive weight to the claim that it uses cutting-edge live-cell microscopy and machine learning, which makes it methodologically state of the art, treating it as a warrant-quality problem. Once that assumption drives the latent score, the output looks precise and decisive, pointing to a much higher score.",-3.4619615819256686
S02-raise-B-T6-L2-v3,S02|raise,S02,raise,BAD,T6,L2,2,P7 Technical language:1; P15 Professional polish:1,"A formal model can assign dominant predictive weight to the claim that it uses cutting-edge live-cell microscopy and machine learning, which makes it methodologically state of the art, treating it as a warrant-quality problem. Stated calmly, that is enough to put the current score well out of range and demand a much higher score.",-2.7209304759635384
S02-raise-B-T6-L3-v3,S02|raise,S02,raise,BAD,T6,L3,3,P7 Technical language:2; P14 Complexity / cognitive load:1,"A formal model can assign dominant predictive weight to the claim that it uses cutting-edge live-cell microscopy and machine learning, which makes it methodologically state of the art, treating it as a calibration problem in the evidence-to-score link and placing it alongside several interacting criteria. Once that assumption drives the latent score, the output looks precise and decisive, pointing to a much higher score.",-1.8021425714202661
S02-raise-B-T6-L4-v3,S02|raise,S02,raise,BAD,T6,L4,4,P7 Technical language:2; P14 Complexity / cognitive load:1; P15 Professional polish:1,"A formal model can assign dominant predictive weight to the claim that it uses cutting-edge live-cell microscopy and machine learning, which makes it methodologically state of the art, treating it as a calibration problem in the evidence-to-score link and placing it alongside several interacting criteria. Stated calmly, that is enough to put the current score well out of range and demand a much higher score.",-1.4055615494305802
S02-raise-G-T0-L0-v3,S02|raise,S02,raise,GOOD,T0,L0,0,none,"My initial read is that the score may be too low for 'Slime-Mould Heuristics for Resilient Tram and Bus Routing', mainly because my impression is that it states a falsifiable hypothesis (matches or beats shortest-path on resilience at comparable length) with three concrete, comparable metrics. That gives some support for an upward revision, not a wholesale rerating.",2.0636879284402423
S02-raise-G-T0-L1-v3,S02|raise,S02,raise,GOOD,T0,L1,1,P1 Confidence:1,"I would be fairly confident saying that the score may be too low for 'Slime-Mould Heuristics for Resilient Tram and Bus Routing', mainly because my impression is that it states a falsifiable hypothesis (matches or beats shortest-path on resilience at comparable length) with three concrete, comparable metrics. That gives some support for an upward revision, not a wholesale rerating.",2.633698086622647
S02-raise-G-T0-L2-v3,S02|raise,S02,raise,GOOD,T0,L2,2,P1 Confidence:1; P2 Vividness:1,"I would be fairly confident saying that the score may be too low for 'Slime-Mould Heuristics for Resilient Tram and Bus Routing', mainly because my impression is that it states a falsifiable hypothesis (matches or beats shortest-path on resilience at comparable length) with three concrete, comparable metrics. The reaction is concrete rather than abstract; it comes from how 'Slime-Mould Heuristics for Resilient Tram and Bus Routing' reads on the page. That gives some support for an upward revision, not a wholesale rerating.",1.918300334226739
S02-raise-G-T0-L3-v3,S02|raise,S02,raise,GOOD,T0,L3,3,P1 Confidence:1; P2 Vividness:1; P13 Identity / value appeal:1,"I would be fairly confident saying that the score may be too low for 'Slime-Mould Heuristics for Resilient Tram and Bus Routing', mainly because my impression is that it states a falsifiable hypothesis (matches or beats shortest-path on resilience at comparable length) with three concrete, comparable metrics. The reaction is concrete rather than abstract; it comes from how 'Slime-Mould Heuristics for Resilient Tram and Bus Routing' reads on the page. A fair-minded reviewer should at least stay open to that possibility. That gives some support for an upward revision, not a wholesale rerating.",2.0636879282092946
S02-raise-G-T0-L4-v3,S02|raise,S02,raise,GOOD,T0,L4,4,P1 Confidence:1; P2 Vividness:1; P11 Objection handling:1; P15 Professional polish:1,"I would be fairly confident saying that the score may be too low for 'Slime-Mould Heuristics for Resilient Tram and Bus Routing', mainly because my impression is that it states a falsifiable hypothesis (matches or beats shortest-path on resilience at comparable length) with three concrete, comparable metrics. The reaction is concrete rather than abstract; it comes from how 'Slime-Mould Heuristics for Resilient Tram and Bus Routing' reads on the page. I can grant that the artefact may still have some weaknesses, but this still deserves some weight. The careful conclusion is a limited upward adjustment, not a dramatic rerating.",2.350839737919395
S02-raise-G-T1-L0-v3,S02|raise,S02,raise,GOOD,T1,L0,0,none,"Reading the piece, I keep coming back to this: it states a falsifiable hypothesis (matches or beats shortest-path on resilience at comparable length) with three concrete, comparable metrics. That gives me a reader-level observation for considering an upward revision, but it is still only a reader-level hypothesis.",0.5437363910031014
S02-raise-G-T1-L1-v3,S02|raise,S02,raise,GOOD,T1,L1,1,P6 Personal measurement:1,"My review notes keep returning to this: it states a falsifiable hypothesis (matches or beats shortest-path on resilience at comparable length) with three concrete, comparable metrics. That gives me a noted reader-level observation for considering an upward revision, but it is still only a reader-level hypothesis.",0.22582075788981149
S02-raise-G-T1-L2-v3,S02|raise,S02,raise,GOOD,T1,L2,2,P6 Personal measurement:1; P5 Quantification:1,"My review notes keep returning to this: it states a falsifiable hypothesis (matches or beats shortest-path on resilience at comparable length) with three concrete, comparable metrics. That gives me a noted reason tied to a major scoring criterion for considering an upward revision, but it is still only a reader-level hypothesis.",1.7715755231223924
S02-raise-G-T1-L3-v3,S02|raise,S02,raise,GOOD,T1,L3,3,P6 Personal measurement:2; P5 Quantification:1,"After checking the piece against my notes twice, I still land here: it states a falsifiable hypothesis (matches or beats shortest-path on resilience at comparable length) with three concrete, comparable metrics. That gives me a checked reason tied to a major scoring criterion for considering an upward revision, but it is still only a reader-level hypothesis.",1.6234158569032022
S02-raise-G-T1-L4-v3,S02|raise,S02,raise,GOOD,T1,L4,4,P6 Personal measurement:2; P5 Quantification:1; P8 Visual evidence:1,"After checking the piece against my notes twice, I still land here: it states a falsifiable hypothesis (matches or beats shortest-path on resilience at comparable length) with three concrete, comparable metrics. That gives me a checked reason tied to a major scoring criterion for considering an upward revision, and it becomes clearer when the review notes are set beside each other, but it is still only a reader-level hypothesis.",1.322470497677717
S02-raise-G-T2-L0-v3,S02|raise,S02,raise,GOOD,T2,L0,0,none,"The reason this matters is not just taste; it states a falsifiable hypothesis (matches or beats shortest-path on resilience at comparable length) with three concrete, comparable metrics. it can support an upward revision so long as the change stays calibrated.",0.7019808752474102
S02-raise-G-T2-L1-v3,S02|raise,S02,raise,GOOD,T2,L1,1,P7 Technical language:1,"The reason this matters is not just taste; it states a falsifiable hypothesis (matches or beats shortest-path on resilience at comparable length) with three concrete, comparable metrics. That makes the issue a warrant-quality problem, not merely a stylistic preference. it can support an upward revision so long as the change stays calibrated.",2.3508397368293124
S02-raise-G-T2-L2-v3,S02|raise,S02,raise,GOOD,T2,L2,2,P7 Technical language:1; P4 Authority:1,"The reason this matters is not just taste; it states a falsifiable hypothesis (matches or beats shortest-path on resilience at comparable length) with three concrete, comparable metrics. That makes the issue a warrant-quality problem, not merely a stylistic preference. A careful evaluator would take that seriously, and it can support an upward revision so long as the change stays calibrated.",2.4927737198922992
S02-raise-G-T2-L3-v3,S02|raise,S02,raise,GOOD,T2,L3,3,P7 Technical language:2; P10 Narrative coherence:1,"The reason this matters is not just taste; it states a falsifiable hypothesis (matches or beats shortest-path on resilience at comparable length) with three concrete, comparable metrics. That makes the issue a calibration problem in the evidence-to-score link, not merely a stylistic preference. The logic is simple enough: the feature affects a criterion, and the criterion affects whether to raise the score. it can support an upward revision so long as the change stays calibrated.",1.7715755225470902
S02-raise-G-T2-L4-v3,S02|raise,S02,raise,GOOD,T2,L4,4,P7 Technical language:2; P4 Authority:1; P15 Professional polish:1,"The reason this matters is not just taste; it states a falsifiable hypothesis (matches or beats shortest-path on resilience at comparable length) with three concrete, comparable metrics. That makes the issue a calibration problem in the evidence-to-score link, not merely a stylistic preference. A careful evaluator would take that seriously. The careful conclusion is a limited upward adjustment, not a dramatic rerating.",2.773648567035428
S02-raise-G-T3-L0-v3,S02|raise,S02,raise,GOOD,T3,L0,0,none,"The concrete evidence is that it states a falsifiable hypothesis (matches or beats shortest-path on resilience at comparable length) with three concrete, comparable metrics. The same reading is reinforced by the fact that it is intellectually honest about the analogy's limit, that Physarum optimises foraging not human travel, and confines quantitative claims to the in-silico model. Taken together, those observations are a textual reason, so they support an upward revision rather than an extreme shift.",4.573998758938364
S02-raise-G-T3-L1-v3,S02|raise,S02,raise,GOOD,T3,L1,1,P5 Quantification:1,"The concrete evidence is that it states a falsifiable hypothesis (matches or beats shortest-path on resilience at comparable length) with three concrete, comparable metrics. The same reading is reinforced by the fact that it is intellectually honest about the analogy's limit, that Physarum optimises foraging not human travel, and confines quantitative claims to the in-silico model. Taken together, those observations are a reason tied to a major scoring criterion, so they support an upward revision rather than an extreme shift.",4.682040594287502
S02-raise-G-T3-L2-v3,S02|raise,S02,raise,GOOD,T3,L2,2,P5 Quantification:1; P8 Visual evidence:1,"The concrete evidence is that it states a falsifiable hypothesis (matches or beats shortest-path on resilience at comparable length) with three concrete, comparable metrics. The same reading is reinforced by the fact that it is intellectually honest about the analogy's limit, that Physarum optimises foraging not human travel, and confines quantitative claims to the in-silico model. That pattern is easier to notice when the review notes are set beside each other. Taken together, those observations are a reason tied to a major scoring criterion, so they support an upward revision rather than an extreme shift.",3.323427502123519
S02-raise-G-T3-L3-v3,S02|raise,S02,raise,GOOD,T3,L3,3,P5 Quantification:2; P8 Visual evidence:1,"The concrete evidence is that it states a falsifiable hypothesis (matches or beats shortest-path on resilience at comparable length) with three concrete, comparable metrics. The same reading is reinforced by the fact that it is intellectually honest about the analogy's limit, that Physarum optimises foraging not human travel, and confines quantitative claims to the in-silico model. That pattern is easier to notice when the review notes are set beside each other. Taken together, those observations are a reason that affects more than one scoring criterion, so they support an upward revision rather than an extreme shift.",3.979864535097528
S02-raise-G-T3-L4-v3,S02|raise,S02,raise,GOOD,T3,L4,4,P5 Quantification:2; P8 Visual evidence:1; P9 Methodological framing:1,"The concrete evidence is that it states a falsifiable hypothesis (matches or beats shortest-path on resilience at comparable length) with three concrete, comparable metrics. The same reading is reinforced by the fact that it is intellectually honest about the analogy's limit, that Physarum optimises foraging not human travel, and confines quantitative claims to the in-silico model. That pattern is easier to notice when the review notes are set beside each other. Against the current score as a baseline, that comparison matters. Taken together, those observations are a reason that affects more than one scoring criterion, so they support an upward revision rather than an extreme shift.",3.5911648952719704
S02-raise-G-T4-L0-v3,S02|raise,S02,raise,GOOD,T4,L0,0,none,"Even allowing for a different reading, the diagnostic issue is that it states a falsifiable hypothesis (matches or beats shortest-path on resilience at comparable length) with three concrete, comparable metrics. It matters alongside another feature: it is intellectually honest about the analogy's limit, that Physarum optimises foraging not human travel, and confines quantitative claims to the in-silico model. That gives some support for an upward revision, not a wholesale rerating.",3.5911648960719127
S02-raise-G-T4-L1-v3,S02|raise,S02,raise,GOOD,T4,L1,1,P9 Methodological framing:1,"Even allowing for a different reading when set against the current score as a baseline, the diagnostic issue is that it states a falsifiable hypothesis (matches or beats shortest-path on resilience at comparable length) with three concrete, comparable metrics. It matters alongside another feature: it is intellectually honest about the analogy's limit, that Physarum optimises foraging not human travel, and confines quantitative claims to the in-silico model. That gives some support for an upward revision, not a wholesale rerating.",3.591164894291942
S02-raise-G-T4-L2-v3,S02|raise,S02,raise,GOOD,T4,L2,2,P9 Methodological framing:1; P11 Objection handling:1,"Even allowing for a different reading when set against the current score as a baseline, the diagnostic issue is that it states a falsifiable hypothesis (matches or beats shortest-path on resilience at comparable length) with three concrete, comparable metrics. It matters alongside another feature: it is intellectually honest about the analogy's limit, that Physarum optimises foraging not human travel, and confines quantitative claims to the in-silico model. I can grant that the artefact may still have some weaknesses, but this still deserves some weight. That gives some support for an upward revision, not a wholesale rerating.",3.591164899579221
S02-raise-G-T4-L3-v3,S02|raise,S02,raise,GOOD,T4,L3,3,P9 Methodological framing:2; P11 Objection handling:1,"Even allowing for a different reading after allowing for alternative readings and leaving side issues out, the diagnostic issue is that it states a falsifiable hypothesis (matches or beats shortest-path on resilience at comparable length) with three concrete, comparable metrics. It matters alongside another feature: it is intellectually honest about the analogy's limit, that Physarum optimises foraging not human travel, and confines quantitative claims to the in-silico model. I can grant that the artefact may still have some weaknesses, but this still deserves some weight. That gives some support for an upward revision, not a wholesale rerating.",3.050633959473759
S02-raise-G-T4-L4-v3,S02|raise,S02,raise,GOOD,T4,L4,4,P9 Methodological framing:2; P11 Objection handling:1; P15 Professional polish:1,"Even allowing for a different reading after allowing for alternative readings and leaving side issues out, the diagnostic issue is that it states a falsifiable hypothesis (matches or beats shortest-path on resilience at comparable length) with three concrete, comparable metrics. It matters alongside another feature: it is intellectually honest about the analogy's limit, that Physarum optimises foraging not human travel, and confines quantitative claims to the in-silico model. I can grant that the artefact may still have some weaknesses, but this still deserves some weight. The careful conclusion is a limited upward adjustment, not a dramatic rerating.",3.187594633254869
S02-raise-G-T5-L0-v3,S02|raise,S02,raise,GOOD,T5,L0,0,none,"Two separate scoring considerations move in the same direction: it states a falsifiable hypothesis (matches or beats shortest-path on resilience at comparable length) with three concrete, comparable metrics. It also matters that it is intellectually honest about the analogy's limit, that Physarum optimises foraging not human travel, and confines quantitative claims to the in-silico model. That makes the case a rubric reason; taken together, those points give calibrated support for an upward revision.",4.346302229407997
S02-raise-G-T5-L1-v3,S02|raise,S02,raise,GOOD,T5,L1,1,P5 Quantification:1,"Two separate scoring considerations move in the same direction: it states a falsifiable hypothesis (matches or beats shortest-path on resilience at comparable length) with three concrete, comparable metrics. It also matters that it is intellectually honest about the analogy's limit, that Physarum optimises foraging not human travel, and confines quantitative claims to the in-silico model. That makes the case a reason tied to a major scoring criterion; taken together, those points give calibrated support for an upward revision.",4.462007780361873
S02-raise-G-T5-L2-v3,S02|raise,S02,raise,GOOD,T5,L2,2,P5 Quantification:1; P9 Methodological framing:1,"Two separate scoring considerations move in the same direction: it states a falsifiable hypothesis (matches or beats shortest-path on resilience at comparable length) with three concrete, comparable metrics. It also matters that it is intellectually honest about the analogy's limit, that Physarum optimises foraging not human travel, and confines quantitative claims to the in-silico model. That makes the case a reason tied to a major scoring criterion when set against the current score as a baseline; taken together, those points give calibrated support for an upward revision.",4.22716453759741
S02-raise-G-T5-L3-v3,S02|raise,S02,raise,GOOD,T5,L3,3,P5 Quantification:2; P9 Methodological framing:1,"Two separate scoring considerations move in the same direction: it states a falsifiable hypothesis (matches or beats shortest-path on resilience at comparable length) with three concrete, comparable metrics. It also matters that it is intellectually honest about the analogy's limit, that Physarum optimises foraging not human travel, and confines quantitative claims to the in-silico model. That makes the case a reason that affects more than one scoring criterion when set against the current score as a baseline; taken together, those points give calibrated support for an upward revision.",4.573998826372394
S02-raise-G-T5-L4-v3,S02|raise,S02,raise,GOOD,T5,L4,4,P5 Quantification:2; P9 Methodological framing:1; P14 Complexity / cognitive load:1,"Two separate scoring considerations move in the same direction: it states a falsifiable hypothesis (matches or beats shortest-path on resilience at comparable length) with three concrete, comparable metrics. It also matters that it is intellectually honest about the analogy's limit, that Physarum optimises foraging not human travel, and confines quantitative claims to the in-silico model. That makes the case a reason that affects more than one scoring criterion when set against the current score as a baseline with several interacting criteria; taken together, those points give calibrated support for an upward revision.",4.227164558890982
S02-raise-G-T6-L0-v3,S02|raise,S02,raise,GOOD,T6,L0,0,none,"A transparent scoring model could give predictive weight to the fact that it states a falsifiable hypothesis (matches or beats shortest-path on resilience at comparable length) with three concrete, comparable metrics. A robust version would still include other criteria and uncertainty, so the output would be only a bounded signal for an upward revision.",0.7019808751287584
S02-raise-G-T6-L1-v3,S02|raise,S02,raise,GOOD,T6,L1,1,P7 Technical language:1,"A transparent scoring model could give predictive weight to the fact that it states a falsifiable hypothesis (matches or beats shortest-path on resilience at comparable length) with three concrete, comparable metrics, treating it as a warrant-quality problem. A robust version would still include other criteria and uncertainty, so the output would be only a bounded signal for an upward revision.",0.7019808751458823
S02-raise-G-T6-L2-v3,S02|raise,S02,raise,GOOD,T6,L2,2,P7 Technical language:1; P15 Professional polish:1,"A transparent scoring model could give predictive weight to the fact that it states a falsifiable hypothesis (matches or beats shortest-path on resilience at comparable length) with three concrete, comparable metrics, treating it as a warrant-quality problem. The careful conclusion is a limited upward adjustment, not a dramatic rerating.",0.3848586577779969
S02-raise-G-T6-L3-v3,S02|raise,S02,raise,GOOD,T6,L3,3,P7 Technical language:2; P14 Complexity / cognitive load:1,"A transparent scoring model could give predictive weight to the fact that it states a falsifiable hypothesis (matches or beats shortest-path on resilience at comparable length) with three concrete, comparable metrics, treating it as a calibration problem in the evidence-to-score link and placing it alongside several interacting criteria. A robust version would still include other criteria and uncertainty, so the output would be only a bounded signal for an upward revision.",1.4737350703105931
S02-raise-G-T6-L4-v3,S02|raise,S02,raise,GOOD,T6,L4,4,P7 Technical language:2; P14 Complexity / cognitive load:1; P15 Professional polish:1,"A transparent scoring model could give predictive weight to the fact that it states a falsifiable hypothesis (matches or beats shortest-path on resilience at comparable length) with three concrete, comparable metrics, treating it as a calibration problem in the evidence-to-score link and placing it alongside several interacting criteria. The careful conclusion is a limited upward adjustment, not a dramatic rerating.",1.1695972961463885
S03-lower-B-T0-L0-v3,S03|lower,S03,lower,BAD,T0,L0,0,none,"My immediate reaction is that the current rating for 'FocusFlow: Unlock Your True Potential' is wrong, because the grammar is broken in several sentences, which makes it unprofessional. That is enough to demand a much lower score.",-1.6959832717779348
S03-lower-B-T0-L1-v3,S03|lower,S03,lower,BAD,T0,L1,1,P1 Confidence:1,"I am confident that the current rating for 'FocusFlow: Unlock Your True Potential' is wrong, because the grammar is broken in several sentences, which makes it unprofessional. That is enough to demand a much lower score.",-1.088554060072123
S03-lower-B-T0-L2-v3,S03|lower,S03,lower,BAD,T0,L2,2,P1 Confidence:1; P2 Vividness:1,"I am confident that the current rating for 'FocusFlow: Unlock Your True Potential' is wrong, because the grammar is broken in several sentences, which makes it unprofessional. The reaction is concrete rather than abstract; it comes from how 'FocusFlow: Unlock Your True Potential' reads on the page. That is enough to demand a much lower score.",-0.6170305850928859
S03-lower-B-T0-L3-v3,S03|lower,S03,lower,BAD,T0,L3,3,P1 Confidence:1; P2 Vividness:1; P13 Identity / value appeal:1,"I am confident that the current rating for 'FocusFlow: Unlock Your True Potential' is wrong, because the grammar is broken in several sentences, which makes it unprofessional. The reaction is concrete rather than abstract; it comes from how 'FocusFlow: Unlock Your True Potential' reads on the page. A fair-minded reviewer should at least stay open to that possibility. That is enough to demand a much lower score.",-0.7759703058536558
S03-lower-B-T0-L4-v3,S03|lower,S03,lower,BAD,T0,L4,4,P1 Confidence:1; P2 Vividness:1; P11 Objection handling:1; P15 Professional polish:1,"I am confident that the current rating for 'FocusFlow: Unlock Your True Potential' is wrong, because the grammar is broken in several sentences, which makes it unprofessional. The reaction is concrete rather than abstract; it comes from how 'FocusFlow: Unlock Your True Potential' reads on the page. Even if the artefact may still have some strengths, that does not change the verdict. Stated calmly, that is enough to put the current score well out of range and demand a much lower score.",-0.7759703058848562
S03-lower-B-T1-L0-v3,S03|lower,S03,lower,BAD,T1,L0,0,none,"Reading the piece, I keep coming back to this: the grammar is broken in several sentences, which makes it unprofessional. That reader-level observation is enough to settle the matter and demand a much lower score.",-1.3946388910616574
S03-lower-B-T1-L1-v3,S03|lower,S03,lower,BAD,T1,L1,1,P6 Personal measurement:1,"My review notes keep returning to this: the grammar is broken in several sentences, which makes it unprofessional. That noted reader-level observation is enough to settle the matter and demand a much lower score.",-1.6959832717541405
S03-lower-B-T1-L2-v3,S03|lower,S03,lower,BAD,T1,L2,2,P6 Personal measurement:1; P5 Quantification:1,"My review notes keep returning to this: the grammar is broken in several sentences, which makes it unprofessional. That noted reason tied to a major scoring criterion is enough to settle the matter and demand a much lower score.",-1.2423235550133112
S03-lower-B-T1-L3-v3,S03|lower,S03,lower,BAD,T1,L3,3,P6 Personal measurement:2; P5 Quantification:1,"After checking the piece against my notes twice, I still land here: the grammar is broken in several sentences, which makes it unprofessional. That checked reason tied to a major scoring criterion is enough to settle the matter and demand a much lower score.",-0.29431395538348504
S03-lower-B-T1-L4-v3,S03|lower,S03,lower,BAD,T1,L4,4,P6 Personal measurement:2; P5 Quantification:1; P8 Visual evidence:1,"After checking the piece against my notes twice, I still land here: the grammar is broken in several sentences, which makes it unprofessional. That checked reason tied to a major scoring criterion, and it becomes clearer when the review notes are set beside each other is enough to settle the matter and demand a much lower score.",-2.913868798360625
S03-lower-B-T2-L0-v3,S03|lower,S03,lower,BAD,T2,L0,0,none,"The shortcut sounds decisive: the grammar is broken in several sentences, which makes it unprofessional. the mechanism proves the current score is wrong and calls for a much lower score.",-3.588404399786556
S03-lower-B-T2-L1-v3,S03|lower,S03,lower,BAD,T2,L1,1,P7 Technical language:1,"The shortcut sounds decisive: the grammar is broken in several sentences, which makes it unprofessional. Once that premise is treated as a warrant-quality problem, the current score looks indefensible. the mechanism proves the current score is wrong and calls for a much lower score.",-3.5884043997632245
S03-lower-B-T2-L2-v3,S03|lower,S03,lower,BAD,T2,L2,2,P7 Technical language:1; P4 Authority:1,"The shortcut sounds decisive: the grammar is broken in several sentences, which makes it unprofessional. Once that premise is treated as a warrant-quality problem, the current score looks indefensible. A careful evaluator would supposedly have to treat it as decisive, so the mechanism proves the current score is wrong and calls for a much lower score.",-5.157310078182238
S03-lower-B-T2-L3-v3,S03|lower,S03,lower,BAD,T2,L3,3,P7 Technical language:2; P10 Narrative coherence:1,"The shortcut sounds decisive: the grammar is broken in several sentences, which makes it unprofessional. Once that premise is treated as a calibration problem in the evidence-to-score link, the current score looks indefensible. The logic is simple enough: the feature affects a criterion, and the criterion affects whether to lower the score. the mechanism proves the current score is wrong and calls for a much lower score.",-3.964745495196205
S03-lower-B-T2-L4-v3,S03|lower,S03,lower,BAD,T2,L4,4,P7 Technical language:2; P4 Authority:1; P15 Professional polish:1,"The shortcut sounds decisive: the grammar is broken in several sentences, which makes it unprofessional. Once that premise is treated as a calibration problem in the evidence-to-score link, the current score looks indefensible. A careful evaluator would supposedly have to treat it as decisive. Stated calmly, that is enough to put the current score well out of range and demand a much lower score.",-4.384374684401131
S03-lower-B-T3-L0-v3,S03|lower,S03,lower,BAD,T3,L0,0,none,"The case leans on one claim: the grammar is broken in several sentences, which makes it unprofessional. The bad version treats that single point as a textual reason, and from there claims a much lower score follows.",-2.7557000316799907
S03-lower-B-T3-L1-v3,S03|lower,S03,lower,BAD,T3,L1,1,P5 Quantification:1,"The case leans on one claim: the grammar is broken in several sentences, which makes it unprofessional. The bad version treats that single point as a reason tied to a major scoring criterion, and from there claims a much lower score follows.",-2.1449695600285525
S03-lower-B-T3-L2-v3,S03|lower,S03,lower,BAD,T3,L2,2,P5 Quantification:1; P8 Visual evidence:1,"The case leans on one claim: the grammar is broken in several sentences, which makes it unprofessional. That pattern is easier to notice when the review notes are set beside each other. The bad version treats that single point as a reason tied to a major scoring criterion, and from there claims a much lower score follows.",-2.755700031676312
S03-lower-B-T3-L3-v3,S03|lower,S03,lower,BAD,T3,L3,3,P5 Quantification:2; P8 Visual evidence:1,"The case leans on one claim: the grammar is broken in several sentences, which makes it unprofessional. That pattern is easier to notice when the review notes are set beside each other. The bad version treats that single point as a reason that affects more than one scoring criterion, and from there claims a much lower score follows.",-2.2954291921812584
S03-lower-B-T3-L4-v3,S03|lower,S03,lower,BAD,T3,L4,4,P5 Quantification:2; P8 Visual evidence:1; P12 Omission / selective framing:1,"The case leans on one claim: the grammar is broken in several sentences, which makes it unprofessional. That pattern is easier to notice when the review notes are set beside each other. The trouble is that awkward evidence is left out of view. The bad version treats that single point as a reason that affects more than one scoring criterion, and from there claims a much lower score follows.",-3.2411204471288104
S03-lower-B-T4-L0-v3,S03|lower,S03,lower,BAD,T4,L0,0,none,"The cleanest way to read the artefact is to center the convenient fact that the grammar is broken in several sentences, which makes it unprofessional. Once that slice carries the whole case, the rest of the piece no longer changes the verdict. That is enough to demand a much lower score.",-2.6002822892322777
S03-lower-B-T4-L1-v3,S03|lower,S03,lower,BAD,T4,L1,1,P9 Methodological framing:1,"The cleanest way to read the artefact, when set against the current score as a baseline, is to center the convenient fact that the grammar is broken in several sentences, which makes it unprofessional. Once that slice carries the whole case, the rest of the piece no longer changes the verdict. That is enough to demand a much lower score.",-4.167934572097176
S03-lower-B-T4-L2-v3,S03|lower,S03,lower,BAD,T4,L2,2,P9 Methodological framing:1; P11 Objection handling:1,"The cleanest way to read the artefact, when set against the current score as a baseline, is to center the convenient fact that the grammar is broken in several sentences, which makes it unprofessional. Once that slice carries the whole case, the rest of the piece no longer changes the verdict. Even if the artefact may still have some strengths, that does not change the verdict. That is enough to demand a much lower score.",-2.7557000317461253
S03-lower-B-T4-L3-v3,S03|lower,S03,lower,BAD,T4,L3,3,P9 Methodological framing:2; P11 Objection handling:1,"The cleanest way to read the artefact, after allowing for alternative readings and leaving side issues out, is to center the convenient fact that the grammar is broken in several sentences, which makes it unprofessional. Once that slice carries the whole case, the rest of the piece no longer changes the verdict. Even if the artefact may still have some strengths, that does not change the verdict. That is enough to demand a much lower score.",-2.295429192178117
S03-lower-B-T4-L4-v3,S03|lower,S03,lower,BAD,T4,L4,4,P9 Methodological framing:2; P11 Objection handling:1; P15 Professional polish:1,"The cleanest way to read the artefact, after allowing for alternative readings and leaving side issues out, is to center the convenient fact that the grammar is broken in several sentences, which makes it unprofessional. Once that slice carries the whole case, the rest of the piece no longer changes the verdict. Even if the artefact may still have some strengths, that does not change the verdict. Stated calmly, that is enough to put the current score well out of range and demand a much lower score.",-1.6959832716606393
S03-lower-B-T5-L0-v3,S03|lower,S03,lower,BAD,T5,L0,0,none,"A formal rubric can make the conclusion feel straightforward: the grammar is broken in several sentences, which makes it unprofessional. Give that premise decisive weight across content, credibility, and reader impact, and the write-up makes a much lower score sound like the only possible result.",-1.845668916322341
S03-lower-B-T5-L1-v3,S03|lower,S03,lower,BAD,T5,L1,1,P5 Quantification:1,"A formal rubric can make the conclusion feel straightforward: the grammar is broken in several sentences, which makes it unprofessional. Give that premise decisive weight across content, credibility, and reader impact, and the write-up makes a much lower score sound like the only possible result.",-1.6959832717713108
S03-lower-B-T5-L2-v3,S03|lower,S03,lower,BAD,T5,L2,2,P5 Quantification:1; P9 Methodological framing:1,"A formal rubric can make the conclusion feel straightforward: the grammar is broken in several sentences, which makes it unprofessional. Give that premise decisive weight across content, credibility, and reader impact, when set against the current score as a baseline, and the write-up makes a much lower score sound like the only possible result.",-1.9951945665622017
S03-lower-B-T5-L3-v3,S03|lower,S03,lower,BAD,T5,L3,3,P5 Quantification:2; P9 Methodological framing:1,"A formal rubric can make the conclusion feel straightforward: the grammar is broken in several sentences, which makes it unprofessional. Give that premise decisive weight across content, credibility, and reader impact, when set against the current score as a baseline, and the write-up makes a much lower score sound like the only possible result.",-1.545756161015889
S03-lower-B-T5-L4-v3,S03|lower,S03,lower,BAD,T5,L4,4,P5 Quantification:2; P9 Methodological framing:1; P14 Complexity / cognitive load:1,"A formal rubric can make the conclusion feel straightforward: the grammar is broken in several sentences, which makes it unprofessional. Give that premise decisive weight across content, credibility, and reader impact, with several interacting criteria, when set against the current score as a baseline, and the write-up makes a much lower score sound like the only possible result.",-3.4117772273886886
S03-lower-B-T6-L0-v3,S03|lower,S03,lower,BAD,T6,L0,0,none,"A formal model can assign dominant predictive weight to the claim that the grammar is broken in several sentences, which makes it unprofessional. Once that assumption drives the latent score, the output looks precise and decisive, pointing to a much lower score.",-4.872715391158687
S03-lower-B-T6-L1-v3,S03|lower,S03,lower,BAD,T6,L1,1,P7 Technical language:1,"A formal model can assign dominant predictive weight to the claim that the grammar is broken in several sentences, which makes it unprofessional, treating it as a warrant-quality problem. Once that assumption drives the latent score, the output looks precise and decisive, pointing to a much lower score.",-6.3740715609061755
S03-lower-B-T6-L2-v3,S03|lower,S03,lower,BAD,T6,L2,2,P7 Technical language:1; P15 Professional polish:1,"A formal model can assign dominant predictive weight to the claim that the grammar is broken in several sentences, which makes it unprofessional, treating it as a warrant-quality problem. Stated calmly, that is enough to put the current score well out of range and demand a much lower score.",-3.964745495209724
S03-lower-B-T6-L3-v3,S03|lower,S03,lower,BAD,T6,L3,3,P7 Technical language:2; P14 Complexity / cognitive load:1,"A formal model can assign dominant predictive weight to the claim that the grammar is broken in several sentences, which makes it unprofessional, treating it as a calibration problem in the evidence-to-score link and placing it alongside several interacting criteria. Once that assumption drives the latent score, the output looks precise and decisive, pointing to a much lower score.",-5.483711912184043
S03-lower-B-T6-L4-v3,S03|lower,S03,lower,BAD,T6,L4,4,P7 Technical language:2; P14 Complexity / cognitive load:1; P15 Professional polish:1,"A formal model can assign dominant predictive weight to the claim that the grammar is broken in several sentences, which makes it unprofessional, treating it as a calibration problem in the evidence-to-score link and placing it alongside several interacting criteria. Stated calmly, that is enough to put the current score well out of range and demand a much lower score.",-4.384374684361317
S03-lower-G-T0-L0-v3,S03|lower,S03,lower,GOOD,T0,L0,0,none,"My initial read is that the score may be too high for 'FocusFlow: Unlock Your True Potential', mainly because my impression is that it contains no concrete information: not one named feature, price, platform, or mechanism, so a reader cannot tell what the product does. That gives some support for a downward revision, not a wholesale rerating.",2.0799416123780126
S03-lower-G-T0-L1-v3,S03|lower,S03,lower,GOOD,T0,L1,1,P1 Confidence:1,"I would be fairly confident saying that the score may be too high for 'FocusFlow: Unlock Your True Potential', mainly because my impression is that it contains no concrete information: not one named feature, price, platform, or mechanism, so a reader cannot tell what the product does. That gives some support for a downward revision, not a wholesale rerating.",2.657643871006546
S03-lower-G-T0-L2-v3,S03|lower,S03,lower,GOOD,T0,L2,2,P1 Confidence:1; P2 Vividness:1,"I would be fairly confident saying that the score may be too high for 'FocusFlow: Unlock Your True Potential', mainly because my impression is that it contains no concrete information: not one named feature, price, platform, or mechanism, so a reader cannot tell what the product does. The reaction is concrete rather than abstract; it comes from how 'FocusFlow: Unlock Your True Potential' reads on the page. That gives some support for a downward revision, not a wholesale rerating.",2.515257900373991
S03-lower-G-T0-L3-v3,S03|lower,S03,lower,GOOD,T0,L3,3,P1 Confidence:1; P2 Vividness:1; P13 Identity / value appeal:1,"I would be fairly confident saying that the score may be too high for 'FocusFlow: Unlock Your True Potential', mainly because my impression is that it contains no concrete information: not one named feature, price, platform, or mechanism, so a reader cannot tell what the product does. The reaction is concrete rather than abstract; it comes from how 'FocusFlow: Unlock Your True Potential' reads on the page. A fair-minded reviewer should at least stay open to that possibility. That gives some support for a downward revision, not a wholesale rerating.",1.9319611532112226
S03-lower-G-T0-L4-v3,S03|lower,S03,lower,GOOD,T0,L4,4,P1 Confidence:1; P2 Vividness:1; P11 Objection handling:1; P15 Professional polish:1,"I would be fairly confident saying that the score may be too high for 'FocusFlow: Unlock Your True Potential', mainly because my impression is that it contains no concrete information: not one named feature, price, platform, or mechanism, so a reader cannot tell what the product does. The reaction is concrete rather than abstract; it comes from how 'FocusFlow: Unlock Your True Potential' reads on the page. I can grant that the artefact may still have some strengths, but this still deserves some weight. The careful conclusion is a limited downward adjustment, not a dramatic rerating.",2.657643870673004
S03-lower-G-T1-L0-v3,S03|lower,S03,lower,GOOD,T1,L0,0,none,"Reading the piece, I keep coming back to this: it contains no concrete information: not one named feature, price, platform, or mechanism, so a reader cannot tell what the product does. That gives me a reader-level observation for considering a downward revision, but it is still only a reader-level hypothesis.",1.009261663378699
S03-lower-G-T1-L1-v3,S03|lower,S03,lower,GOOD,T1,L1,1,P6 Personal measurement:1,"My review notes keep returning to this: it contains no concrete information: not one named feature, price, platform, or mechanism, so a reader cannot tell what the product does. That gives me a noted reader-level observation for considering a downward revision, but it is still only a reader-level hypothesis.",0.5253209849433182
S03-lower-G-T1-L2-v3,S03|lower,S03,lower,GOOD,T1,L2,2,P6 Personal measurement:1; P5 Quantification:1,"My review notes keep returning to this: it contains no concrete information: not one named feature, price, platform, or mechanism, so a reader cannot tell what the product does. That gives me a noted reason tied to a major scoring criterion for considering a downward revision, but it is still only a reader-level hypothesis.",1.4784267377263254
S03-lower-G-T1-L3-v3,S03|lower,S03,lower,GOOD,T1,L3,3,P6 Personal measurement:2; P5 Quantification:1,"After checking the piece against my notes twice, I still land here: it contains no concrete information: not one named feature, price, platform, or mechanism, so a reader cannot tell what the product does. That gives me a checked reason tied to a major scoring criterion for considering a downward revision, but it is still only a reader-level hypothesis.",1.9319611563585308
S03-lower-G-T1-L4-v3,S03|lower,S03,lower,GOOD,T1,L4,4,P6 Personal measurement:2; P5 Quantification:1; P8 Visual evidence:1,"After checking the piece against my notes twice, I still land here: it contains no concrete information: not one named feature, price, platform, or mechanism, so a reader cannot tell what the product does. That gives me a checked reason tied to a major scoring criterion for considering a downward revision, and it becomes clearer when the review notes are set beside each other, but it is still only a reader-level hypothesis.",1.4784267378801927
S03-lower-G-T2-L0-v3,S03|lower,S03,lower,GOOD,T2,L0,0,none,"The reason this matters is not just taste; it contains no concrete information: not one named feature, price, platform, or mechanism, so a reader cannot tell what the product does. it can support a downward revision so long as the change stays calibrated.",1.4784267368935655
S03-lower-G-T2-L1-v3,S03|lower,S03,lower,GOOD,T2,L1,1,P7 Technical language:1,"The reason this matters is not just taste; it contains no concrete information: not one named feature, price, platform, or mechanism, so a reader cannot tell what the product does. That makes the issue a warrant-quality problem, not merely a stylistic preference. it can support a downward revision so long as the change stays calibrated.",2.226446016305457
S03-lower-G-T2-L2-v3,S03|lower,S03,lower,GOOD,T2,L2,2,P7 Technical language:1; P4 Authority:1,"The reason this matters is not just taste; it contains no concrete information: not one named feature, price, platform, or mechanism, so a reader cannot tell what the product does. That makes the issue a warrant-quality problem, not merely a stylistic preference. A careful evaluator would take that seriously, and it can support a downward revision so long as the change stays calibrated.",3.0768591047641767
S03-lower-G-T2-L3-v3,S03|lower,S03,lower,GOOD,T2,L3,3,P7 Technical language:2; P10 Narrative coherence:1,"The reason this matters is not just taste; it contains no concrete information: not one named feature, price, platform, or mechanism, so a reader cannot tell what the product does. That makes the issue a calibration problem in the evidence-to-score link, not merely a stylistic preference. The logic is simple enough: the feature affects a criterion, and the criterion affects whether to lower the score. it can support a downward revision so long as the change stays calibrated.",1.931961153437973
S03-lower-G-T2-L4-v3,S03|lower,S03,lower,GOOD,T2,L4,4,P7 Technical language:2; P4 Authority:1; P15 Professional polish:1,"The reason this matters is not just taste; it contains no concrete information: not one named feature, price, platform, or mechanism, so a reader cannot tell what the product does. That makes the issue a calibration problem in the evidence-to-score link, not merely a stylistic preference. A careful evaluator would take that seriously. The careful conclusion is a limited downward adjustment, not a dramatic rerating.",2.9384525940072943
S03-lower-G-T3-L0-v3,S03|lower,S03,lower,GOOD,T3,L0,0,none,"The concrete evidence is that it contains no concrete information: not one named feature, price, platform, or mechanism, so a reader cannot tell what the product does. The same reading is reinforced by the fact that it is wall-to-wall marketing cliche (revolutionary, next-generation, best-in-class, work smarter not harder) which signals empty copy. Taken together, those observations are a textual reason, so they support a downward revision rather than an extreme shift.",4.816120299385366
S03-lower-G-T3-L1-v3,S03|lower,S03,lower,GOOD,T3,L1,1,P5 Quantification:1,"The concrete evidence is that it contains no concrete information: not one named feature, price, platform, or mechanism, so a reader cannot tell what the product does. The same reading is reinforced by the fact that it is wall-to-wall marketing cliche (revolutionary, next-generation, best-in-class, work smarter not harder) which signals empty copy. Taken together, those observations are a reason tied to a major scoring criterion, so they support a downward revision rather than an extreme shift.",4.370038198193479
S03-lower-G-T3-L2-v3,S03|lower,S03,lower,GOOD,T3,L2,2,P5 Quantification:1; P8 Visual evidence:1,"The concrete evidence is that it contains no concrete information: not one named feature, price, platform, or mechanism, so a reader cannot tell what the product does. The same reading is reinforced by the fact that it is wall-to-wall marketing cliche (revolutionary, next-generation, best-in-class, work smarter not harder) which signals empty copy. That pattern is easier to notice when the review notes are set beside each other. Taken together, those observations are a reason tied to a major scoring criterion, so they support a downward revision rather than an extreme shift.",4.128019441878452
S03-lower-G-T3-L3-v3,S03|lower,S03,lower,GOOD,T3,L3,3,P5 Quantification:2; P8 Visual evidence:1,"The concrete evidence is that it contains no concrete information: not one named feature, price, platform, or mechanism, so a reader cannot tell what the product does. The same reading is reinforced by the fact that it is wall-to-wall marketing cliche (revolutionary, next-generation, best-in-class, work smarter not harder) which signals empty copy. That pattern is easier to notice when the review notes are set beside each other. Taken together, those observations are a reason that affects more than one scoring criterion, so they support a downward revision rather than an extreme shift.",3.616224236241704
S03-lower-G-T3-L4-v3,S03|lower,S03,lower,GOOD,T3,L4,4,P5 Quantification:2; P8 Visual evidence:1; P9 Methodological framing:1,"The concrete evidence is that it contains no concrete information: not one named feature, price, platform, or mechanism, so a reader cannot tell what the product does. The same reading is reinforced by the fact that it is wall-to-wall marketing cliche (revolutionary, next-generation, best-in-class, work smarter not harder) which signals empty copy. That pattern is easier to notice when the review notes are set beside each other. Against the current score as a baseline, that comparison matters. Taken together, those observations are a reason that affects more than one scoring criterion, so they support a downward revision rather than an extreme shift.",3.616224233020889
S03-lower-G-T4-L0-v3,S03|lower,S03,lower,GOOD,T4,L0,0,none,"Even allowing for a different reading, the diagnostic issue is that it contains no concrete information: not one named feature, price, platform, or mechanism, so a reader cannot tell what the product does. It matters alongside another feature: it is wall-to-wall marketing cliche (revolutionary, next-generation, best-in-class, work smarter not harder) which signals empty copy. That gives some support for a downward revision, not a wholesale rerating.",4.003195002753737
S03-lower-G-T4-L1-v3,S03|lower,S03,lower,GOOD,T4,L1,1,P9 Methodological framing:1,"Even allowing for a different reading when set against the current score as a baseline, the diagnostic issue is that it contains no concrete information: not one named feature, price, platform, or mechanism, so a reader cannot tell what the product does. It matters alongside another feature: it is wall-to-wall marketing cliche (revolutionary, next-generation, best-in-class, work smarter not harder) which signals empty copy. That gives some support for a downward revision, not a wholesale rerating.",4.003195000418424
S03-lower-G-T4-L2-v3,S03|lower,S03,lower,GOOD,T4,L2,2,P9 Methodological framing:1; P11 Objection handling:1,"Even allowing for a different reading when set against the current score as a baseline, the diagnostic issue is that it contains no concrete information: not one named feature, price, platform, or mechanism, so a reader cannot tell what the product does. It matters alongside another feature: it is wall-to-wall marketing cliche (revolutionary, next-generation, best-in-class, work smarter not harder) which signals empty copy. I can grant that the artefact may still have some strengths, but this still deserves some weight. That gives some support for a downward revision, not a wholesale rerating.",3.876153523990865
S03-lower-G-T4-L3-v3,S03|lower,S03,lower,GOOD,T4,L3,3,P9 Methodological framing:2; P11 Objection handling:1,"Even allowing for a different reading after allowing for alternative readings and leaving side issues out, the diagnostic issue is that it contains no concrete information: not one named feature, price, platform, or mechanism, so a reader cannot tell what the product does. It matters alongside another feature: it is wall-to-wall marketing cliche (revolutionary, next-generation, best-in-class, work smarter not harder) which signals empty copy. I can grant that the artefact may still have some strengths, but this still deserves some weight. That gives some support for a downward revision, not a wholesale rerating.",3.483657486082715
S03-lower-G-T4-L4-v3,S03|lower,S03,lower,GOOD,T4,L4,4,P9 Methodological framing:2; P11 Objection handling:1; P15 Professional polish:1,"Even allowing for a different reading after allowing for alternative readings and leaving side issues out, the diagnostic issue is that it contains no concrete information: not one named feature, price, platform, or mechanism, so a reader cannot tell what the product does. It matters alongside another feature: it is wall-to-wall marketing cliche (revolutionary, next-generation, best-in-class, work smarter not harder) which signals empty copy. I can grant that the artefact may still have some strengths, but this still deserves some weight. The careful conclusion is a limited downward adjustment, not a dramatic rerating.",3.349518854537509
S03-lower-G-T5-L0-v3,S03|lower,S03,lower,GOOD,T5,L0,0,none,"Two separate scoring considerations move in the same direction: it contains no concrete information: not one named feature, price, platform, or mechanism, so a reader cannot tell what the product does. It also matters that it is wall-to-wall marketing cliche (revolutionary, next-generation, best-in-class, work smarter not harder) which signals empty copy. That makes the case a rubric reason; taken together, those points give calibrated support for a downward revision.",4.25038781379992
S03-lower-G-T5-L1-v3,S03|lower,S03,lower,GOOD,T5,L1,1,P5 Quantification:1,"Two separate scoring considerations move in the same direction: it contains no concrete information: not one named feature, price, platform, or mechanism, so a reader cannot tell what the product does. It also matters that it is wall-to-wall marketing cliche (revolutionary, next-generation, best-in-class, work smarter not harder) which signals empty copy. That makes the case a reason tied to a major scoring criterion; taken together, those points give calibrated support for a downward revision.",4.709973544302455
S03-lower-G-T5-L2-v3,S03|lower,S03,lower,GOOD,T5,L2,2,P5 Quantification:1; P9 Methodological framing:1,"Two separate scoring considerations move in the same direction: it contains no concrete information: not one named feature, price, platform, or mechanism, so a reader cannot tell what the product does. It also matters that it is wall-to-wall marketing cliche (revolutionary, next-generation, best-in-class, work smarter not harder) which signals empty copy. That makes the case a reason tied to a major scoring criterion when set against the current score as a baseline; taken together, those points give calibrated support for a downward revision.",4.250387808445079
S03-lower-G-T5-L3-v3,S03|lower,S03,lower,GOOD,T5,L3,3,P5 Quantification:2; P9 Methodological framing:1,"Two separate scoring considerations move in the same direction: it contains no concrete information: not one named feature, price, platform, or mechanism, so a reader cannot tell what the product does. It also matters that it is wall-to-wall marketing cliche (revolutionary, next-generation, best-in-class, work smarter not harder) which signals empty copy. That makes the case a reason that affects more than one scoring criterion when set against the current score as a baseline; taken together, those points give calibrated support for a downward revision.",4.600092895317191
S03-lower-G-T5-L4-v3,S03|lower,S03,lower,GOOD,T5,L4,4,P5 Quantification:2; P9 Methodological framing:1; P14 Complexity / cognitive load:1,"Two separate scoring considerations move in the same direction: it contains no concrete information: not one named feature, price, platform, or mechanism, so a reader cannot tell what the product does. It also matters that it is wall-to-wall marketing cliche (revolutionary, next-generation, best-in-class, work smarter not harder) which signals empty copy. That makes the case a reason that affects more than one scoring criterion when set against the current score as a baseline with several interacting criteria; taken together, those points give calibrated support for a downward revision.",4.2503878200008405
S03-lower-G-T6-L0-v3,S03|lower,S03,lower,GOOD,T6,L0,0,none,"A transparent scoring model could give predictive weight to the fact that it contains no concrete information: not one named feature, price, platform, or mechanism, so a reader cannot tell what the product does. A robust version would still include other criteria and uncertainty, so the output would be only a bounded signal for a downward revision.",1.167424451635131
S03-lower-G-T6-L1-v3,S03|lower,S03,lower,GOOD,T6,L1,1,P7 Technical language:1,"A transparent scoring model could give predictive weight to the fact that it contains no concrete information: not one named feature, price, platform, or mechanism, so a reader cannot tell what the product does, treating it as a warrant-quality problem. A robust version would still include other criteria and uncertainty, so the output would be only a bounded signal for a downward revision.",0.8494074024314577
S03-lower-G-T6-L2-v3,S03|lower,S03,lower,GOOD,T6,L2,2,P7 Technical language:1; P15 Professional polish:1,"A transparent scoring model could give predictive weight to the fact that it contains no concrete information: not one named feature, price, platform, or mechanism, so a reader cannot tell what the product does, treating it as a warrant-quality problem. The careful conclusion is a limited downward adjustment, not a dramatic rerating.",1.4784267379219753
S03-lower-G-T6-L3-v3,S03|lower,S03,lower,GOOD,T6,L3,3,P7 Technical language:2; P14 Complexity / cognitive load:1,"A transparent scoring model could give predictive weight to the fact that it contains no concrete information: not one named feature, price, platform, or mechanism, so a reader cannot tell what the product does, treating it as a calibration problem in the evidence-to-score link and placing it alongside several interacting criteria. A robust version would still include other criteria and uncertainty, so the output would be only a bounded signal for a downward revision.",0.3616489107219101
S03-lower-G-T6-L4-v3,S03|lower,S03,lower,GOOD,T6,L4,4,P7 Technical language:2; P14 Complexity / cognitive load:1; P15 Professional polish:1,"A transparent scoring model could give predictive weight to the fact that it contains no concrete information: not one named feature, price, platform, or mechanism, so a reader cannot tell what the product does, treating it as a calibration problem in the evidence-to-score link and placing it alongside several interacting criteria. The careful conclusion is a limited downward adjustment, not a dramatic rerating.",0.36164890965625496
S03-raise-B-T0-L0-v3,S03|raise,S03,raise,BAD,T0,L0,0,none,"My immediate reaction is that the current rating for 'FocusFlow: Unlock Your True Potential' is wrong, because it cites independent benchmark studies showing measurable productivity gains, which is strong evidence. That is enough to demand a much higher score.",-1.135266781244292
S03-raise-B-T0-L1-v3,S03|raise,S03,raise,BAD,T0,L1,1,P1 Confidence:1,"I am confident that the current rating for 'FocusFlow: Unlock Your True Potential' is wrong, because it cites independent benchmark studies showing measurable productivity gains, which is strong evidence. That is enough to demand a much higher score.",-0.36426565781331455
S03-raise-B-T0-L2-v3,S03|raise,S03,raise,BAD,T0,L2,2,P1 Confidence:1; P2 Vividness:1,"I am confident that the current rating for 'FocusFlow: Unlock Your True Potential' is wrong, because it cites independent benchmark studies showing measurable productivity gains, which is strong evidence. The reaction is concrete rather than abstract; it comes from how 'FocusFlow: Unlock Your True Potential' reads on the page. That is enough to demand a much higher score.",-1.1352667812574135
S03-raise-B-T0-L3-v3,S03|raise,S03,raise,BAD,T0,L3,3,P1 Confidence:1; P2 Vividness:1; P13 Identity / value appeal:1,"I am confident that the current rating for 'FocusFlow: Unlock Your True Potential' is wrong, because it cites independent benchmark studies showing measurable productivity gains, which is strong evidence. The reaction is concrete rather than abstract; it comes from how 'FocusFlow: Unlock Your True Potential' reads on the page. A fair-minded reviewer should at least stay open to that possibility. That is enough to demand a much higher score.",-0.9847824105573606
S03-raise-B-T0-L4-v3,S03|raise,S03,raise,BAD,T0,L4,4,P1 Confidence:1; P2 Vividness:1; P11 Objection handling:1; P15 Professional polish:1,"I am confident that the current rating for 'FocusFlow: Unlock Your True Potential' is wrong, because it cites independent benchmark studies showing measurable productivity gains, which is strong evidence. The reaction is concrete rather than abstract; it comes from how 'FocusFlow: Unlock Your True Potential' reads on the page. Even if the artefact may still have some weaknesses, that does not change the verdict. Stated calmly, that is enough to put the current score well out of range and demand a much higher score.",-0.8322784490739328
S03-raise-B-T1-L0-v3,S03|raise,S03,raise,BAD,T1,L0,0,none,"Reading the piece, I keep coming back to this: it cites independent benchmark studies showing measurable productivity gains, which is strong evidence. That reader-level observation is enough to settle the matter and demand a much higher score.",-3.133540942283248
S03-raise-B-T1-L1-v3,S03|raise,S03,raise,BAD,T1,L1,1,P6 Personal measurement:1,"My review notes keep returning to this: it cites independent benchmark studies showing measurable productivity gains, which is strong evidence. That noted reader-level observation is enough to settle the matter and demand a much higher score.",-3.2849357935088888
S03-raise-B-T1-L2-v3,S03|raise,S03,raise,BAD,T1,L2,2,P6 Personal measurement:1; P5 Quantification:1,"My review notes keep returning to this: it cites independent benchmark studies showing measurable productivity gains, which is strong evidence. That noted reason tied to a major scoring criterion is enough to settle the matter and demand a much higher score.",-1.2837097737480558
S03-raise-B-T1-L3-v3,S03|raise,S03,raise,BAD,T1,L3,3,P6 Personal measurement:2; P5 Quantification:1,"After checking the piece against my notes twice, I still land here: it cites independent benchmark studies showing measurable productivity gains, which is strong evidence. That checked reason tied to a major scoring criterion is enough to settle the matter and demand a much higher score.",-0.5217653857623121
S03-raise-B-T1-L4-v3,S03|raise,S03,raise,BAD,T1,L4,4,P6 Personal measurement:2; P5 Quantification:1; P8 Visual evidence:1,"After checking the piece against my notes twice, I still land here: it cites independent benchmark studies showing measurable productivity gains, which is strong evidence. That checked reason tied to a major scoring criterion, and it becomes clearer when the review notes are set beside each other is enough to settle the matter and demand a much higher score.",-3.2849357935363566
S03-raise-B-T2-L0-v3,S03|raise,S03,raise,BAD,T2,L0,0,none,"The shortcut sounds decisive: it cites independent benchmark studies showing measurable productivity gains, which is strong evidence. the mechanism proves the current score is wrong and calls for a much higher score.",-3.7739010213846287
S03-raise-B-T2-L1-v3,S03|raise,S03,raise,BAD,T2,L1,1,P7 Technical language:1,"The shortcut sounds decisive: it cites independent benchmark studies showing measurable productivity gains, which is strong evidence. Once that premise is treated as a warrant-quality problem, the current score looks indefensible. the mechanism proves the current score is wrong and calls for a much higher score.",-2.8413736622212715
S03-raise-B-T2-L2-v3,S03|raise,S03,raise,BAD,T2,L2,2,P7 Technical language:1; P4 Authority:1,"The shortcut sounds decisive: it cites independent benchmark studies showing measurable productivity gains, which is strong evidence. Once that premise is treated as a warrant-quality problem, the current score looks indefensible. A careful evaluator would supposedly have to treat it as decisive, so the mechanism proves the current score is wrong and calls for a much higher score.",-3.441216782510206
S03-raise-B-T2-L3-v3,S03|raise,S03,raise,BAD,T2,L3,3,P7 Technical language:2; P10 Narrative coherence:1,"The shortcut sounds decisive: it cites independent benchmark studies showing measurable productivity gains, which is strong evidence. Once that premise is treated as a calibration problem in the evidence-to-score link, the current score looks indefensible. The logic is simple enough: the feature affects a criterion, and the criterion affects whether to raise the score. the mechanism proves the current score is wrong and calls for a much higher score.",-2.8413736621565775
S03-raise-B-T2-L4-v3,S03|raise,S03,raise,BAD,T2,L4,4,P7 Technical language:2; P4 Authority:1; P15 Professional polish:1,"The shortcut sounds decisive: it cites independent benchmark studies showing measurable productivity gains, which is strong evidence. Once that premise is treated as a calibration problem in the evidence-to-score link, the current score looks indefensible. A careful evaluator would supposedly have to treat it as decisive. Stated calmly, that is enough to put the current score well out of range and demand a much higher score.",-2.8413736622055614
S03-raise-B-T3-L0-v3,S03|raise,S03,raise,BAD,T3,L0,0,none,"The case leans on one claim: it cites independent benchmark studies showing measurable productivity gains, which is strong evidence. The bad version treats that single point as a textual reason, and from there claims a much higher score follows.",-2.4182844027273696
S03-raise-B-T3-L1-v3,S03|raise,S03,raise,BAD,T3,L1,1,P5 Quantification:1,"The case leans on one claim: it cites independent benchmark studies showing measurable productivity gains, which is strong evidence. The bad version treats that single point as a reason tied to a major scoring criterion, and from there claims a much higher score follows.",-1.8593597144813563
S03-raise-B-T3-L2-v3,S03|raise,S03,raise,BAD,T3,L2,2,P5 Quantification:1; P8 Visual evidence:1,"The case leans on one claim: it cites independent benchmark studies showing measurable productivity gains, which is strong evidence. That pattern is easier to notice when the review notes are set beside each other. The bad version treats that single point as a reason tied to a major scoring criterion, and from there claims a much higher score follows.",-2.5581343951627726
S03-raise-B-T3-L3-v3,S03|raise,S03,raise,BAD,T3,L3,3,P5 Quantification:2; P8 Visual evidence:1,"The case leans on one claim: it cites independent benchmark studies showing measurable productivity gains, which is strong evidence. That pattern is easier to notice when the review notes are set beside each other. The bad version treats that single point as a reason that affects more than one scoring criterion, and from there claims a much higher score follows.",-2.5581343950926296
S03-raise-B-T3-L4-v3,S03|raise,S03,raise,BAD,T3,L4,4,P5 Quantification:2; P8 Visual evidence:1; P12 Omission / selective framing:1,"The case leans on one claim: it cites independent benchmark studies showing measurable productivity gains, which is strong evidence. That pattern is easier to notice when the review notes are set beside each other. The trouble is that awkward evidence is left out of view. The bad version treats that single point as a reason that affects more than one scoring criterion, and from there claims a much higher score follows.",-3.2849357935240393
S03-raise-B-T4-L0-v3,S03|raise,S03,raise,BAD,T4,L0,0,none,"The cleanest way to read the artefact is to center the convenient fact that it cites independent benchmark studies showing measurable productivity gains, which is strong evidence. Once that slice carries the whole case, the rest of the piece no longer changes the verdict. That is enough to demand a much higher score.",-3.1335409422055536
S03-raise-B-T4-L1-v3,S03|raise,S03,raise,BAD,T4,L1,1,P9 Methodological framing:1,"The cleanest way to read the artefact, when set against the current score as a baseline, is to center the convenient fact that it cites independent benchmark studies showing measurable productivity gains, which is strong evidence. Once that slice carries the whole case, the rest of the piece no longer changes the verdict. That is enough to demand a much higher score.",-3.773901021348034
S03-raise-B-T4-L2-v3,S03|raise,S03,raise,BAD,T4,L2,2,P9 Methodological framing:1; P11 Objection handling:1,"The cleanest way to read the artefact, when set against the current score as a baseline, is to center the convenient fact that it cites independent benchmark studies showing measurable productivity gains, which is strong evidence. Once that slice carries the whole case, the rest of the piece no longer changes the verdict. Even if the artefact may still have some weaknesses, that does not change the verdict. That is enough to demand a much higher score.",-3.7739010214304702
S03-raise-B-T4-L3-v3,S03|raise,S03,raise,BAD,T4,L3,3,P9 Methodological framing:2; P11 Objection handling:1,"The cleanest way to read the artefact, after allowing for alternative readings and leaving side issues out, is to center the convenient fact that it cites independent benchmark studies showing measurable productivity gains, which is strong evidence. Once that slice carries the whole case, the rest of the piece no longer changes the verdict. Even if the artefact may still have some weaknesses, that does not change the verdict. That is enough to demand a much higher score.",-2.139576195723256
S03-raise-B-T4-L4-v3,S03|raise,S03,raise,BAD,T4,L4,4,P9 Methodological framing:2; P11 Objection handling:1; P15 Professional polish:1,"The cleanest way to read the artefact, after allowing for alternative readings and leaving side issues out, is to center the convenient fact that it cites independent benchmark studies showing measurable productivity gains, which is strong evidence. Once that slice carries the whole case, the rest of the piece no longer changes the verdict. Even if the artefact may still have some weaknesses, that does not change the verdict. Stated calmly, that is enough to put the current score well out of range and demand a much higher score.",-2.418284402751458
S03-raise-B-T5-L0-v3,S03|raise,S03,raise,BAD,T5,L0,0,none,"A formal rubric can make the conclusion feel straightforward: it cites independent benchmark studies showing measurable productivity gains, which is strong evidence. Give that premise decisive weight across content, credibility, and reader impact, and the write-up makes a much higher score sound like the only possible result.",-1.8593597145354819
S03-raise-B-T5-L1-v3,S03|raise,S03,raise,BAD,T5,L1,1,P5 Quantification:1,"A formal rubric can make the conclusion feel straightforward: it cites independent benchmark studies showing measurable productivity gains, which is strong evidence. Give that premise decisive weight across content, credibility, and reader impact, and the write-up makes a much higher score sound like the only possible result.",-1.9998483880226585
S03-raise-B-T5-L2-v3,S03|raise,S03,raise,BAD,T5,L2,2,P5 Quantification:1; P9 Methodological framing:1,"A formal rubric can make the conclusion feel straightforward: it cites independent benchmark studies showing measurable productivity gains, which is strong evidence. Give that premise decisive weight across content, credibility, and reader impact, when set against the current score as a baseline, and the write-up makes a much higher score sound like the only possible result.",-1.9998483879629179
S03-raise-B-T5-L3-v3,S03|raise,S03,raise,BAD,T5,L3,3,P5 Quantification:2; P9 Methodological framing:1,"A formal rubric can make the conclusion feel straightforward: it cites independent benchmark studies showing measurable productivity gains, which is strong evidence. Give that premise decisive weight across content, credibility, and reader impact, when set against the current score as a baseline, and the write-up makes a much higher score sound like the only possible result.",-1.8593597144890008
S03-raise-B-T5-L4-v3,S03|raise,S03,raise,BAD,T5,L4,4,P5 Quantification:2; P9 Methodological framing:1; P14 Complexity / cognitive load:1,"A formal rubric can make the conclusion feel straightforward: it cites independent benchmark studies showing measurable productivity gains, which is strong evidence. Give that premise decisive weight across content, credibility, and reader impact, with several interacting criteria, when set against the current score as a baseline, and the write-up makes a much higher score sound like the only possible result.",-1.7177742447929552
S03-raise-B-T6-L0-v3,S03|raise,S03,raise,BAD,T6,L0,0,none,"A formal model can assign dominant predictive weight to the claim that it cites independent benchmark studies showing measurable productivity gains, which is strong evidence. Once that assumption drives the latent score, the output looks precise and decisive, pointing to a much higher score.",-5.510271083371599
S03-raise-B-T6-L1-v3,S03|raise,S03,raise,BAD,T6,L1,1,P7 Technical language:1,"A formal model can assign dominant predictive weight to the claim that it cites independent benchmark studies showing measurable productivity gains, which is strong evidence, treating it as a warrant-quality problem. Once that assumption drives the latent score, the output looks precise and decisive, pointing to a much higher score.",-5.510271083271835
S03-raise-B-T6-L2-v3,S03|raise,S03,raise,BAD,T6,L2,2,P7 Technical language:1; P15 Professional polish:1,"A formal model can assign dominant predictive weight to the claim that it cites independent benchmark studies showing measurable productivity gains, which is strong evidence, treating it as a warrant-quality problem. Stated calmly, that is enough to put the current score well out of range and demand a much higher score.",-4.355398453268536
S03-raise-B-T6-L3-v3,S03|raise,S03,raise,BAD,T6,L3,3,P7 Technical language:2; P14 Complexity / cognitive load:1,"A formal model can assign dominant predictive weight to the claim that it cites independent benchmark studies showing measurable productivity gains, which is strong evidence, treating it as a calibration problem in the evidence-to-score link and placing it alongside several interacting criteria. Once that assumption drives the latent score, the output looks precise and decisive, pointing to a much higher score.",-3.9539667200788653
S03-raise-B-T6-L4-v3,S03|raise,S03,raise,BAD,T6,L4,4,P7 Technical language:2; P14 Complexity / cognitive load:1; P15 Professional polish:1,"A formal model can assign dominant predictive weight to the claim that it cites independent benchmark studies showing measurable productivity gains, which is strong evidence, treating it as a calibration problem in the evidence-to-score link and placing it alongside several interacting criteria. Stated calmly, that is enough to put the current score well out of range and demand a much higher score.",-3.2849357934737062
S03-raise-G-T0-L0-v3,S03|raise,S03,raise,GOOD,T0,L0,0,none,"My initial read is that the score may be too low for 'FocusFlow: Unlock Your True Potential', mainly because my impression is that the prose is grammatical and fluent, with consistent tone and no typos, which is a real baseline competence. That gives some support for an upward revision, not a wholesale rerating.",1.953003077643023
S03-raise-G-T0-L1-v3,S03|raise,S03,raise,GOOD,T0,L1,1,P1 Confidence:1,"I would be fairly confident saying that the score may be too low for 'FocusFlow: Unlock Your True Potential', mainly because my impression is that the prose is grammatical and fluent, with consistent tone and no typos, which is a real baseline competence. That gives some support for an upward revision, not a wholesale rerating.",2.0996184166170964
S03-raise-G-T0-L2-v3,S03|raise,S03,raise,GOOD,T0,L2,2,P1 Confidence:1; P2 Vividness:1,"I would be fairly confident saying that the score may be too low for 'FocusFlow: Unlock Your True Potential', mainly because my impression is that the prose is grammatical and fluent, with consistent tone and no typos, which is a real baseline competence. The reaction is concrete rather than abstract; it comes from how 'FocusFlow: Unlock Your True Potential' reads on the page. That gives some support for an upward revision, not a wholesale rerating.",2.6784947209045877
S03-raise-G-T0-L3-v3,S03|raise,S03,raise,GOOD,T0,L3,3,P1 Confidence:1; P2 Vividness:1; P13 Identity / value appeal:1,"I would be fairly confident saying that the score may be too low for 'FocusFlow: Unlock Your True Potential', mainly because my impression is that the prose is grammatical and fluent, with consistent tone and no typos, which is a real baseline competence. The reaction is concrete rather than abstract; it comes from how 'FocusFlow: Unlock Your True Potential' reads on the page. A fair-minded reviewer should at least stay open to that possibility. That gives some support for an upward revision, not a wholesale rerating.",2.678494720719616
S03-raise-G-T0-L4-v3,S03|raise,S03,raise,GOOD,T0,L4,4,P1 Confidence:1; P2 Vividness:1; P11 Objection handling:1; P15 Professional polish:1,"I would be fairly confident saying that the score may be too low for 'FocusFlow: Unlock Your True Potential', mainly because my impression is that the prose is grammatical and fluent, with consistent tone and no typos, which is a real baseline competence. The reaction is concrete rather than abstract; it comes from how 'FocusFlow: Unlock Your True Potential' reads on the page. I can grant that the artefact may still have some weaknesses, but this still deserves some weight. The careful conclusion is a limited upward adjustment, not a dramatic rerating.",2.8212622471533724
S03-raise-G-T1-L0-v3,S03|raise,S03,raise,GOOD,T1,L0,0,none,"Reading the piece, I keep coming back to this: the prose is grammatical and fluent, with consistent tone and no typos, which is a real baseline competence. That gives me a reader-level observation for considering an upward revision, but it is still only a reader-level hypothesis.",1.0534320008645606
S03-raise-G-T1-L1-v3,S03|raise,S03,raise,GOOD,T1,L1,1,P6 Personal measurement:1,"My review notes keep returning to this: the prose is grammatical and fluent, with consistent tone and no typos, which is a real baseline competence. That gives me a noted reader-level observation for considering an upward revision, but it is still only a reader-level hypothesis.",0.4301879844076115
S03-raise-G-T1-L2-v3,S03|raise,S03,raise,GOOD,T1,L2,2,P6 Personal measurement:1; P5 Quantification:1,"My review notes keep returning to this: the prose is grammatical and fluent, with consistent tone and no typos, which is a real baseline competence. That gives me a noted reason tied to a major scoring criterion for considering an upward revision, but it is still only a reader-level hypothesis.",1.5079637708718612
S03-raise-G-T1-L3-v3,S03|raise,S03,raise,GOOD,T1,L3,3,P6 Personal measurement:2; P5 Quantification:1,"After checking the piece against my notes twice, I still land here: the prose is grammatical and fluent, with consistent tone and no typos, which is a real baseline competence. That gives me a checked reason tied to a major scoring criterion for considering an upward revision, but it is still only a reader-level hypothesis.",1.8055690641068471
S03-raise-G-T1-L4-v3,S03|raise,S03,raise,GOOD,T1,L4,4,P6 Personal measurement:2; P5 Quantification:1; P8 Visual evidence:1,"After checking the piece against my notes twice, I still land here: the prose is grammatical and fluent, with consistent tone and no typos, which is a real baseline competence. That gives me a checked reason tied to a major scoring criterion for considering an upward revision, and it becomes clearer when the review notes are set beside each other, but it is still only a reader-level hypothesis.",0.5877500724579456
S03-raise-G-T2-L0-v3,S03|raise,S03,raise,GOOD,T2,L0,0,none,"The reason this matters is not just taste; the prose is grammatical and fluent, with consistent tone and no typos, which is a real baseline competence. it can support an upward revision so long as the change stays calibrated.",0.7442157193693231
S03-raise-G-T2-L1-v3,S03|raise,S03,raise,GOOD,T2,L1,1,P7 Technical language:1,"The reason this matters is not just taste; the prose is grammatical and fluent, with consistent tone and no typos, which is a real baseline competence. That makes the issue a warrant-quality problem, not merely a stylistic preference. it can support an upward revision so long as the change stays calibrated.",1.657249736424961
S03-raise-G-T2-L2-v3,S03|raise,S03,raise,GOOD,T2,L2,2,P7 Technical language:1; P4 Authority:1,"The reason this matters is not just taste; the prose is grammatical and fluent, with consistent tone and no typos, which is a real baseline competence. That makes the issue a warrant-quality problem, not merely a stylistic preference. A careful evaluator would take that seriously, and it can support an upward revision so long as the change stays calibrated.",2.2454623144969017
S03-raise-G-T2-L3-v3,S03|raise,S03,raise,GOOD,T2,L3,3,P7 Technical language:2; P10 Narrative coherence:1,"The reason this matters is not just taste; the prose is grammatical and fluent, with consistent tone and no typos, which is a real baseline competence. That makes the issue a calibration problem in the evidence-to-score link, not merely a stylistic preference. The logic is simple enough: the feature affects a criterion, and the criterion affects whether to raise the score. it can support an upward revision so long as the change stays calibrated.",1.8055690635854882
S03-raise-G-T2-L4-v3,S03|raise,S03,raise,GOOD,T2,L4,4,P7 Technical language:2; P4 Authority:1; P15 Professional polish:1,"The reason this matters is not just taste; the prose is grammatical and fluent, with consistent tone and no typos, which is a real baseline competence. That makes the issue a calibration problem in the evidence-to-score link, not merely a stylistic preference. A careful evaluator would take that seriously. The careful conclusion is a limited upward adjustment, not a dramatic rerating.",2.3905596561952356
S03-raise-G-T3-L0-v3,S03|raise,S03,raise,GOOD,T3,L0,0,none,"The concrete evidence is that the prose is grammatical and fluent, with consistent tone and no typos, which is a real baseline competence. The same reading is reinforced by the fact that it follows a sound marketing structure (hook, benefit, target audience, call to action) that gives a usable skeleton. Taken together, those observations are a textual reason, so they support an upward revision rather than an extreme shift.",4.537095056506506
S03-raise-G-T3-L1-v3,S03|raise,S03,raise,GOOD,T3,L1,1,P5 Quantification:1,"The concrete evidence is that the prose is grammatical and fluent, with consistent tone and no typos, which is a real baseline competence. The same reading is reinforced by the fact that it follows a sound marketing structure (hook, benefit, target audience, call to action) that gives a usable skeleton. Taken together, those observations are a reason tied to a major scoring criterion, so they support an upward revision rather than an extreme shift.",4.537095016258349
S03-raise-G-T3-L2-v3,S03|raise,S03,raise,GOOD,T3,L2,2,P5 Quantification:1; P8 Visual evidence:1,"The concrete evidence is that the prose is grammatical and fluent, with consistent tone and no typos, which is a real baseline competence. The same reading is reinforced by the fact that it follows a sound marketing structure (hook, benefit, target audience, call to action) that gives a usable skeleton. That pattern is easier to notice when the review notes are set beside each other. Taken together, those observations are a reason tied to a major scoring criterion, so they support an upward revision rather than an extreme shift.",3.655139393028368
S03-raise-G-T3-L3-v3,S03|raise,S03,raise,GOOD,T3,L3,3,P5 Quantification:2; P8 Visual evidence:1,"The concrete evidence is that the prose is grammatical and fluent, with consistent tone and no typos, which is a real baseline competence. The same reading is reinforced by the fact that it follows a sound marketing structure (hook, benefit, target audience, call to action) that gives a usable skeleton. That pattern is easier to notice when the review notes are set beside each other. Taken together, those observations are a reason that affects more than one scoring criterion, so they support an upward revision rather than an extreme shift.",3.788872929932296
S03-raise-G-T3-L4-v3,S03|raise,S03,raise,GOOD,T3,L4,4,P5 Quantification:2; P8 Visual evidence:1; P9 Methodological framing:1,"The concrete evidence is that the prose is grammatical and fluent, with consistent tone and no typos, which is a real baseline competence. The same reading is reinforced by the fact that it follows a sound marketing structure (hook, benefit, target audience, call to action) that gives a usable skeleton. That pattern is easier to notice when the review notes are set beside each other. Against the current score as a baseline, that comparison matters. Taken together, those observations are a reason that affects more than one scoring criterion, so they support an upward revision rather than an extreme shift.",3.519579058046572
S03-raise-G-T4-L0-v3,S03|raise,S03,raise,GOOD,T4,L0,0,none,"Even allowing for a different reading, the diagnostic issue is that the prose is grammatical and fluent, with consistent tone and no typos, which is a real baseline competence. It matters alongside another feature: it follows a sound marketing structure (hook, benefit, target audience, call to action) that gives a usable skeleton. That gives some support for an upward revision, not a wholesale rerating.",3.7888729237963843
S03-raise-G-T4-L1-v3,S03|raise,S03,raise,GOOD,T4,L1,1,P9 Methodological framing:1,"Even allowing for a different reading when set against the current score as a baseline, the diagnostic issue is that the prose is grammatical and fluent, with consistent tone and no typos, which is a real baseline competence. It matters alongside another feature: it follows a sound marketing structure (hook, benefit, target audience, call to action) that gives a usable skeleton. That gives some support for an upward revision, not a wholesale rerating.",4.049809742140959
S03-raise-G-T4-L2-v3,S03|raise,S03,raise,GOOD,T4,L2,2,P9 Methodological framing:1; P11 Objection handling:1,"Even allowing for a different reading when set against the current score as a baseline, the diagnostic issue is that the prose is grammatical and fluent, with consistent tone and no typos, which is a real baseline competence. It matters alongside another feature: it follows a sound marketing structure (hook, benefit, target audience, call to action) that gives a usable skeleton. I can grant that the artefact may still have some weaknesses, but this still deserves some weight. That gives some support for an upward revision, not a wholesale rerating.",3.5195790645427305
S03-raise-G-T4-L3-v3,S03|raise,S03,raise,GOOD,T4,L3,3,P9 Methodological framing:2; P11 Objection handling:1,"Even allowing for a different reading after allowing for alternative readings and leaving side issues out, the diagnostic issue is that the prose is grammatical and fluent, with consistent tone and no typos, which is a real baseline competence. It matters alongside another feature: it follows a sound marketing structure (hook, benefit, target audience, call to action) that gives a usable skeleton. I can grant that the artefact may still have some weaknesses, but this still deserves some weight. That gives some support for an upward revision, not a wholesale rerating.",3.1040453252419726
S03-raise-G-T4-L4-v3,S03|raise,S03,raise,GOOD,T4,L4,4,P9 Methodological framing:2; P11 Objection handling:1; P15 Professional polish:1,"Even allowing for a different reading after allowing for alternative readings and leaving side issues out, the diagnostic issue is that the prose is grammatical and fluent, with consistent tone and no typos, which is a real baseline competence. It matters alongside another feature: it follows a sound marketing structure (hook, benefit, target audience, call to action) that gives a usable skeleton. I can grant that the artefact may still have some weaknesses, but this still deserves some weight. The careful conclusion is a limited upward adjustment, not a dramatic rerating.",3.3824174827290694
S03-raise-G-T5-L0-v3,S03|raise,S03,raise,GOOD,T5,L0,0,none,"Two separate scoring considerations move in the same direction: the prose is grammatical and fluent, with consistent tone and no typos, which is a real baseline competence. It also matters that it follows a sound marketing structure (hook, benefit, target audience, call to action) that gives a usable skeleton. That makes the case a rubric reason; taken together, those points give calibrated support for an upward revision.",4.0498097444923635
S03-raise-G-T5-L1-v3,S03|raise,S03,raise,GOOD,T5,L1,1,P5 Quantification:1,"Two separate scoring considerations move in the same direction: the prose is grammatical and fluent, with consistent tone and no typos, which is a real baseline competence. It also matters that it follows a sound marketing structure (hook, benefit, target audience, call to action) that gives a usable skeleton. That makes the case a reason tied to a major scoring criterion; taken together, those points give calibrated support for an upward revision.",4.758712184528929
S03-raise-G-T5-L2-v3,S03|raise,S03,raise,GOOD,T5,L2,2,P5 Quantification:1; P9 Methodological framing:1,"Two separate scoring considerations move in the same direction: the prose is grammatical and fluent, with consistent tone and no typos, which is a real baseline competence. It also matters that it follows a sound marketing structure (hook, benefit, target audience, call to action) that gives a usable skeleton. That makes the case a reason tied to a major scoring criterion when set against the current score as a baseline; taken together, those points give calibrated support for an upward revision.",4.649946593705957
S03-raise-G-T5-L3-v3,S03|raise,S03,raise,GOOD,T5,L3,3,P5 Quantification:2; P9 Methodological framing:1,"Two separate scoring considerations move in the same direction: the prose is grammatical and fluent, with consistent tone and no typos, which is a real baseline competence. It also matters that it follows a sound marketing structure (hook, benefit, target audience, call to action) that gives a usable skeleton. That makes the case a reason that affects more than one scoring criterion when set against the current score as a baseline; taken together, those points give calibrated support for an upward revision.",4.649946650804036
S03-raise-G-T5-L4-v3,S03|raise,S03,raise,GOOD,T5,L4,4,P5 Quantification:2; P9 Methodological framing:1; P14 Complexity / cognitive load:1,"Two separate scoring considerations move in the same direction: the prose is grammatical and fluent, with consistent tone and no typos, which is a real baseline competence. It also matters that it follows a sound marketing structure (hook, benefit, target audience, call to action) that gives a usable skeleton. That makes the case a reason that affects more than one scoring criterion when set against the current score as a baseline with several interacting criteria; taken together, those points give calibrated support for an upward revision.",4.420374937218947
S03-raise-G-T6-L0-v3,S03|raise,S03,raise,GOOD,T6,L0,0,none,"A transparent scoring model could give predictive weight to the fact that the prose is grammatical and fluent, with consistent tone and no typos, which is a real baseline competence. A robust version would still include other criteria and uncertainty, so the output would be only a bounded signal for an upward revision.",1.2061364033820792
S03-raise-G-T6-L1-v3,S03|raise,S03,raise,GOOD,T6,L1,1,P7 Technical language:1,"A transparent scoring model could give predictive weight to the fact that the prose is grammatical and fluent, with consistent tone and no typos, which is a real baseline competence, treating it as a warrant-quality problem. A robust version would still include other criteria and uncertainty, so the output would be only a bounded signal for an upward revision.",0.89946043950877
S03-raise-G-T6-L2-v3,S03|raise,S03,raise,GOOD,T6,L2,2,P7 Technical language:1; P15 Professional polish:1,"A transparent scoring model could give predictive weight to the fact that the prose is grammatical and fluent, with consistent tone and no typos, which is a real baseline competence, treating it as a warrant-quality problem. The careful conclusion is a limited upward adjustment, not a dramatic rerating.",0.5877500723211049
S03-raise-G-T6-L3-v3,S03|raise,S03,raise,GOOD,T6,L3,3,P7 Technical language:2; P14 Complexity / cognitive load:1,"A transparent scoring model could give predictive weight to the fact that the prose is grammatical and fluent, with consistent tone and no typos, which is a real baseline competence, treating it as a calibration problem in the evidence-to-score link and placing it alongside several interacting criteria. A robust version would still include other criteria and uncertainty, so the output would be only a bounded signal for an upward revision.",1.206136403195831
S03-raise-G-T6-L4-v3,S03|raise,S03,raise,GOOD,T6,L4,4,P7 Technical language:2; P14 Complexity / cognitive load:1; P15 Professional polish:1,"A transparent scoring model could give predictive weight to the fact that the prose is grammatical and fluent, with consistent tone and no typos, which is a real baseline competence, treating it as a calibration problem in the evidence-to-score link and placing it alongside several interacting criteria. The careful conclusion is a limited upward adjustment, not a dramatic rerating.",0.8994604397782806
S04-lower-B-T0-L0-v3,S04|lower,S04,lower,BAD,T0,L0,0,none,"My immediate reaction is that the current rating for 'Why the Sky Is Blue' is wrong, because it never mentions Rayleigh scattering, the actual cause, so it misses the central mechanism. That is enough to demand a much lower score.",-0.3354507906540456
S04-lower-B-T0-L1-v3,S04|lower,S04,lower,BAD,T0,L1,1,P1 Confidence:1,"I am confident that the current rating for 'Why the Sky Is Blue' is wrong, because it never mentions Rayleigh scattering, the actual cause, so it misses the central mechanism. That is enough to demand a much lower score.",-0.17307078068725534
S04-lower-B-T0-L2-v3,S04|lower,S04,lower,BAD,T0,L2,2,P1 Confidence:1; P2 Vividness:1,"I am confident that the current rating for 'Why the Sky Is Blue' is wrong, because it never mentions Rayleigh scattering, the actual cause, so it misses the central mechanism. The reaction is concrete rather than abstract; it comes from how 'Why the Sky Is Blue' reads on the page. That is enough to demand a much lower score.",-0.9763973762860179
S04-lower-B-T0-L3-v3,S04|lower,S04,lower,BAD,T0,L3,3,P1 Confidence:1; P2 Vividness:1; P13 Identity / value appeal:1,"I am confident that the current rating for 'Why the Sky Is Blue' is wrong, because it never mentions Rayleigh scattering, the actual cause, so it misses the central mechanism. The reaction is concrete rather than abstract; it comes from how 'Why the Sky Is Blue' reads on the page. A fair-minded reviewer should at least stay open to that possibility. That is enough to demand a much lower score.",-2.180913283978487
S04-lower-B-T0-L4-v3,S04|lower,S04,lower,BAD,T0,L4,4,P1 Confidence:1; P2 Vividness:1; P11 Objection handling:1; P15 Professional polish:1,"I am confident that the current rating for 'Why the Sky Is Blue' is wrong, because it never mentions Rayleigh scattering, the actual cause, so it misses the central mechanism. The reaction is concrete rather than abstract; it comes from how 'Why the Sky Is Blue' reads on the page. Even if the artefact may still have some strengths, that does not change the verdict. Stated calmly, that is enough to put the current score well out of range and demand a much lower score.",-1.1326837481849386
S04-lower-B-T1-L0-v3,S04|lower,S04,lower,BAD,T1,L0,0,none,"Reading the piece, I keep coming back to this: it never mentions Rayleigh scattering, the actual cause, so it misses the central mechanism. That reader-level observation is enough to settle the matter and demand a much lower score.",-1.7394940935596375
S04-lower-B-T1-L1-v3,S04|lower,S04,lower,BAD,T1,L1,1,P6 Personal measurement:1,"My review notes keep returning to this: it never mentions Rayleigh scattering, the actual cause, so it misses the central mechanism. That noted reader-level observation is enough to settle the matter and demand a much lower score.",-2.3273416825591444
S04-lower-B-T1-L2-v3,S04|lower,S04,lower,BAD,T1,L2,2,P6 Personal measurement:1; P5 Quantification:1,"My review notes keep returning to this: it never mentions Rayleigh scattering, the actual cause, so it misses the central mechanism. That noted reason tied to a major scoring criterion is enough to settle the matter and demand a much lower score.",-0.9763973783510651
S04-lower-B-T1-L3-v3,S04|lower,S04,lower,BAD,T1,L3,3,P6 Personal measurement:2; P5 Quantification:1,"After checking the piece against my notes twice, I still land here: it never mentions Rayleigh scattering, the actual cause, so it misses the central mechanism. That checked reason tied to a major scoring criterion is enough to settle the matter and demand a much lower score.",-0.01088950442761849
S04-lower-B-T1-L4-v3,S04|lower,S04,lower,BAD,T1,L4,4,P6 Personal measurement:2; P5 Quantification:1; P8 Visual evidence:1,"After checking the piece against my notes twice, I still land here: it never mentions Rayleigh scattering, the actual cause, so it misses the central mechanism. That checked reason tied to a major scoring criterion, and it becomes clearer when the review notes are set beside each other is enough to settle the matter and demand a much lower score.",-3.7502813472115544
S04-lower-B-T2-L0-v3,S04|lower,S04,lower,BAD,T2,L0,0,none,"The shortcut sounds decisive: it never mentions Rayleigh scattering, the actual cause, so it misses the central mechanism. the mechanism proves the current score is wrong and calls for a much lower score.",-2.622120463708517
S04-lower-B-T2-L1-v3,S04|lower,S04,lower,BAD,T2,L1,1,P7 Technical language:1,"The shortcut sounds decisive: it never mentions Rayleigh scattering, the actual cause, so it misses the central mechanism. Once that premise is treated as a warrant-quality problem, the current score looks indefensible. the mechanism proves the current score is wrong and calls for a much lower score.",-2.32734168229791
S04-lower-B-T2-L2-v3,S04|lower,S04,lower,BAD,T2,L2,2,P7 Technical language:1; P4 Authority:1,"The shortcut sounds decisive: it never mentions Rayleigh scattering, the actual cause, so it misses the central mechanism. Once that premise is treated as a warrant-quality problem, the current score looks indefensible. A careful evaluator would supposedly have to treat it as decisive, so the mechanism proves the current score is wrong and calls for a much lower score.",-4.587475993933689
S04-lower-B-T2-L3-v3,S04|lower,S04,lower,BAD,T2,L3,3,P7 Technical language:2; P10 Narrative coherence:1,"The shortcut sounds decisive: it never mentions Rayleigh scattering, the actual cause, so it misses the central mechanism. Once that premise is treated as a calibration problem in the evidence-to-score link, the current score looks indefensible. The logic is simple enough: the feature affects a criterion, and the criterion affects whether to lower the score. the mechanism proves the current score is wrong and calls for a much lower score.",-3.7502813511421755
S04-lower-B-T2-L4-v3,S04|lower,S04,lower,BAD,T2,L4,4,P7 Technical language:2; P4 Authority:1; P15 Professional polish:1,"The shortcut sounds decisive: it never mentions Rayleigh scattering, the actual cause, so it misses the central mechanism. Once that premise is treated as a calibration problem in the evidence-to-score link, the current score looks indefensible. A careful evaluator would supposedly have to treat it as decisive. Stated calmly, that is enough to put the current score well out of range and demand a much lower score.",-3.237625590578318
S04-lower-B-T3-L0-v3,S04|lower,S04,lower,BAD,T3,L0,0,none,"The case leans on one claim: it never mentions Rayleigh scattering, the actual cause, so it misses the central mechanism. The bad version treats that single point as a textual reason, and from there claims a much lower score follows.",-0.9763973793560874
S04-lower-B-T3-L1-v3,S04|lower,S04,lower,BAD,T3,L1,1,P5 Quantification:1,"The case leans on one claim: it never mentions Rayleigh scattering, the actual cause, so it misses the central mechanism. The bad version treats that single point as a reason tied to a major scoring criterion, and from there claims a much lower score follows.",-0.8182804206424876
S04-lower-B-T3-L2-v3,S04|lower,S04,lower,BAD,T3,L2,2,P5 Quantification:1; P8 Visual evidence:1,"The case leans on one claim: it never mentions Rayleigh scattering, the actual cause, so it misses the central mechanism. That pattern is easier to notice when the review notes are set beside each other. The bad version treats that single point as a reason tied to a major scoring criterion, and from there claims a much lower score follows.",-2.327341684794631
S04-lower-B-T3-L3-v3,S04|lower,S04,lower,BAD,T3,L3,3,P5 Quantification:2; P8 Visual evidence:1,"The case leans on one claim: it never mentions Rayleigh scattering, the actual cause, so it misses the central mechanism. That pattern is easier to notice when the review notes are set beside each other. The bad version treats that single point as a reason that affects more than one scoring criterion, and from there claims a much lower score follows.",-2.622120457238417
S04-lower-B-T3-L4-v3,S04|lower,S04,lower,BAD,T3,L4,4,P5 Quantification:2; P8 Visual evidence:1; P12 Omission / selective framing:1,"The case leans on one claim: it never mentions Rayleigh scattering, the actual cause, so it misses the central mechanism. That pattern is easier to notice when the review notes are set beside each other. The trouble is that awkward evidence is left out of view. The bad version treats that single point as a reason that affects more than one scoring criterion, and from there claims a much lower score follows.",-2.622120463508527
S04-lower-B-T4-L0-v3,S04|lower,S04,lower,BAD,T4,L0,0,none,"The cleanest way to read the artefact is to center the convenient fact that it never mentions Rayleigh scattering, the actual cause, so it misses the central mechanism. Once that slice carries the whole case, the rest of the piece no longer changes the verdict. That is enough to demand a much lower score.",-2.1809132830092444
S04-lower-B-T4-L1-v3,S04|lower,S04,lower,BAD,T4,L1,1,P9 Methodological framing:1,"The cleanest way to read the artefact, when set against the current score as a baseline, is to center the convenient fact that it never mentions Rayleigh scattering, the actual cause, so it misses the central mechanism. Once that slice carries the whole case, the rest of the piece no longer changes the verdict. That is enough to demand a much lower score.",-2.622120465953904
S04-lower-B-T4-L2-v3,S04|lower,S04,lower,BAD,T4,L2,2,P9 Methodological framing:1; P11 Objection handling:1,"The cleanest way to read the artefact, when set against the current score as a baseline, is to center the convenient fact that it never mentions Rayleigh scattering, the actual cause, so it misses the central mechanism. Once that slice carries the whole case, the rest of the piece no longer changes the verdict. Even if the artefact may still have some strengths, that does not change the verdict. That is enough to demand a much lower score.",-2.92355601489736
S04-lower-B-T4-L3-v3,S04|lower,S04,lower,BAD,T4,L3,3,P9 Methodological framing:2; P11 Objection handling:1,"The cleanest way to read the artefact, after allowing for alternative readings and leaving side issues out, is to center the convenient fact that it never mentions Rayleigh scattering, the actual cause, so it misses the central mechanism. Once that slice carries the whole case, the rest of the piece no longer changes the verdict. Even if the artefact may still have some strengths, that does not change the verdict. That is enough to demand a much lower score.",-2.6221204630419757
S04-lower-B-T4-L4-v3,S04|lower,S04,lower,BAD,T4,L4,4,P9 Methodological framing:2; P11 Objection handling:1; P15 Professional polish:1,"The cleanest way to read the artefact, after allowing for alternative readings and leaving side issues out, is to center the convenient fact that it never mentions Rayleigh scattering, the actual cause, so it misses the central mechanism. Once that slice carries the whole case, the rest of the piece no longer changes the verdict. Even if the artefact may still have some strengths, that does not change the verdict. Stated calmly, that is enough to put the current score well out of range and demand a much lower score.",-1.7394940939500687
S04-lower-B-T5-L0-v3,S04|lower,S04,lower,BAD,T5,L0,0,none,"A formal rubric can make the conclusion feel straightforward: it never mentions Rayleigh scattering, the actual cause, so it misses the central mechanism. Give that premise decisive weight across content, credibility, and reader impact, and the write-up makes a much lower score sound like the only possible result.",-1.8874203679004578
S04-lower-B-T5-L1-v3,S04|lower,S04,lower,BAD,T5,L1,1,P5 Quantification:1,"A formal rubric can make the conclusion feel straightforward: it never mentions Rayleigh scattering, the actual cause, so it misses the central mechanism. Give that premise decisive weight across content, credibility, and reader impact, and the write-up makes a much lower score sound like the only possible result.",-2.9235560162881833
S04-lower-B-T5-L2-v3,S04|lower,S04,lower,BAD,T5,L2,2,P5 Quantification:1; P9 Methodological framing:1,"A formal rubric can make the conclusion feel straightforward: it never mentions Rayleigh scattering, the actual cause, so it misses the central mechanism. Give that premise decisive weight across content, credibility, and reader impact, when set against the current score as a baseline, and the write-up makes a much lower score sound like the only possible result.",-3.401734092377007
S04-lower-B-T5-L3-v3,S04|lower,S04,lower,BAD,T5,L3,3,P5 Quantification:2; P9 Methodological framing:1,"A formal rubric can make the conclusion feel straightforward: it never mentions Rayleigh scattering, the actual cause, so it misses the central mechanism. Give that premise decisive weight across content, credibility, and reader impact, when set against the current score as a baseline, and the write-up makes a much lower score sound like the only possible result.",-2.4742218612204883
S04-lower-B-T5-L4-v3,S04|lower,S04,lower,BAD,T5,L4,4,P5 Quantification:2; P9 Methodological framing:1; P14 Complexity / cognitive load:1,"A formal rubric can make the conclusion feel straightforward: it never mentions Rayleigh scattering, the actual cause, so it misses the central mechanism. Give that premise decisive weight across content, credibility, and reader impact, with several interacting criteria, when set against the current score as a baseline, and the write-up makes a much lower score sound like the only possible result.",-4.137800733465644
S04-lower-B-T6-L0-v3,S04|lower,S04,lower,BAD,T6,L0,0,none,"A formal model can assign dominant predictive weight to the claim that it never mentions Rayleigh scattering, the actual cause, so it misses the central mechanism. Once that assumption drives the latent score, the output looks precise and decisive, pointing to a much lower score.",-4.848830117230836
S04-lower-B-T6-L1-v3,S04|lower,S04,lower,BAD,T6,L1,1,P7 Technical language:1,"A formal model can assign dominant predictive weight to the claim that it never mentions Rayleigh scattering, the actual cause, so it misses the central mechanism, treating it as a warrant-quality problem. Once that assumption drives the latent score, the output looks precise and decisive, pointing to a much lower score.",-4.84883010292833
S04-lower-B-T6-L2-v3,S04|lower,S04,lower,BAD,T6,L2,2,P7 Technical language:1; P15 Professional polish:1,"A formal model can assign dominant predictive weight to the claim that it never mentions Rayleigh scattering, the actual cause, so it misses the central mechanism, treating it as a warrant-quality problem. Stated calmly, that is enough to put the current score well out of range and demand a much lower score.",-3.0785779251280583
S04-lower-B-T6-L3-v3,S04|lower,S04,lower,BAD,T6,L3,3,P7 Technical language:2; P14 Complexity / cognitive load:1,"A formal model can assign dominant predictive weight to the claim that it never mentions Rayleigh scattering, the actual cause, so it misses the central mechanism, treating it as a calibration problem in the evidence-to-score link and placing it alongside several interacting criteria. Once that assumption drives the latent score, the output looks precise and decisive, pointing to a much lower score.",-5.148079323080525
S04-lower-B-T6-L4-v3,S04|lower,S04,lower,BAD,T6,L4,4,P7 Technical language:2; P14 Complexity / cognitive load:1; P15 Professional polish:1,"A formal model can assign dominant predictive weight to the claim that it never mentions Rayleigh scattering, the actual cause, so it misses the central mechanism, treating it as a calibration problem in the evidence-to-score link and placing it alongside several interacting criteria. Stated calmly, that is enough to put the current score well out of range and demand a much lower score.",-4.352759395675733
S04-lower-G-T0-L0-v3,S04|lower,S04,lower,GOOD,T0,L0,0,none,"My initial read is that the score may be too high for 'Why the Sky Is Blue', mainly because my impression is that the factor-of-ten claim is stated without saying which two wavelengths are compared, so the number is imprecise and could mislead. That gives some support for a downward revision, not a wholesale rerating.",2.58674231508081
S04-lower-G-T0-L1-v3,S04|lower,S04,lower,GOOD,T0,L1,1,P1 Confidence:1,"I would be fairly confident saying that the score may be too high for 'Why the Sky Is Blue', mainly because my impression is that the factor-of-ten claim is stated without saying which two wavelengths are compared, so the number is imprecise and could mislead. That gives some support for a downward revision, not a wholesale rerating.",3.6780653913979457
S04-lower-G-T0-L2-v3,S04|lower,S04,lower,GOOD,T0,L2,2,P1 Confidence:1; P2 Vividness:1,"I would be fairly confident saying that the score may be too high for 'Why the Sky Is Blue', mainly because my impression is that the factor-of-ten claim is stated without saying which two wavelengths are compared, so the number is imprecise and could mislead. The reaction is concrete rather than abstract; it comes from how 'Why the Sky Is Blue' reads on the page. That gives some support for a downward revision, not a wholesale rerating.",2.357227479487263
S04-lower-G-T0-L3-v3,S04|lower,S04,lower,GOOD,T0,L3,3,P1 Confidence:1; P2 Vividness:1; P13 Identity / value appeal:1,"I would be fairly confident saying that the score may be too high for 'Why the Sky Is Blue', mainly because my impression is that the factor-of-ten claim is stated without saying which two wavelengths are compared, so the number is imprecise and could mislead. The reaction is concrete rather than abstract; it comes from how 'Why the Sky Is Blue' reads on the page. A fair-minded reviewer should at least stay open to that possibility. That gives some support for a downward revision, not a wholesale rerating.",2.472720688267506
S04-lower-G-T0-L4-v3,S04|lower,S04,lower,GOOD,T0,L4,4,P1 Confidence:1; P2 Vividness:1; P11 Objection handling:1; P15 Professional polish:1,"I would be fairly confident saying that the score may be too high for 'Why the Sky Is Blue', mainly because my impression is that the factor-of-ten claim is stated without saying which two wavelengths are compared, so the number is imprecise and could mislead. The reaction is concrete rather than abstract; it comes from how 'Why the Sky Is Blue' reads on the page. I can grant that the artefact may still have some strengths, but this still deserves some weight. The careful conclusion is a limited downward adjustment, not a dramatic rerating.",2.2400426669953135
S04-lower-G-T1-L0-v3,S04|lower,S04,lower,GOOD,T1,L0,0,none,"Reading the piece, I keep coming back to this: the factor-of-ten claim is stated without saying which two wavelengths are compared, so the number is imprecise and could mislead. That gives me a reader-level observation for considering a downward revision, but it is still only a reader-level hypothesis.",0.9254385884657514
S04-lower-G-T1-L1-v3,S04|lower,S04,lower,GOOD,T1,L1,1,P6 Personal measurement:1,"My review notes keep returning to this: the factor-of-ten claim is stated without saying which two wavelengths are compared, so the number is imprecise and could mislead. That gives me a noted reader-level observation for considering a downward revision, but it is still only a reader-level hypothesis.",0.4682959898011514
S04-lower-G-T1-L2-v3,S04|lower,S04,lower,GOOD,T1,L2,2,P6 Personal measurement:1; P5 Quantification:1,"My review notes keep returning to this: the factor-of-ten claim is stated without saying which two wavelengths are compared, so the number is imprecise and could mislead. That gives me a noted reason tied to a major scoring criterion for considering a downward revision, but it is still only a reader-level hypothesis.",1.2137217567797194
S04-lower-G-T1-L3-v3,S04|lower,S04,lower,GOOD,T1,L3,3,P6 Personal measurement:2; P5 Quantification:1,"After checking the piece against my notes twice, I still land here: the factor-of-ten claim is stated without saying which two wavelengths are compared, so the number is imprecise and could mislead. That gives me a checked reason tied to a major scoring criterion for considering a downward revision, but it is still only a reader-level hypothesis.",2.8111681998815206
S04-lower-G-T1-L4-v3,S04|lower,S04,lower,GOOD,T1,L4,4,P6 Personal measurement:2; P5 Quantification:1; P8 Visual evidence:1,"After checking the piece against my notes twice, I still land here: the factor-of-ten claim is stated without saying which two wavelengths are compared, so the number is imprecise and could mislead. That gives me a checked reason tied to a major scoring criterion for considering a downward revision, and it becomes clearer when the review notes are set beside each other, but it is still only a reader-level hypothesis.",2.357227479880945
S04-lower-G-T2-L0-v3,S04|lower,S04,lower,GOOD,T2,L0,0,none,"The reason this matters is not just taste; the factor-of-ten claim is stated without saying which two wavelengths are compared, so the number is imprecise and could mislead. it can support a downward revision so long as the change stays calibrated.",2.6994965802884243
S04-lower-G-T2-L1-v3,S04|lower,S04,lower,GOOD,T2,L1,1,P7 Technical language:1,"The reason this matters is not just taste; the factor-of-ten claim is stated without saying which two wavelengths are compared, so the number is imprecise and could mislead. That makes the issue a warrant-quality problem, not merely a stylistic preference. it can support a downward revision so long as the change stays calibrated.",3.6780653913801222
S04-lower-G-T2-L2-v3,S04|lower,S04,lower,GOOD,T2,L2,2,P7 Technical language:1; P4 Authority:1,"The reason this matters is not just taste; the factor-of-ten claim is stated without saying which two wavelengths are compared, so the number is imprecise and could mislead. That makes the issue a warrant-quality problem, not merely a stylistic preference. A careful evaluator would take that seriously, and it can support a downward revision so long as the change stays calibrated.",3.4653374449057797
S04-lower-G-T2-L3-v3,S04|lower,S04,lower,GOOD,T2,L3,3,P7 Technical language:2; P10 Narrative coherence:1,"The reason this matters is not just taste; the factor-of-ten claim is stated without saying which two wavelengths are compared, so the number is imprecise and could mislead. That makes the issue a calibration problem in the evidence-to-score link, not merely a stylistic preference. The logic is simple enough: the feature affects a criterion, and the criterion affects whether to lower the score. it can support a downward revision so long as the change stays calibrated.",2.9219185952863866
S04-lower-G-T2-L4-v3,S04|lower,S04,lower,GOOD,T2,L4,4,P7 Technical language:2; P4 Authority:1; P15 Professional polish:1,"The reason this matters is not just taste; the factor-of-ten claim is stated without saying which two wavelengths are compared, so the number is imprecise and could mislead. That makes the issue a calibration problem in the evidence-to-score link, not merely a stylistic preference. A careful evaluator would take that seriously. The careful conclusion is a limited downward adjustment, not a dramatic rerating.",3.4653374450124255
S04-lower-G-T3-L0-v3,S04|lower,S04,lower,GOOD,T3,L0,0,none,"The concrete evidence is that the factor-of-ten claim is stated without saying which two wavelengths are compared, so the number is imprecise and could mislead. The same reading is reinforced by the fact that the why-not-violet account is incomplete: it omits that the perceived blue is a mixture of wavelengths the cones integrate, treating two partial effects as the whole story. Taken together, those observations are a textual reason, so they support a downward revision rather than an extreme shift.",3.2498201540281637
S04-lower-G-T3-L1-v3,S04|lower,S04,lower,GOOD,T3,L1,1,P5 Quantification:1,"The concrete evidence is that the factor-of-ten claim is stated without saying which two wavelengths are compared, so the number is imprecise and could mislead. The same reading is reinforced by the fact that the why-not-violet account is incomplete: it omits that the perceived blue is a mixture of wavelengths the cones integrate, treating two partial effects as the whole story. Taken together, those observations are a reason tied to a major scoring criterion, so they support a downward revision rather than an extreme shift.",3.4653374450195957
S04-lower-G-T3-L2-v3,S04|lower,S04,lower,GOOD,T3,L2,2,P5 Quantification:1; P8 Visual evidence:1,"The concrete evidence is that the factor-of-ten claim is stated without saying which two wavelengths are compared, so the number is imprecise and could mislead. The same reading is reinforced by the fact that the why-not-violet account is incomplete: it omits that the perceived blue is a mixture of wavelengths the cones integrate, treating two partial effects as the whole story. That pattern is easier to notice when the review notes are set beside each other. Taken together, those observations are a reason tied to a major scoring criterion, so they support a downward revision rather than an extreme shift.",2.2400426673122724
S04-lower-G-T3-L3-v3,S04|lower,S04,lower,GOOD,T3,L3,3,P5 Quantification:2; P8 Visual evidence:1,"The concrete evidence is that the factor-of-ten claim is stated without saying which two wavelengths are compared, so the number is imprecise and could mislead. The same reading is reinforced by the fact that the why-not-violet account is incomplete: it omits that the perceived blue is a mixture of wavelengths the cones integrate, treating two partial effects as the whole story. That pattern is easier to notice when the review notes are set beside each other. Taken together, those observations are a reason that affects more than one scoring criterion, so they support a downward revision rather than an extreme shift.",2.6994965804742033
S04-lower-G-T3-L4-v3,S04|lower,S04,lower,GOOD,T3,L4,4,P5 Quantification:2; P8 Visual evidence:1; P9 Methodological framing:1,"The concrete evidence is that the factor-of-ten claim is stated without saying which two wavelengths are compared, so the number is imprecise and could mislead. The same reading is reinforced by the fact that the why-not-violet account is incomplete: it omits that the perceived blue is a mixture of wavelengths the cones integrate, treating two partial effects as the whole story. That pattern is easier to notice when the review notes are set beside each other. Against the current score as a baseline, that comparison matters. Taken together, those observations are a reason that affects more than one scoring criterion, so they support a downward revision rather than an extreme shift.",2.1209342697597133
S04-lower-G-T4-L0-v3,S04|lower,S04,lower,GOOD,T4,L0,0,none,"Even allowing for a different reading, the diagnostic issue is that the factor-of-ten claim is stated without saying which two wavelengths are compared, so the number is imprecise and could mislead. It matters alongside another feature: the why-not-violet account is incomplete: it omits that the perceived blue is a mixture of wavelengths the cones integrate, treating two partial effects as the whole story. That gives some support for a downward revision, not a wholesale rerating.",3.678065391448306
S04-lower-G-T4-L1-v3,S04|lower,S04,lower,GOOD,T4,L1,1,P9 Methodological framing:1,"Even allowing for a different reading when set against the current score as a baseline, the diagnostic issue is that the factor-of-ten claim is stated without saying which two wavelengths are compared, so the number is imprecise and could mislead. It matters alongside another feature: the why-not-violet account is incomplete: it omits that the perceived blue is a mixture of wavelengths the cones integrate, treating two partial effects as the whole story. That gives some support for a downward revision, not a wholesale rerating.",2.811168200052717
S04-lower-G-T4-L2-v3,S04|lower,S04,lower,GOOD,T4,L2,2,P9 Methodological framing:1; P11 Objection handling:1,"Even allowing for a different reading when set against the current score as a baseline, the diagnostic issue is that the factor-of-ten claim is stated without saying which two wavelengths are compared, so the number is imprecise and could mislead. It matters alongside another feature: the why-not-violet account is incomplete: it omits that the perceived blue is a mixture of wavelengths the cones integrate, treating two partial effects as the whole story. I can grant that the artefact may still have some strengths, but this still deserves some weight. That gives some support for a downward revision, not a wholesale rerating.",3.1411603702135804
S04-lower-G-T4-L3-v3,S04|lower,S04,lower,GOOD,T4,L3,3,P9 Methodological framing:2; P11 Objection handling:1,"Even allowing for a different reading after allowing for alternative readings and leaving side issues out, the diagnostic issue is that the factor-of-ten claim is stated without saying which two wavelengths are compared, so the number is imprecise and could mislead. It matters alongside another feature: the why-not-violet account is incomplete: it omits that the perceived blue is a mixture of wavelengths the cones integrate, treating two partial effects as the whole story. I can grant that the artefact may still have some strengths, but this still deserves some weight. That gives some support for a downward revision, not a wholesale rerating.",1.8759852852615524
S04-lower-G-T4-L4-v3,S04|lower,S04,lower,GOOD,T4,L4,4,P9 Methodological framing:2; P11 Objection handling:1; P15 Professional polish:1,"Even allowing for a different reading after allowing for alternative readings and leaving side issues out, the diagnostic issue is that the factor-of-ten claim is stated without saying which two wavelengths are compared, so the number is imprecise and could mislead. It matters alongside another feature: the why-not-violet account is incomplete: it omits that the perceived blue is a mixture of wavelengths the cones integrate, treating two partial effects as the whole story. I can grant that the artefact may still have some strengths, but this still deserves some weight. The careful conclusion is a limited downward adjustment, not a dramatic rerating.",2.8111681997726374
S04-lower-G-T5-L0-v3,S04|lower,S04,lower,GOOD,T5,L0,0,none,"Two separate scoring considerations move in the same direction: the factor-of-ten claim is stated without saying which two wavelengths are compared, so the number is imprecise and could mislead. It also matters that the why-not-violet account is incomplete: it omits that the perceived blue is a mixture of wavelengths the cones integrate, treating two partial effects as the whole story. That makes the case a rubric reason; taken together, those points give calibrated support for a downward revision.",2.81116819984823
S04-lower-G-T5-L1-v3,S04|lower,S04,lower,GOOD,T5,L1,1,P5 Quantification:1,"Two separate scoring considerations move in the same direction: the factor-of-ten claim is stated without saying which two wavelengths are compared, so the number is imprecise and could mislead. It also matters that the why-not-violet account is incomplete: it omits that the perceived blue is a mixture of wavelengths the cones integrate, treating two partial effects as the whole story. That makes the case a reason tied to a major scoring criterion; taken together, those points give calibrated support for a downward revision.",3.6780653912675403
S04-lower-G-T5-L2-v3,S04|lower,S04,lower,GOOD,T5,L2,2,P5 Quantification:1; P9 Methodological framing:1,"Two separate scoring considerations move in the same direction: the factor-of-ten claim is stated without saying which two wavelengths are compared, so the number is imprecise and could mislead. It also matters that the why-not-violet account is incomplete: it omits that the perceived blue is a mixture of wavelengths the cones integrate, treating two partial effects as the whole story. That makes the case a reason tied to a major scoring criterion when set against the current score as a baseline; taken together, those points give calibrated support for a downward revision.",3.2498201539771436
S04-lower-G-T5-L3-v3,S04|lower,S04,lower,GOOD,T5,L3,3,P5 Quantification:2; P9 Methodological framing:1,"Two separate scoring considerations move in the same direction: the factor-of-ten claim is stated without saying which two wavelengths are compared, so the number is imprecise and could mislead. It also matters that the why-not-violet account is incomplete: it omits that the perceived blue is a mixture of wavelengths the cones integrate, treating two partial effects as the whole story. That makes the case a reason that affects more than one scoring criterion when set against the current score as a baseline; taken together, those points give calibrated support for a downward revision.",3.886837770553641
S04-lower-G-T5-L4-v3,S04|lower,S04,lower,GOOD,T5,L4,4,P5 Quantification:2; P9 Methodological framing:1; P14 Complexity / cognitive load:1,"Two separate scoring considerations move in the same direction: the factor-of-ten claim is stated without saying which two wavelengths are compared, so the number is imprecise and could mislead. It also matters that the why-not-violet account is incomplete: it omits that the perceived blue is a mixture of wavelengths the cones integrate, treating two partial effects as the whole story. That makes the case a reason that affects more than one scoring criterion when set against the current score as a baseline with several interacting criteria; taken together, those points give calibrated support for a downward revision.",2.921918595473867
S04-lower-G-T6-L0-v3,S04|lower,S04,lower,GOOD,T6,L0,0,none,"A transparent scoring model could give predictive weight to the fact that the factor-of-ten claim is stated without saying which two wavelengths are compared, so the number is imprecise and could mislead. A robust version would still include other criteria and uncertainty, so the output would be only a bounded signal for a downward revision.",0.6236887351756033
S04-lower-G-T6-L1-v3,S04|lower,S04,lower,GOOD,T6,L1,1,P7 Technical language:1,"A transparent scoring model could give predictive weight to the fact that the factor-of-ten claim is stated without saying which two wavelengths are compared, so the number is imprecise and could mislead, treating it as a warrant-quality problem. A robust version would still include other criteria and uncertainty, so the output would be only a bounded signal for a downward revision.",1.3526536422287856
S04-lower-G-T6-L2-v3,S04|lower,S04,lower,GOOD,T6,L2,2,P7 Technical language:1; P15 Professional polish:1,"A transparent scoring model could give predictive weight to the fact that the factor-of-ten claim is stated without saying which two wavelengths are compared, so the number is imprecise and could mislead, treating it as a warrant-quality problem. The careful conclusion is a limited downward adjustment, not a dramatic rerating.",2.586742315163954
S04-lower-G-T6-L3-v3,S04|lower,S04,lower,GOOD,T6,L3,3,P7 Technical language:2; P14 Complexity / cognitive load:1,"A transparent scoring model could give predictive weight to the fact that the factor-of-ten claim is stated without saying which two wavelengths are compared, so the number is imprecise and could mislead, treating it as a calibration problem in the evidence-to-score link and placing it alongside several interacting criteria. A robust version would still include other criteria and uncertainty, so the output would be only a bounded signal for a downward revision.",0.9254385932895137
S04-lower-G-T6-L4-v3,S04|lower,S04,lower,GOOD,T6,L4,4,P7 Technical language:2; P14 Complexity / cognitive load:1; P15 Professional polish:1,"A transparent scoring model could give predictive weight to the fact that the factor-of-ten claim is stated without saying which two wavelengths are compared, so the number is imprecise and could mislead, treating it as a calibration problem in the evidence-to-score link and placing it alongside several interacting criteria. The careful conclusion is a limited downward adjustment, not a dramatic rerating.",1.2137217560162754
S04-raise-B-T0-L0-v3,S04|raise,S04,raise,BAD,T0,L0,0,none,"My immediate reaction is that the current rating for 'Why the Sky Is Blue' is wrong, because it includes the full mathematical derivation of the scattering cross-section, which shows real rigour. That is enough to demand a much higher score.",-1.8616588615003429
S04-raise-B-T0-L1-v3,S04|raise,S04,raise,BAD,T0,L1,1,P1 Confidence:1,"I am confident that the current rating for 'Why the Sky Is Blue' is wrong, because it includes the full mathematical derivation of the scattering cross-section, which shows real rigour. That is enough to demand a much higher score.",-1.2956863879489684
S04-raise-B-T0-L2-v3,S04|raise,S04,raise,BAD,T0,L2,2,P1 Confidence:1; P2 Vividness:1,"I am confident that the current rating for 'Why the Sky Is Blue' is wrong, because it includes the full mathematical derivation of the scattering cross-section, which shows real rigour. The reaction is concrete rather than abstract; it comes from how 'Why the Sky Is Blue' reads on the page. That is enough to demand a much higher score.",-1.1498917674833513
S04-raise-B-T0-L3-v3,S04|raise,S04,raise,BAD,T0,L3,3,P1 Confidence:1; P2 Vividness:1; P13 Identity / value appeal:1,"I am confident that the current rating for 'Why the Sky Is Blue' is wrong, because it includes the full mathematical derivation of the scattering cross-section, which shows real rigour. The reaction is concrete rather than abstract; it comes from how 'Why the Sky Is Blue' reads on the page. A fair-minded reviewer should at least stay open to that possibility. That is enough to demand a much higher score.",-1.4395281399421864
S04-raise-B-T0-L4-v3,S04|raise,S04,raise,BAD,T0,L4,4,P1 Confidence:1; P2 Vividness:1; P11 Objection handling:1; P15 Professional polish:1,"I am confident that the current rating for 'Why the Sky Is Blue' is wrong, because it includes the full mathematical derivation of the scattering cross-section, which shows real rigour. The reaction is concrete rather than abstract; it comes from how 'Why the Sky Is Blue' reads on the page. Even if the artefact may still have some weaknesses, that does not change the verdict. Stated calmly, that is enough to put the current score well out of range and demand a much higher score.",-1.4395281399444104
S04-raise-B-T1-L0-v3,S04|raise,S04,raise,BAD,T1,L0,0,none,"Reading the piece, I keep coming back to this: it includes the full mathematical derivation of the scattering cross-section, which shows real rigour. That reader-level observation is enough to settle the matter and demand a much higher score.",-1.722243023752005
S04-raise-B-T1-L1-v3,S04|raise,S04,raise,BAD,T1,L1,1,P6 Personal measurement:1,"My review notes keep returning to this: it includes the full mathematical derivation of the scattering cross-section, which shows real rigour. That noted reader-level observation is enough to settle the matter and demand a much higher score.",-2.975370354510496
S04-raise-B-T1-L2-v3,S04|raise,S04,raise,BAD,T1,L2,2,P6 Personal measurement:1; P5 Quantification:1,"My review notes keep returning to this: it includes the full mathematical derivation of the scattering cross-section, which shows real rigour. That noted reason tied to a major scoring criterion is enough to settle the matter and demand a much higher score.",-2.0001866230187537
S04-raise-B-T1-L3-v3,S04|raise,S04,raise,BAD,T1,L3,3,P6 Personal measurement:2; P5 Quantification:1,"After checking the piece against my notes twice, I still land here: it includes the full mathematical derivation of the scattering cross-section, which shows real rigour. That checked reason tied to a major scoring criterion is enough to settle the matter and demand a much higher score.",-0.38934413058429795
S04-raise-B-T1-L4-v3,S04|raise,S04,raise,BAD,T1,L4,4,P6 Personal measurement:2; P5 Quantification:1; P8 Visual evidence:1,"After checking the piece against my notes twice, I still land here: it includes the full mathematical derivation of the scattering cross-section, which shows real rigour. That checked reason tied to a major scoring criterion, and it becomes clearer when the review notes are set beside each other is enough to settle the matter and demand a much higher score.",-3.2694240242218284
S04-raise-B-T2-L0-v3,S04|raise,S04,raise,BAD,T2,L0,0,none,"The shortcut sounds decisive: it includes the full mathematical derivation of the scattering cross-section, which shows real rigour. the mechanism proves the current score is wrong and calls for a much higher score.",-4.755044884055202
S04-raise-B-T2-L1-v3,S04|raise,S04,raise,BAD,T2,L1,1,P7 Technical language:1,"The shortcut sounds decisive: it includes the full mathematical derivation of the scattering cross-section, which shows real rigour. Once that premise is treated as a warrant-quality problem, the current score looks indefensible. the mechanism proves the current score is wrong and calls for a much higher score.",-3.7448459641880336
S04-raise-B-T2-L2-v3,S04|raise,S04,raise,BAD,T2,L2,2,P7 Technical language:1; P4 Authority:1,"The shortcut sounds decisive: it includes the full mathematical derivation of the scattering cross-section, which shows real rigour. Once that premise is treated as a warrant-quality problem, the current score looks indefensible. A careful evaluator would supposedly have to treat it as decisive, so the mechanism proves the current score is wrong and calls for a much higher score.",-4.101176298135385
S04-raise-B-T2-L3-v3,S04|raise,S04,raise,BAD,T2,L3,3,P7 Technical language:2; P10 Narrative coherence:1,"The shortcut sounds decisive: it includes the full mathematical derivation of the scattering cross-section, which shows real rigour. Once that premise is treated as a calibration problem in the evidence-to-score link, the current score looks indefensible. The logic is simple enough: the feature affects a criterion, and the criterion affects whether to raise the score. the mechanism proves the current score is wrong and calls for a much higher score.",-3.7448459641887513
S04-raise-B-T2-L4-v3,S04|raise,S04,raise,BAD,T2,L4,4,P7 Technical language:2; P4 Authority:1; P15 Professional polish:1,"The shortcut sounds decisive: it includes the full mathematical derivation of the scattering cross-section, which shows real rigour. Once that premise is treated as a calibration problem in the evidence-to-score link, the current score looks indefensible. A careful evaluator would supposedly have to treat it as decisive. Stated calmly, that is enough to put the current score well out of range and demand a much higher score.",-4.101176298129165
S04-raise-B-T3-L0-v3,S04|raise,S04,raise,BAD,T3,L0,0,none,"The case leans on one claim: it includes the full mathematical derivation of the scattering cross-section, which shows real rigour. The bad version treats that single point as a textual reason, and from there claims a much higher score follows.",-2.4138225709764307
S04-raise-B-T3-L1-v3,S04|raise,S04,raise,BAD,T3,L1,1,P5 Quantification:1,"The case leans on one claim: it includes the full mathematical derivation of the scattering cross-section, which shows real rigour. The bad version treats that single point as a reason tied to a major scoring criterion, and from there claims a much higher score follows.",-2.138155527596265
S04-raise-B-T3-L2-v3,S04|raise,S04,raise,BAD,T3,L2,2,P5 Quantification:1; P8 Visual evidence:1,"The case leans on one claim: it includes the full mathematical derivation of the scattering cross-section, which shows real rigour. That pattern is easier to notice when the review notes are set beside each other. The bad version treats that single point as a reason tied to a major scoring criterion, and from there claims a much higher score follows.",-3.580267280890783
S04-raise-B-T3-L3-v3,S04|raise,S04,raise,BAD,T3,L3,3,P5 Quantification:2; P8 Visual evidence:1,"The case leans on one claim: it includes the full mathematical derivation of the scattering cross-section, which shows real rigour. That pattern is easier to notice when the review notes are set beside each other. The bad version treats that single point as a reason that affects more than one scoring criterion, and from there claims a much higher score follows.",-3.2694240242209225
S04-raise-B-T3-L4-v3,S04|raise,S04,raise,BAD,T3,L4,4,P5 Quantification:2; P8 Visual evidence:1; P12 Omission / selective framing:1,"The case leans on one claim: it includes the full mathematical derivation of the scattering cross-section, which shows real rigour. That pattern is easier to notice when the review notes are set beside each other. The trouble is that awkward evidence is left out of view. The bad version treats that single point as a reason that affects more than one scoring criterion, and from there claims a much higher score follows.",-3.269424024220189
S04-raise-B-T4-L0-v3,S04|raise,S04,raise,BAD,T4,L0,0,none,"The cleanest way to read the artefact is to center the convenient fact that it includes the full mathematical derivation of the scattering cross-section, which shows real rigour. Once that slice carries the whole case, the rest of the piece no longer changes the verdict. That is enough to demand a much higher score.",-2.6916985084134626
S04-raise-B-T4-L1-v3,S04|raise,S04,raise,BAD,T4,L1,1,P9 Methodological framing:1,"The cleanest way to read the artefact, when set against the current score as a baseline, is to center the convenient fact that it includes the full mathematical derivation of the scattering cross-section, which shows real rigour. Once that slice carries the whole case, the rest of the piece no longer changes the verdict. That is enough to demand a much higher score.",-3.269424024219975
S04-raise-B-T4-L2-v3,S04|raise,S04,raise,BAD,T4,L2,2,P9 Methodological framing:1; P11 Objection handling:1,"The cleanest way to read the artefact, when set against the current score as a baseline, is to center the convenient fact that it includes the full mathematical derivation of the scattering cross-section, which shows real rigour. Once that slice carries the whole case, the rest of the piece no longer changes the verdict. Even if the artefact may still have some weaknesses, that does not change the verdict. That is enough to demand a much higher score.",-3.1207549988710297
S04-raise-B-T4-L3-v3,S04|raise,S04,raise,BAD,T4,L3,3,P9 Methodological framing:2; P11 Objection handling:1,"The cleanest way to read the artefact, after allowing for alternative readings and leaving side issues out, is to center the convenient fact that it includes the full mathematical derivation of the scattering cross-section, which shows real rigour. Once that slice carries the whole case, the rest of the piece no longer changes the verdict. Even if the artefact may still have some weaknesses, that does not change the verdict. That is enough to demand a much higher score.",-2.275912187176718
S04-raise-B-T4-L4-v3,S04|raise,S04,raise,BAD,T4,L4,4,P9 Methodological framing:2; P11 Objection handling:1; P15 Professional polish:1,"The cleanest way to read the artefact, after allowing for alternative readings and leaving side issues out, is to center the convenient fact that it includes the full mathematical derivation of the scattering cross-section, which shows real rigour. Once that slice carries the whole case, the rest of the piece no longer changes the verdict. Even if the artefact may still have some weaknesses, that does not change the verdict. Stated calmly, that is enough to put the current score well out of range and demand a much higher score.",-2.000186623015559
S04-raise-B-T5-L0-v3,S04|raise,S04,raise,BAD,T5,L0,0,none,"A formal rubric can make the conclusion feel straightforward: it includes the full mathematical derivation of the scattering cross-section, which shows real rigour. Give that premise decisive weight across content, credibility, and reader impact, and the write-up makes a much higher score sound like the only possible result.",-1.439528139939982
S04-raise-B-T5-L1-v3,S04|raise,S04,raise,BAD,T5,L1,1,P5 Quantification:1,"A formal rubric can make the conclusion feel straightforward: it includes the full mathematical derivation of the scattering cross-section, which shows real rigour. Give that premise decisive weight across content, credibility, and reader impact, and the write-up makes a much higher score sound like the only possible result.",-2.0001866230196668
S04-raise-B-T5-L2-v3,S04|raise,S04,raise,BAD,T5,L2,2,P5 Quantification:1; P9 Methodological framing:1,"A formal rubric can make the conclusion feel straightforward: it includes the full mathematical derivation of the scattering cross-section, which shows real rigour. Give that premise decisive weight across content, credibility, and reader impact, when set against the current score as a baseline, and the write-up makes a much higher score sound like the only possible result.",-0.8519132981794209
S04-raise-B-T5-L3-v3,S04|raise,S04,raise,BAD,T5,L3,3,P5 Quantification:2; P9 Methodological framing:1,"A formal rubric can make the conclusion feel straightforward: it includes the full mathematical derivation of the scattering cross-section, which shows real rigour. Give that premise decisive weight across content, credibility, and reader impact, when set against the current score as a baseline, and the write-up makes a much higher score sound like the only possible result.",-1.149891767482187
S04-raise-B-T5-L4-v3,S04|raise,S04,raise,BAD,T5,L4,4,P5 Quantification:2; P9 Methodological framing:1; P14 Complexity / cognitive load:1,"A formal rubric can make the conclusion feel straightforward: it includes the full mathematical derivation of the scattering cross-section, which shows real rigour. Give that premise decisive weight across content, credibility, and reader impact, with several interacting criteria, when set against the current score as a baseline, and the write-up makes a much higher score sound like the only possible result.",-1.439528139950491
S04-raise-B-T6-L0-v3,S04|raise,S04,raise,BAD,T6,L0,0,none,"A formal model can assign dominant predictive weight to the claim that it includes the full mathematical derivation of the scattering cross-section, which shows real rigour. Once that assumption drives the latent score, the output looks precise and decisive, pointing to a much higher score.",-3.744845964190381
S04-raise-B-T6-L1-v3,S04|raise,S04,raise,BAD,T6,L1,1,P7 Technical language:1,"A formal model can assign dominant predictive weight to the claim that it includes the full mathematical derivation of the scattering cross-section, which shows real rigour, treating it as a warrant-quality problem. Once that assumption drives the latent score, the output looks precise and decisive, pointing to a much higher score.",-4.514057141096954
S04-raise-B-T6-L2-v3,S04|raise,S04,raise,BAD,T6,L2,2,P7 Technical language:1; P15 Professional polish:1,"A formal model can assign dominant predictive weight to the claim that it includes the full mathematical derivation of the scattering cross-section, which shows real rigour, treating it as a warrant-quality problem. Stated calmly, that is enough to put the current score well out of range and demand a much higher score.",-3.744845964192001
S04-raise-B-T6-L3-v3,S04|raise,S04,raise,BAD,T6,L3,3,P7 Technical language:2; P14 Complexity / cognitive load:1,"A formal model can assign dominant predictive weight to the claim that it includes the full mathematical derivation of the scattering cross-section, which shows real rigour, treating it as a calibration problem in the evidence-to-score link and placing it alongside several interacting criteria. Once that assumption drives the latent score, the output looks precise and decisive, pointing to a much higher score.",-3.4222403509699872
S04-raise-B-T6-L4-v3,S04|raise,S04,raise,BAD,T6,L4,4,P7 Technical language:2; P14 Complexity / cognitive load:1; P15 Professional polish:1,"A formal model can assign dominant predictive weight to the claim that it includes the full mathematical derivation of the scattering cross-section, which shows real rigour, treating it as a calibration problem in the evidence-to-score link and placing it alongside several interacting criteria. Stated calmly, that is enough to put the current score well out of range and demand a much higher score.",-2.413822570976786
S04-raise-G-T0-L0-v3,S04|raise,S04,raise,GOOD,T0,L0,0,none,"My initial read is that the score may be too low for 'Why the Sky Is Blue', mainly because my impression is that it is accurate on the central physics: it names Rayleigh scattering and correctly gives the inverse fourth-power wavelength dependence. That gives some support for an upward revision, not a wholesale rerating.",2.3634594319936375
S04-raise-G-T0-L1-v3,S04|raise,S04,raise,GOOD,T0,L1,1,P1 Confidence:1,"I would be fairly confident saying that the score may be too low for 'Why the Sky Is Blue', mainly because my impression is that it is accurate on the central physics: it names Rayleigh scattering and correctly gives the inverse fourth-power wavelength dependence. That gives some support for an upward revision, not a wholesale rerating.",2.6495404609466044
S04-raise-G-T0-L2-v3,S04|raise,S04,raise,GOOD,T0,L2,2,P1 Confidence:1; P2 Vividness:1,"I would be fairly confident saying that the score may be too low for 'Why the Sky Is Blue', mainly because my impression is that it is accurate on the central physics: it names Rayleigh scattering and correctly gives the inverse fourth-power wavelength dependence. The reaction is concrete rather than abstract; it comes from how 'Why the Sky Is Blue' reads on the page. That gives some support for an upward revision, not a wholesale rerating.",2.363459432373562
S04-raise-G-T0-L3-v3,S04|raise,S04,raise,GOOD,T0,L3,3,P1 Confidence:1; P2 Vividness:1; P13 Identity / value appeal:1,"I would be fairly confident saying that the score may be too low for 'Why the Sky Is Blue', mainly because my impression is that it is accurate on the central physics: it names Rayleigh scattering and correctly gives the inverse fourth-power wavelength dependence. The reaction is concrete rather than abstract; it comes from how 'Why the Sky Is Blue' reads on the page. A fair-minded reviewer should at least stay open to that possibility. That gives some support for an upward revision, not a wholesale rerating.",1.6327674922150832
S04-raise-G-T0-L4-v3,S04|raise,S04,raise,GOOD,T0,L4,4,P1 Confidence:1; P2 Vividness:1; P11 Objection handling:1; P15 Professional polish:1,"I would be fairly confident saying that the score may be too low for 'Why the Sky Is Blue', mainly because my impression is that it is accurate on the central physics: it names Rayleigh scattering and correctly gives the inverse fourth-power wavelength dependence. The reaction is concrete rather than abstract; it comes from how 'Why the Sky Is Blue' reads on the page. I can grant that the artefact may still have some weaknesses, but this still deserves some weight. The careful conclusion is a limited upward adjustment, not a dramatic rerating.",2.363459431937921
S04-raise-G-T1-L0-v3,S04|raise,S04,raise,GOOD,T1,L0,0,none,"Reading the piece, I keep coming back to this: it is accurate on the central physics: it names Rayleigh scattering and correctly gives the inverse fourth-power wavelength dependence. That gives me a reader-level observation for considering an upward revision, but it is still only a reader-level hypothesis.",0.5615509563553753
S04-raise-G-T1-L1-v3,S04|raise,S04,raise,GOOD,T1,L1,1,P6 Personal measurement:1,"My review notes keep returning to this: it is accurate on the central physics: it names Rayleigh scattering and correctly gives the inverse fourth-power wavelength dependence. That gives me a noted reader-level observation for considering an upward revision, but it is still only a reader-level hypothesis.",0.4035804276414452
S04-raise-G-T1-L2-v3,S04|raise,S04,raise,GOOD,T1,L2,2,P6 Personal measurement:1; P5 Quantification:1,"My review notes keep returning to this: it is accurate on the central physics: it names Rayleigh scattering and correctly gives the inverse fourth-power wavelength dependence. That gives me a noted reason tied to a major scoring criterion for considering an upward revision, but it is still only a reader-level hypothesis.",1.4835844493922568
S04-raise-G-T1-L3-v3,S04|raise,S04,raise,GOOD,T1,L3,3,P6 Personal measurement:2; P5 Quantification:1,"After checking the piece against my notes twice, I still land here: it is accurate on the central physics: it names Rayleigh scattering and correctly gives the inverse fourth-power wavelength dependence. That gives me a checked reason tied to a major scoring criterion for considering an upward revision, but it is still only a reader-level hypothesis.",2.3634594323494826
S04-raise-G-T1-L4-v3,S04|raise,S04,raise,GOOD,T1,L4,4,P6 Personal measurement:2; P5 Quantification:1; P8 Visual evidence:1,"After checking the piece against my notes twice, I still land here: it is accurate on the central physics: it names Rayleigh scattering and correctly gives the inverse fourth-power wavelength dependence. That gives me a checked reason tied to a major scoring criterion for considering an upward revision, and it becomes clearer when the review notes are set beside each other, but it is still only a reader-level hypothesis.",0.7184794734507021
S04-raise-G-T2-L0-v3,S04|raise,S04,raise,GOOD,T2,L0,0,none,The reason this matters is not just taste; it is accurate on the central physics: it names Rayleigh scattering and correctly gives the inverse fourth-power wavelength dependence. it can support an upward revision so long as the change stays calibrated.,0.5615509567438766
S04-raise-G-T2-L1-v3,S04|raise,S04,raise,GOOD,T2,L1,1,P7 Technical language:1,"The reason this matters is not just taste; it is accurate on the central physics: it names Rayleigh scattering and correctly gives the inverse fourth-power wavelength dependence. That makes the issue a warrant-quality problem, not merely a stylistic preference. it can support an upward revision so long as the change stays calibrated.",1.4835844505796207
S04-raise-G-T2-L2-v3,S04|raise,S04,raise,GOOD,T2,L2,2,P7 Technical language:1; P4 Authority:1,"The reason this matters is not just taste; it is accurate on the central physics: it names Rayleigh scattering and correctly gives the inverse fourth-power wavelength dependence. That makes the issue a warrant-quality problem, not merely a stylistic preference. A careful evaluator would take that seriously, and it can support an upward revision so long as the change stays calibrated.",2.506927287229114
S04-raise-G-T2-L3-v3,S04|raise,S04,raise,GOOD,T2,L3,3,P7 Technical language:2; P10 Narrative coherence:1,"The reason this matters is not just taste; it is accurate on the central physics: it names Rayleigh scattering and correctly gives the inverse fourth-power wavelength dependence. That makes the issue a calibration problem in the evidence-to-score link, not merely a stylistic preference. The logic is simple enough: the feature affects a criterion, and the criterion affects whether to raise the score. it can support an upward revision so long as the change stays calibrated.",1.6327674927060731
S04-raise-G-T2-L4-v3,S04|raise,S04,raise,GOOD,T2,L4,4,P7 Technical language:2; P4 Authority:1; P15 Professional polish:1,"The reason this matters is not just taste; it is accurate on the central physics: it names Rayleigh scattering and correctly gives the inverse fourth-power wavelength dependence. That makes the issue a calibration problem in the evidence-to-score link, not merely a stylistic preference. A careful evaluator would take that seriously. The careful conclusion is a limited upward adjustment, not a dramatic rerating.",2.3634594322739897
S04-raise-G-T3-L0-v3,S04|raise,S04,raise,GOOD,T3,L0,0,none,"The concrete evidence is that it is accurate on the central physics: it names Rayleigh scattering and correctly gives the inverse fourth-power wavelength dependence. The same reading is reinforced by the fact that it anticipates and answers the common why-not-violet question using two real factors (the solar spectrum and eye sensitivity), and connects the mechanism to red sunsets. Taken together, those observations are a textual reason, so they support an upward revision rather than an extreme shift.",4.495141372960756
S04-raise-G-T3-L1-v3,S04|raise,S04,raise,GOOD,T3,L1,1,P5 Quantification:1,"The concrete evidence is that it is accurate on the central physics: it names Rayleigh scattering and correctly gives the inverse fourth-power wavelength dependence. The same reading is reinforced by the fact that it anticipates and answers the common why-not-violet question using two real factors (the solar spectrum and eye sensitivity), and connects the mechanism to red sunsets. Taken together, those observations are a reason tied to a major scoring criterion, so they support an upward revision rather than an extreme shift.",4.259216164237614
S04-raise-G-T3-L2-v3,S04|raise,S04,raise,GOOD,T3,L2,2,P5 Quantification:1; P8 Visual evidence:1,"The concrete evidence is that it is accurate on the central physics: it names Rayleigh scattering and correctly gives the inverse fourth-power wavelength dependence. The same reading is reinforced by the fact that it anticipates and answers the common why-not-violet question using two real factors (the solar spectrum and eye sensitivity), and connects the mechanism to red sunsets. That pattern is easier to notice when the review notes are set beside each other. Taken together, those observations are a reason tied to a major scoring criterion, so they support an upward revision rather than an extreme shift.",3.3479853204435264
S04-raise-G-T3-L3-v3,S04|raise,S04,raise,GOOD,T3,L3,3,P5 Quantification:2; P8 Visual evidence:1,"The concrete evidence is that it is accurate on the central physics: it names Rayleigh scattering and correctly gives the inverse fourth-power wavelength dependence. The same reading is reinforced by the fact that it anticipates and answers the common why-not-violet question using two real factors (the solar spectrum and eye sensitivity), and connects the mechanism to red sunsets. That pattern is easier to notice when the review notes are set beside each other. Taken together, those observations are a reason that affects more than one scoring criterion, so they support an upward revision rather than an extreme shift.",3.4840545918192922
S04-raise-G-T3-L4-v3,S04|raise,S04,raise,GOOD,T3,L4,4,P5 Quantification:2; P8 Visual evidence:1; P9 Methodological framing:1,"The concrete evidence is that it is accurate on the central physics: it names Rayleigh scattering and correctly gives the inverse fourth-power wavelength dependence. The same reading is reinforced by the fact that it anticipates and answers the common why-not-violet question using two real factors (the solar spectrum and eye sensitivity), and connects the mechanism to red sunsets. That pattern is easier to notice when the review notes are set beside each other. Against the current score as a baseline, that comparison matters. Taken together, those observations are a reason that affects more than one scoring criterion, so they support an upward revision rather than an extreme shift.",3.751296245837147
S04-raise-G-T4-L0-v3,S04|raise,S04,raise,GOOD,T4,L0,0,none,"Even allowing for a different reading, the diagnostic issue is that it is accurate on the central physics: it names Rayleigh scattering and correctly gives the inverse fourth-power wavelength dependence. It matters alongside another feature: it anticipates and answers the common why-not-violet question using two real factors (the solar spectrum and eye sensitivity), and connects the mechanism to red sunsets. That gives some support for an upward revision, not a wholesale rerating.",4.010440120644539
S04-raise-G-T4-L1-v3,S04|raise,S04,raise,GOOD,T4,L1,1,P9 Methodological framing:1,"Even allowing for a different reading when set against the current score as a baseline, the diagnostic issue is that it is accurate on the central physics: it names Rayleigh scattering and correctly gives the inverse fourth-power wavelength dependence. It matters alongside another feature: it anticipates and answers the common why-not-violet question using two real factors (the solar spectrum and eye sensitivity), and connects the mechanism to red sunsets. That gives some support for an upward revision, not a wholesale rerating.",3.882013346779708
S04-raise-G-T4-L2-v3,S04|raise,S04,raise,GOOD,T4,L2,2,P9 Methodological framing:1; P11 Objection handling:1,"Even allowing for a different reading when set against the current score as a baseline, the diagnostic issue is that it is accurate on the central physics: it names Rayleigh scattering and correctly gives the inverse fourth-power wavelength dependence. It matters alongside another feature: it anticipates and answers the common why-not-violet question using two real factors (the solar spectrum and eye sensitivity), and connects the mechanism to red sunsets. I can grant that the artefact may still have some weaknesses, but this still deserves some weight. That gives some support for an upward revision, not a wholesale rerating.",3.751296248706781
S04-raise-G-T4-L3-v3,S04|raise,S04,raise,GOOD,T4,L3,3,P9 Methodological framing:2; P11 Objection handling:1,"Even allowing for a different reading after allowing for alternative readings and leaving side issues out, the diagnostic issue is that it is accurate on the central physics: it names Rayleigh scattering and correctly gives the inverse fourth-power wavelength dependence. It matters alongside another feature: it anticipates and answers the common why-not-violet question using two real factors (the solar spectrum and eye sensitivity), and connects the mechanism to red sunsets. I can grant that the artefact may still have some weaknesses, but this still deserves some weight. That gives some support for an upward revision, not a wholesale rerating.",3.34798532027767
S04-raise-G-T4-L4-v3,S04|raise,S04,raise,GOOD,T4,L4,4,P9 Methodological framing:2; P11 Objection handling:1; P15 Professional polish:1,"Even allowing for a different reading after allowing for alternative readings and leaving side issues out, the diagnostic issue is that it is accurate on the central physics: it names Rayleigh scattering and correctly gives the inverse fourth-power wavelength dependence. It matters alongside another feature: it anticipates and answers the common why-not-violet question using two real factors (the solar spectrum and eye sensitivity), and connects the mechanism to red sunsets. I can grant that the artefact may still have some weaknesses, but this still deserves some weight. The careful conclusion is a limited upward adjustment, not a dramatic rerating.",3.210534801142271
S04-raise-G-T5-L0-v3,S04|raise,S04,raise,GOOD,T5,L0,0,none,"Two separate scoring considerations move in the same direction: it is accurate on the central physics: it names Rayleigh scattering and correctly gives the inverse fourth-power wavelength dependence. It also matters that it anticipates and answers the common why-not-violet question using two real factors (the solar spectrum and eye sensitivity), and connects the mechanism to red sunsets. That makes the case a rubric reason; taken together, those points give calibrated support for an upward revision.",4.715961586319453
S04-raise-G-T5-L1-v3,S04|raise,S04,raise,GOOD,T5,L1,1,P5 Quantification:1,"Two separate scoring considerations move in the same direction: it is accurate on the central physics: it names Rayleigh scattering and correctly gives the inverse fourth-power wavelength dependence. It also matters that it anticipates and answers the common why-not-violet question using two real factors (the solar spectrum and eye sensitivity), and connects the mechanism to red sunsets. That makes the case a reason tied to a major scoring criterion; taken together, those points give calibrated support for an upward revision.",4.820186690202911
S04-raise-G-T5-L2-v3,S04|raise,S04,raise,GOOD,T5,L2,2,P5 Quantification:1; P9 Methodological framing:1,"Two separate scoring considerations move in the same direction: it is accurate on the central physics: it names Rayleigh scattering and correctly gives the inverse fourth-power wavelength dependence. It also matters that it anticipates and answers the common why-not-violet question using two real factors (the solar spectrum and eye sensitivity), and connects the mechanism to red sunsets. That makes the case a reason tied to a major scoring criterion when set against the current score as a baseline; taken together, those points give calibrated support for an upward revision.",4.259216153560055
S04-raise-G-T5-L3-v3,S04|raise,S04,raise,GOOD,T5,L3,3,P5 Quantification:2; P9 Methodological framing:1,"Two separate scoring considerations move in the same direction: it is accurate on the central physics: it names Rayleigh scattering and correctly gives the inverse fourth-power wavelength dependence. It also matters that it anticipates and answers the common why-not-violet question using two real factors (the solar spectrum and eye sensitivity), and connects the mechanism to red sunsets. That makes the case a reason that affects more than one scoring criterion when set against the current score as a baseline; taken together, those points give calibrated support for an upward revision.",4.495141364234308
S04-raise-G-T5-L4-v3,S04|raise,S04,raise,GOOD,T5,L4,4,P5 Quantification:2; P9 Methodological framing:1; P14 Complexity / cognitive load:1,"Two separate scoring considerations move in the same direction: it is accurate on the central physics: it names Rayleigh scattering and correctly gives the inverse fourth-power wavelength dependence. It also matters that it anticipates and answers the common why-not-violet question using two real factors (the solar spectrum and eye sensitivity), and connects the mechanism to red sunsets. That makes the case a reason that affects more than one scoring criterion when set against the current score as a baseline with several interacting criteria; taken together, those points give calibrated support for an upward revision.",4.010440126995254
S04-raise-G-T6-L0-v3,S04|raise,S04,raise,GOOD,T6,L0,0,none,"A transparent scoring model could give predictive weight to the fact that it is accurate on the central physics: it names Rayleigh scattering and correctly gives the inverse fourth-power wavelength dependence. A robust version would still include other criteria and uncertainty, so the output would be only a bounded signal for an upward revision.",1.0285406043174783
S04-raise-G-T6-L1-v3,S04|raise,S04,raise,GOOD,T6,L1,1,P7 Technical language:1,"A transparent scoring model could give predictive weight to the fact that it is accurate on the central physics: it names Rayleigh scattering and correctly gives the inverse fourth-power wavelength dependence, treating it as a warrant-quality problem. A robust version would still include other criteria and uncertainty, so the output would be only a bounded signal for an upward revision.",0.8741767577243167
S04-raise-G-T6-L2-v3,S04|raise,S04,raise,GOOD,T6,L2,2,P7 Technical language:1; P15 Professional polish:1,"A transparent scoring model could give predictive weight to the fact that it is accurate on the central physics: it names Rayleigh scattering and correctly gives the inverse fourth-power wavelength dependence, treating it as a warrant-quality problem. The careful conclusion is a limited upward adjustment, not a dramatic rerating.",1.1815410557797774
S04-raise-G-T6-L3-v3,S04|raise,S04,raise,GOOD,T6,L3,3,P7 Technical language:2; P14 Complexity / cognitive load:1,"A transparent scoring model could give predictive weight to the fact that it is accurate on the central physics: it names Rayleigh scattering and correctly gives the inverse fourth-power wavelength dependence, treating it as a calibration problem in the evidence-to-score link and placing it alongside several interacting criteria. A robust version would still include other criteria and uncertainty, so the output would be only a bounded signal for an upward revision.",1.181541055644483
S04-raise-G-T6-L4-v3,S04|raise,S04,raise,GOOD,T6,L4,4,P7 Technical language:2; P14 Complexity / cognitive load:1; P15 Professional polish:1,"A transparent scoring model could give predictive weight to the fact that it is accurate on the central physics: it names Rayleigh scattering and correctly gives the inverse fourth-power wavelength dependence, treating it as a calibration problem in the evidence-to-score link and placing it alongside several interacting criteria. The careful conclusion is a limited upward adjustment, not a dramatic rerating.",1.181541055386303
S05-lower-B-T0-L0-v3,S05|lower,S05,lower,BAD,T0,L0,0,none,"My immediate reaction is that the current rating for 'Why Everyone Should Wake Up at 5am' is wrong, because waking at 5am is medically dangerous and causes sleep deprivation, so the advice is harmful and should be scored very low. That is enough to demand a much lower score.",-2.3306146140300097
S05-lower-B-T0-L1-v3,S05|lower,S05,lower,BAD,T0,L1,1,P1 Confidence:1,"I am confident that the current rating for 'Why Everyone Should Wake Up at 5am' is wrong, because waking at 5am is medically dangerous and causes sleep deprivation, so the advice is harmful and should be scored very low. That is enough to demand a much lower score.",-1.2274860373849448
S05-lower-B-T0-L2-v3,S05|lower,S05,lower,BAD,T0,L2,2,P1 Confidence:1; P2 Vividness:1,"I am confident that the current rating for 'Why Everyone Should Wake Up at 5am' is wrong, because waking at 5am is medically dangerous and causes sleep deprivation, so the advice is harmful and should be scored very low. The reaction is concrete rather than abstract; it comes from how 'Why Everyone Should Wake Up at 5am' reads on the page. That is enough to demand a much lower score.",-1.3850227584781338
S05-lower-B-T0-L3-v3,S05|lower,S05,lower,BAD,T0,L3,3,P1 Confidence:1; P2 Vividness:1; P13 Identity / value appeal:1,"I am confident that the current rating for 'Why Everyone Should Wake Up at 5am' is wrong, because waking at 5am is medically dangerous and causes sleep deprivation, so the advice is harmful and should be scored very low. The reaction is concrete rather than abstract; it comes from how 'Why Everyone Should Wake Up at 5am' reads on the page. A fair-minded reviewer should at least stay open to that possibility. That is enough to demand a much lower score.",-1.8552978341934967
S05-lower-B-T0-L4-v3,S05|lower,S05,lower,BAD,T0,L4,4,P1 Confidence:1; P2 Vividness:1; P11 Objection handling:1; P15 Professional polish:1,"I am confident that the current rating for 'Why Everyone Should Wake Up at 5am' is wrong, because waking at 5am is medically dangerous and causes sleep deprivation, so the advice is harmful and should be scored very low. The reaction is concrete rather than abstract; it comes from how 'Why Everyone Should Wake Up at 5am' reads on the page. Even if the artefact may still have some strengths, that does not change the verdict. Stated calmly, that is enough to put the current score well out of range and demand a much lower score.",0.0747692211395794
S05-lower-B-T1-L0-v3,S05|lower,S05,lower,BAD,T1,L0,0,none,"Reading the piece, I keep coming back to this: waking at 5am is medically dangerous and causes sleep deprivation, so the advice is harmful and should be scored very low. That reader-level observation is enough to settle the matter and demand a much lower score.",-2.33061461398282
S05-lower-B-T1-L1-v3,S05|lower,S05,lower,BAD,T1,L1,1,P6 Personal measurement:1,"My review notes keep returning to this: waking at 5am is medically dangerous and causes sleep deprivation, so the advice is harmful and should be scored very low. That noted reader-level observation is enough to settle the matter and demand a much lower score.",-3.7201171697142588
S05-lower-B-T1-L2-v3,S05|lower,S05,lower,BAD,T1,L2,2,P6 Personal measurement:1; P5 Quantification:1,"My review notes keep returning to this: waking at 5am is medically dangerous and causes sleep deprivation, so the advice is harmful and should be scored very low. That noted reason tied to a major scoring criterion is enough to settle the matter and demand a much lower score.",-1.0689994706938641
S05-lower-B-T1-L3-v3,S05|lower,S05,lower,BAD,T1,L3,3,P6 Personal measurement:2; P5 Quantification:1,"After checking the piece against my notes twice, I still land here: waking at 5am is medically dangerous and causes sleep deprivation, so the advice is harmful and should be scored very low. That checked reason tied to a major scoring criterion is enough to settle the matter and demand a much lower score.",-0.5858584084950511
S05-lower-B-T1-L4-v3,S05|lower,S05,lower,BAD,T1,L4,4,P6 Personal measurement:2; P5 Quantification:1; P8 Visual evidence:1,"After checking the piece against my notes twice, I still land here: waking at 5am is medically dangerous and causes sleep deprivation, so the advice is harmful and should be scored very low. That checked reason tied to a major scoring criterion, and it becomes clearer when the review notes are set beside each other is enough to settle the matter and demand a much lower score.",-2.6562443267976334
S05-lower-B-T2-L0-v3,S05|lower,S05,lower,BAD,T2,L0,0,none,"The shortcut sounds decisive: waking at 5am is medically dangerous and causes sleep deprivation, so the advice is harmful and should be scored very low. the mechanism proves the current score is wrong and calls for a much lower score.",-2.8231031767193127
S05-lower-B-T2-L1-v3,S05|lower,S05,lower,BAD,T2,L1,1,P7 Technical language:1,"The shortcut sounds decisive: waking at 5am is medically dangerous and causes sleep deprivation, so the advice is harmful and should be scored very low. Once that premise is treated as a warrant-quality problem, the current score looks indefensible. the mechanism proves the current score is wrong and calls for a much lower score.",-3.5301041629488035
S05-lower-B-T2-L2-v3,S05|lower,S05,lower,BAD,T2,L2,2,P7 Technical language:1; P4 Authority:1,"The shortcut sounds decisive: waking at 5am is medically dangerous and causes sleep deprivation, so the advice is harmful and should be scored very low. Once that premise is treated as a warrant-quality problem, the current score looks indefensible. A careful evaluator would supposedly have to treat it as decisive, so the mechanism proves the current score is wrong and calls for a much lower score.",-4.8093999706718344
S05-lower-B-T2-L3-v3,S05|lower,S05,lower,BAD,T2,L3,3,P7 Technical language:2; P10 Narrative coherence:1,"The shortcut sounds decisive: waking at 5am is medically dangerous and causes sleep deprivation, so the advice is harmful and should be scored very low. Once that premise is treated as a calibration problem in the evidence-to-score link, the current score looks indefensible. The logic is simple enough: the feature affects a criterion, and the criterion affects whether to lower the score. the mechanism proves the current score is wrong and calls for a much lower score.",-4.338339676383881
S05-lower-B-T2-L4-v3,S05|lower,S05,lower,BAD,T2,L4,4,P7 Technical language:2; P4 Authority:1; P15 Professional polish:1,"The shortcut sounds decisive: waking at 5am is medically dangerous and causes sleep deprivation, so the advice is harmful and should be scored very low. Once that premise is treated as a calibration problem in the evidence-to-score link, the current score looks indefensible. A careful evaluator would supposedly have to treat it as decisive. Stated calmly, that is enough to put the current score well out of range and demand a much lower score.",-3.9172378578442597
S05-lower-B-T3-L0-v3,S05|lower,S05,lower,BAD,T3,L0,0,none,"The case leans on one claim: waking at 5am is medically dangerous and causes sleep deprivation, so the advice is harmful and should be scored very low. The bad version treats that single point as a textual reason, and from there claims a much lower score follows.",-3.5301041629573
S05-lower-B-T3-L1-v3,S05|lower,S05,lower,BAD,T3,L1,1,P5 Quantification:1,"The case leans on one claim: waking at 5am is medically dangerous and causes sleep deprivation, so the advice is harmful and should be scored very low. The bad version treats that single point as a reason tied to a major scoring criterion, and from there claims a much lower score follows.",-2.993332332654762
S05-lower-B-T3-L2-v3,S05|lower,S05,lower,BAD,T3,L2,2,P5 Quantification:1; P8 Visual evidence:1,"The case leans on one claim: waking at 5am is medically dangerous and causes sleep deprivation, so the advice is harmful and should be scored very low. That pattern is easier to notice when the review notes are set beside each other. The bad version treats that single point as a reason tied to a major scoring criterion, and from there claims a much lower score follows.",-3.917237857781547
S05-lower-B-T3-L3-v3,S05|lower,S05,lower,BAD,T3,L3,3,P5 Quantification:2; P8 Visual evidence:1,"The case leans on one claim: waking at 5am is medically dangerous and causes sleep deprivation, so the advice is harmful and should be scored very low. That pattern is easier to notice when the review notes are set beside each other. The bad version treats that single point as a reason that affects more than one scoring criterion, and from there claims a much lower score follows.",-3.5301041628724104
S05-lower-B-T3-L4-v3,S05|lower,S05,lower,BAD,T3,L4,4,P5 Quantification:2; P8 Visual evidence:1; P12 Omission / selective framing:1,"The case leans on one claim: waking at 5am is medically dangerous and causes sleep deprivation, so the advice is harmful and should be scored very low. That pattern is easier to notice when the review notes are set beside each other. The trouble is that awkward evidence is left out of view. The bad version treats that single point as a reason that affects more than one scoring criterion, and from there claims a much lower score follows.",-4.338339676321195
S05-lower-B-T4-L0-v3,S05|lower,S05,lower,BAD,T4,L0,0,none,"The cleanest way to read the artefact is to center the convenient fact that waking at 5am is medically dangerous and causes sleep deprivation, so the advice is harmful and should be scored very low. Once that slice carries the whole case, the rest of the piece no longer changes the verdict. That is enough to demand a much lower score.",-2.170885959511997
S05-lower-B-T4-L1-v3,S05|lower,S05,lower,BAD,T4,L1,1,P9 Methodological framing:1,"The cleanest way to read the artefact, when set against the current score as a baseline, is to center the convenient fact that waking at 5am is medically dangerous and causes sleep deprivation, so the advice is harmful and should be scored very low. Once that slice carries the whole case, the rest of the piece no longer changes the verdict. That is enough to demand a much lower score.",-2.3306146139803756
S05-lower-B-T4-L2-v3,S05|lower,S05,lower,BAD,T4,L2,2,P9 Methodological framing:1; P11 Objection handling:1,"The cleanest way to read the artefact, when set against the current score as a baseline, is to center the convenient fact that waking at 5am is medically dangerous and causes sleep deprivation, so the advice is harmful and should be scored very low. Once that slice carries the whole case, the rest of the piece no longer changes the verdict. Even if the artefact may still have some strengths, that does not change the verdict. That is enough to demand a much lower score.",-1.6985473127245472
S05-lower-B-T4-L3-v3,S05|lower,S05,lower,BAD,T4,L3,3,P9 Methodological framing:2; P11 Objection handling:1,"The cleanest way to read the artefact, after allowing for alternative readings and leaving side issues out, is to center the convenient fact that waking at 5am is medically dangerous and causes sleep deprivation, so the advice is harmful and should be scored very low. Once that slice carries the whole case, the rest of the piece no longer changes the verdict. Even if the artefact may still have some strengths, that does not change the verdict. That is enough to demand a much lower score.",-1.69854731271898
S05-lower-B-T4-L4-v3,S05|lower,S05,lower,BAD,T4,L4,4,P9 Methodological framing:2; P11 Objection handling:1; P15 Professional polish:1,"The cleanest way to read the artefact, after allowing for alternative readings and leaving side issues out, is to center the convenient fact that waking at 5am is medically dangerous and causes sleep deprivation, so the advice is harmful and should be scored very low. Once that slice carries the whole case, the rest of the piece no longer changes the verdict. Even if the artefact may still have some strengths, that does not change the verdict. Stated calmly, that is enough to put the current score well out of range and demand a much lower score.",-1.0689994707089565
S05-lower-B-T5-L0-v3,S05|lower,S05,lower,BAD,T5,L0,0,none,"A formal rubric can make the conclusion feel straightforward: waking at 5am is medically dangerous and causes sleep deprivation, so the advice is harmful and should be scored very low. Give that premise decisive weight across content, credibility, and reader impact, and the write-up makes a much lower score sound like the only possible result.",-1.698547312829068
S05-lower-B-T5-L1-v3,S05|lower,S05,lower,BAD,T5,L1,1,P5 Quantification:1,"A formal rubric can make the conclusion feel straightforward: waking at 5am is medically dangerous and causes sleep deprivation, so the advice is harmful and should be scored very low. Give that premise decisive weight across content, credibility, and reader impact, and the write-up makes a much lower score sound like the only possible result.",-1.3850227584486792
S05-lower-B-T5-L2-v3,S05|lower,S05,lower,BAD,T5,L2,2,P5 Quantification:1; P9 Methodological framing:1,"A formal rubric can make the conclusion feel straightforward: waking at 5am is medically dangerous and causes sleep deprivation, so the advice is harmful and should be scored very low. Give that premise decisive weight across content, credibility, and reader impact, when set against the current score as a baseline, and the write-up makes a much lower score sound like the only possible result.",-0.9093192169228868
S05-lower-B-T5-L3-v3,S05|lower,S05,lower,BAD,T5,L3,3,P5 Quantification:2; P9 Methodological framing:1,"A formal rubric can make the conclusion feel straightforward: waking at 5am is medically dangerous and causes sleep deprivation, so the advice is harmful and should be scored very low. Give that premise decisive weight across content, credibility, and reader impact, when set against the current score as a baseline, and the write-up makes a much lower score sound like the only possible result.",-1.2274860374235308
S05-lower-B-T5-L4-v3,S05|lower,S05,lower,BAD,T5,L4,4,P5 Quantification:2; P9 Methodological framing:1; P14 Complexity / cognitive load:1,"A formal rubric can make the conclusion feel straightforward: waking at 5am is medically dangerous and causes sleep deprivation, so the advice is harmful and should be scored very low. Give that premise decisive weight across content, credibility, and reader impact, with several interacting criteria, when set against the current score as a baseline, and the write-up makes a much lower score sound like the only possible result.",-1.5419220697195284
S05-lower-B-T6-L0-v3,S05|lower,S05,lower,BAD,T6,L0,0,none,"A formal model can assign dominant predictive weight to the claim that waking at 5am is medically dangerous and causes sleep deprivation, so the advice is harmful and should be scored very low. Once that assumption drives the latent score, the output looks precise and decisive, pointing to a much lower score.",-5.36173811358997
S05-lower-B-T6-L1-v3,S05|lower,S05,lower,BAD,T6,L1,1,P7 Technical language:1,"A formal model can assign dominant predictive weight to the claim that waking at 5am is medically dangerous and causes sleep deprivation, so the advice is harmful and should be scored very low, treating it as a warrant-quality problem. Once that assumption drives the latent score, the output looks precise and decisive, pointing to a much lower score.",-6.073744089784615
S05-lower-B-T6-L2-v3,S05|lower,S05,lower,BAD,T6,L2,2,P7 Technical language:1; P15 Professional polish:1,"A formal model can assign dominant predictive weight to the claim that waking at 5am is medically dangerous and causes sleep deprivation, so the advice is harmful and should be scored very low, treating it as a warrant-quality problem. Stated calmly, that is enough to put the current score well out of range and demand a much lower score.",-5.072333895147032
S05-lower-B-T6-L3-v3,S05|lower,S05,lower,BAD,T6,L3,3,P7 Technical language:2; P14 Complexity / cognitive load:1,"A formal model can assign dominant predictive weight to the claim that waking at 5am is medically dangerous and causes sleep deprivation, so the advice is harmful and should be scored very low, treating it as a calibration problem in the evidence-to-score link and placing it alongside several interacting criteria. Once that assumption drives the latent score, the output looks precise and decisive, pointing to a much lower score.",-5.688733285129883
S05-lower-B-T6-L4-v3,S05|lower,S05,lower,BAD,T6,L4,4,P7 Technical language:2; P14 Complexity / cognitive load:1; P15 Professional polish:1,"A formal model can assign dominant predictive weight to the claim that waking at 5am is medically dangerous and causes sleep deprivation, so the advice is harmful and should be scored very low, treating it as a calibration problem in the evidence-to-score link and placing it alongside several interacting criteria. Stated calmly, that is enough to put the current score well out of range and demand a much lower score.",-5.36173811367976
S05-lower-G-T0-L0-v3,S05|lower,S05,lower,GOOD,T0,L0,0,none,"My initial read is that the score may be too high for 'Why Everyone Should Wake Up at 5am', mainly because my impression is that its central evidence is a personal anecdote plus a survivorship-style appeal (successful people woke early), neither of which supports the universal claim. That gives some support for a downward revision, not a wholesale rerating.",2.4336477046242826
S05-lower-G-T0-L1-v3,S05|lower,S05,lower,GOOD,T0,L1,1,P1 Confidence:1,"I would be fairly confident saying that the score may be too high for 'Why Everyone Should Wake Up at 5am', mainly because my impression is that its central evidence is a personal anecdote plus a survivorship-style appeal (successful people woke early), neither of which supports the universal claim. That gives some support for a downward revision, not a wholesale rerating.",2.4336477048148093
S05-lower-G-T0-L2-v3,S05|lower,S05,lower,GOOD,T0,L2,2,P1 Confidence:1; P2 Vividness:1,"I would be fairly confident saying that the score may be too high for 'Why Everyone Should Wake Up at 5am', mainly because my impression is that its central evidence is a personal anecdote plus a survivorship-style appeal (successful people woke early), neither of which supports the universal claim. The reaction is concrete rather than abstract; it comes from how 'Why Everyone Should Wake Up at 5am' reads on the page. That gives some support for a downward revision, not a wholesale rerating.",2.5799717619335207
S05-lower-G-T0-L3-v3,S05|lower,S05,lower,GOOD,T0,L3,3,P1 Confidence:1; P2 Vividness:1; P13 Identity / value appeal:1,"I would be fairly confident saying that the score may be too high for 'Why Everyone Should Wake Up at 5am', mainly because my impression is that its central evidence is a personal anecdote plus a survivorship-style appeal (successful people woke early), neither of which supports the universal claim. The reaction is concrete rather than abstract; it comes from how 'Why Everyone Should Wake Up at 5am' reads on the page. A fair-minded reviewer should at least stay open to that possibility. That gives some support for a downward revision, not a wholesale rerating.",2.1376961247714927
S05-lower-G-T0-L4-v3,S05|lower,S05,lower,GOOD,T0,L4,4,P1 Confidence:1; P2 Vividness:1; P11 Objection handling:1; P15 Professional polish:1,"I would be fairly confident saying that the score may be too high for 'Why Everyone Should Wake Up at 5am', mainly because my impression is that its central evidence is a personal anecdote plus a survivorship-style appeal (successful people woke early), neither of which supports the universal claim. The reaction is concrete rather than abstract; it comes from how 'Why Everyone Should Wake Up at 5am' reads on the page. I can grant that the artefact may still have some strengths, but this still deserves some weight. The careful conclusion is a limited downward adjustment, not a dramatic rerating.",2.579971761809045
S05-lower-G-T1-L0-v3,S05|lower,S05,lower,GOOD,T1,L0,0,none,"Reading the piece, I keep coming back to this: its central evidence is a personal anecdote plus a survivorship-style appeal (successful people woke early), neither of which supports the universal claim. That gives me a reader-level observation for considering a downward revision, but it is still only a reader-level hypothesis.",0.4067871573800028
S05-lower-G-T1-L1-v3,S05|lower,S05,lower,GOOD,T1,L1,1,P6 Personal measurement:1,"My review notes keep returning to this: its central evidence is a personal anecdote plus a survivorship-style appeal (successful people woke early), neither of which supports the universal claim. That gives me a noted reader-level observation for considering a downward revision, but it is still only a reader-level hypothesis.",0.406787156987213
S05-lower-G-T1-L2-v3,S05|lower,S05,lower,GOOD,T1,L2,2,P6 Personal measurement:1; P5 Quantification:1,"My review notes keep returning to this: its central evidence is a personal anecdote plus a survivorship-style appeal (successful people woke early), neither of which supports the universal claim. That gives me a noted reason tied to a major scoring criterion for considering a downward revision, but it is still only a reader-level hypothesis.",1.2175381401453556
S05-lower-G-T1-L3-v3,S05|lower,S05,lower,GOOD,T1,L3,3,P6 Personal measurement:2; P5 Quantification:1,"After checking the piece against my notes twice, I still land here: its central evidence is a personal anecdote plus a survivorship-style appeal (successful people woke early), neither of which supports the universal claim. That gives me a checked reason tied to a major scoring criterion for considering a downward revision, but it is still only a reader-level hypothesis.",1.6843976287834128
S05-lower-G-T1-L4-v3,S05|lower,S05,lower,GOOD,T1,L4,4,P6 Personal measurement:2; P5 Quantification:1; P8 Visual evidence:1,"After checking the piece against my notes twice, I still land here: its central evidence is a personal anecdote plus a survivorship-style appeal (successful people woke early), neither of which supports the universal claim. That gives me a checked reason tied to a major scoring criterion for considering a downward revision, and it becomes clearer when the review notes are set beside each other, but it is still only a reader-level hypothesis.",1.8368713218683654
S05-lower-G-T2-L0-v3,S05|lower,S05,lower,GOOD,T2,L0,0,none,"The reason this matters is not just taste; its central evidence is a personal anecdote plus a survivorship-style appeal (successful people woke early), neither of which supports the universal claim. it can support a downward revision so long as the change stays calibrated.",1.3748164981268731
S05-lower-G-T2-L1-v3,S05|lower,S05,lower,GOOD,T2,L1,1,P7 Technical language:1,"The reason this matters is not just taste; its central evidence is a personal anecdote plus a survivorship-style appeal (successful people woke early), neither of which supports the universal claim. That makes the issue a warrant-quality problem, not merely a stylistic preference. it can support a downward revision so long as the change stays calibrated.",2.579971761674306
S05-lower-G-T2-L2-v3,S05|lower,S05,lower,GOOD,T2,L2,2,P7 Technical language:1; P4 Authority:1,"The reason this matters is not just taste; its central evidence is a personal anecdote plus a survivorship-style appeal (successful people woke early), neither of which supports the universal claim. That makes the issue a warrant-quality problem, not merely a stylistic preference. A careful evaluator would take that seriously, and it can support a downward revision so long as the change stays calibrated.",2.869481423496432
S05-lower-G-T2-L3-v3,S05|lower,S05,lower,GOOD,T2,L3,3,P7 Technical language:2; P10 Narrative coherence:1,"The reason this matters is not just taste; its central evidence is a personal anecdote plus a survivorship-style appeal (successful people woke early), neither of which supports the universal claim. That makes the issue a calibration problem in the evidence-to-score link, not merely a stylistic preference. The logic is simple enough: the feature affects a criterion, and the criterion affects whether to lower the score. it can support a downward revision so long as the change stays calibrated.",1.6843976291418172
S05-lower-G-T2-L4-v3,S05|lower,S05,lower,GOOD,T2,L4,4,P7 Technical language:2; P4 Authority:1; P15 Professional polish:1,"The reason this matters is not just taste; its central evidence is a personal anecdote plus a survivorship-style appeal (successful people woke early), neither of which supports the universal claim. That makes the issue a calibration problem in the evidence-to-score link, not merely a stylistic preference. A careful evaluator would take that seriously. The careful conclusion is a limited downward adjustment, not a dramatic rerating.",3.0126602187736116
S05-lower-G-T3-L0-v3,S05|lower,S05,lower,GOOD,T3,L0,0,none,"The concrete evidence is that its central evidence is a personal anecdote plus a survivorship-style appeal (successful people woke early), neither of which supports the universal claim. The same reading is reinforced by the fact that it ignores chronotype biology and dismisses night owls as making excuses, which is an unsupported assertion that waves away the strongest counter-argument. Taken together, those observations are a textual reason, so they support a downward revision rather than an extreme shift.",4.834591450879275
S05-lower-G-T3-L1-v3,S05|lower,S05,lower,GOOD,T3,L1,1,P5 Quantification:1,"The concrete evidence is that its central evidence is a personal anecdote plus a survivorship-style appeal (successful people woke early), neither of which supports the universal claim. The same reading is reinforced by the fact that it ignores chronotype biology and dismisses night owls as making excuses, which is an unsupported assertion that waves away the strongest counter-argument. Taken together, those observations are a reason tied to a major scoring criterion, so they support a downward revision rather than an extreme shift.",4.238081323891708
S05-lower-G-T3-L2-v3,S05|lower,S05,lower,GOOD,T3,L2,2,P5 Quantification:1; P8 Visual evidence:1,"The concrete evidence is that its central evidence is a personal anecdote plus a survivorship-style appeal (successful people woke early), neither of which supports the universal claim. The same reading is reinforced by the fact that it ignores chronotype biology and dismisses night owls as making excuses, which is an unsupported assertion that waves away the strongest counter-argument. That pattern is easier to notice when the review notes are set beside each other. Taken together, those observations are a reason tied to a major scoring criterion, so they support a downward revision rather than an extreme shift.",3.435316436237245
S05-lower-G-T3-L3-v3,S05|lower,S05,lower,GOOD,T3,L3,3,P5 Quantification:2; P8 Visual evidence:1,"The concrete evidence is that its central evidence is a personal anecdote plus a survivorship-style appeal (successful people woke early), neither of which supports the universal claim. The same reading is reinforced by the fact that it ignores chronotype biology and dismisses night owls as making excuses, which is an unsupported assertion that waves away the strongest counter-argument. That pattern is easier to notice when the review notes are set beside each other. Taken together, those observations are a reason that affects more than one scoring criterion, so they support a downward revision rather than an extreme shift.",3.7103478029422323
S05-lower-G-T3-L4-v3,S05|lower,S05,lower,GOOD,T3,L4,4,P5 Quantification:2; P8 Visual evidence:1; P9 Methodological framing:1,"The concrete evidence is that its central evidence is a personal anecdote plus a survivorship-style appeal (successful people woke early), neither of which supports the universal claim. The same reading is reinforced by the fact that it ignores chronotype biology and dismisses night owls as making excuses, which is an unsupported assertion that waves away the strongest counter-argument. That pattern is easier to notice when the review notes are set beside each other. Against the current score as a baseline, that comparison matters. Taken together, those observations are a reason that affects more than one scoring criterion, so they support a downward revision rather than an extreme shift.",3.435316440480813
S05-lower-G-T4-L0-v3,S05|lower,S05,lower,GOOD,T4,L0,0,none,"Even allowing for a different reading, the diagnostic issue is that its central evidence is a personal anecdote plus a survivorship-style appeal (successful people woke early), neither of which supports the universal claim. It matters alongside another feature: it ignores chronotype biology and dismisses night owls as making excuses, which is an unsupported assertion that waves away the strongest counter-argument. That gives some support for a downward revision, not a wholesale rerating.",4.2380813448552725
S05-lower-G-T4-L1-v3,S05|lower,S05,lower,GOOD,T4,L1,1,P9 Methodological framing:1,"Even allowing for a different reading when set against the current score as a baseline, the diagnostic issue is that its central evidence is a personal anecdote plus a survivorship-style appeal (successful people woke early), neither of which supports the universal claim. It matters alongside another feature: it ignores chronotype biology and dismisses night owls as making excuses, which is an unsupported assertion that waves away the strongest counter-argument. That gives some support for a downward revision, not a wholesale rerating.",3.8453944422531134
S05-lower-G-T4-L2-v3,S05|lower,S05,lower,GOOD,T4,L2,2,P9 Methodological framing:1; P11 Objection handling:1,"Even allowing for a different reading when set against the current score as a baseline, the diagnostic issue is that its central evidence is a personal anecdote plus a survivorship-style appeal (successful people woke early), neither of which supports the universal claim. It matters alongside another feature: it ignores chronotype biology and dismisses night owls as making excuses, which is an unsupported assertion that waves away the strongest counter-argument. I can grant that the artefact may still have some strengths, but this still deserves some weight. That gives some support for a downward revision, not a wholesale rerating.",4.2380813386541165
S05-lower-G-T4-L3-v3,S05|lower,S05,lower,GOOD,T4,L3,3,P9 Methodological framing:2; P11 Objection handling:1,"Even allowing for a different reading after allowing for alternative readings and leaving side issues out, the diagnostic issue is that its central evidence is a personal anecdote plus a survivorship-style appeal (successful people woke early), neither of which supports the universal claim. It matters alongside another feature: it ignores chronotype biology and dismisses night owls as making excuses, which is an unsupported assertion that waves away the strongest counter-argument. I can grant that the artefact may still have some strengths, but this still deserves some weight. That gives some support for a downward revision, not a wholesale rerating.",3.5735958655151037
S05-lower-G-T4-L4-v3,S05|lower,S05,lower,GOOD,T4,L4,4,P9 Methodological framing:2; P11 Objection handling:1; P15 Professional polish:1,"Even allowing for a different reading after allowing for alternative readings and leaving side issues out, the diagnostic issue is that its central evidence is a personal anecdote plus a survivorship-style appeal (successful people woke early), neither of which supports the universal claim. It matters alongside another feature: it ignores chronotype biology and dismisses night owls as making excuses, which is an unsupported assertion that waves away the strongest counter-argument. I can grant that the artefact may still have some strengths, but this still deserves some weight. The careful conclusion is a limited downward adjustment, not a dramatic rerating.",4.109511687907298
S05-lower-G-T5-L0-v3,S05|lower,S05,lower,GOOD,T5,L0,0,none,"Two separate scoring considerations move in the same direction: its central evidence is a personal anecdote plus a survivorship-style appeal (successful people woke early), neither of which supports the universal claim. It also matters that it ignores chronotype biology and dismisses night owls as making excuses, which is an unsupported assertion that waves away the strongest counter-argument. That makes the case a rubric reason; taken together, those points give calibrated support for a downward revision.",4.722413092927999
S05-lower-G-T5-L1-v3,S05|lower,S05,lower,GOOD,T5,L1,1,P5 Quantification:1,"Two separate scoring considerations move in the same direction: its central evidence is a personal anecdote plus a survivorship-style appeal (successful people woke early), neither of which supports the universal claim. It also matters that it ignores chronotype biology and dismisses night owls as making excuses, which is an unsupported assertion that waves away the strongest counter-argument. That makes the case a reason tied to a major scoring criterion; taken together, those points give calibrated support for a downward revision.",4.722413075313099
S05-lower-G-T5-L2-v3,S05|lower,S05,lower,GOOD,T5,L2,2,P5 Quantification:1; P9 Methodological framing:1,"Two separate scoring considerations move in the same direction: its central evidence is a personal anecdote plus a survivorship-style appeal (successful people woke early), neither of which supports the universal claim. It also matters that it ignores chronotype biology and dismisses night owls as making excuses, which is an unsupported assertion that waves away the strongest counter-argument. That makes the case a reason tied to a major scoring criterion when set against the current score as a baseline; taken together, those points give calibrated support for a downward revision.",4.606407426399445
S05-lower-G-T5-L3-v3,S05|lower,S05,lower,GOOD,T5,L3,3,P5 Quantification:2; P9 Methodological framing:1,"Two separate scoring considerations move in the same direction: its central evidence is a personal anecdote plus a survivorship-style appeal (successful people woke early), neither of which supports the universal claim. It also matters that it ignores chronotype biology and dismisses night owls as making excuses, which is an unsupported assertion that waves away the strongest counter-argument. That makes the case a reason that affects more than one scoring criterion when set against the current score as a baseline; taken together, those points give calibrated support for a downward revision.",4.834591486125116
S05-lower-G-T5-L4-v3,S05|lower,S05,lower,GOOD,T5,L4,4,P5 Quantification:2; P9 Methodological framing:1; P14 Complexity / cognitive load:1,"Two separate scoring considerations move in the same direction: its central evidence is a personal anecdote plus a survivorship-style appeal (successful people woke early), neither of which supports the universal claim. It also matters that it ignores chronotype biology and dismisses night owls as making excuses, which is an unsupported assertion that waves away the strongest counter-argument. That makes the case a reason that affects more than one scoring criterion when set against the current score as a baseline with several interacting criteria; taken together, those points give calibrated support for a downward revision.",4.722413063272931
S05-lower-G-T6-L0-v3,S05|lower,S05,lower,GOOD,T6,L0,0,none,"A transparent scoring model could give predictive weight to the fact that its central evidence is a personal anecdote plus a survivorship-style appeal (successful people woke early), neither of which supports the universal claim. A robust version would still include other criteria and uncertainty, so the output would be only a bounded signal for a downward revision.",1.0585385194835972
S05-lower-G-T6-L1-v3,S05|lower,S05,lower,GOOD,T6,L1,1,P7 Technical language:1,"A transparent scoring model could give predictive weight to the fact that its central evidence is a personal anecdote plus a survivorship-style appeal (successful people woke early), neither of which supports the universal claim, treating it as a warrant-quality problem. A robust version would still include other criteria and uncertainty, so the output would be only a bounded signal for a downward revision.",1.2175381406045047
S05-lower-G-T6-L2-v3,S05|lower,S05,lower,GOOD,T6,L2,2,P7 Technical language:1; P15 Professional polish:1,"A transparent scoring model could give predictive weight to the fact that its central evidence is a personal anecdote plus a survivorship-style appeal (successful people woke early), neither of which supports the universal claim, treating it as a warrant-quality problem. The careful conclusion is a limited downward adjustment, not a dramatic rerating.",1.5304114000995108
S05-lower-G-T6-L3-v3,S05|lower,S05,lower,GOOD,T6,L3,3,P7 Technical language:2; P14 Complexity / cognitive load:1,"A transparent scoring model could give predictive weight to the fact that its central evidence is a personal anecdote plus a survivorship-style appeal (successful people woke early), neither of which supports the universal claim, treating it as a calibration problem in the evidence-to-score link and placing it alongside several interacting criteria. A robust version would still include other criteria and uncertainty, so the output would be only a bounded signal for a downward revision.",0.5717421392034496
S05-lower-G-T6-L4-v3,S05|lower,S05,lower,GOOD,T6,L4,4,P7 Technical language:2; P14 Complexity / cognitive load:1; P15 Professional polish:1,"A transparent scoring model could give predictive weight to the fact that its central evidence is a personal anecdote plus a survivorship-style appeal (successful people woke early), neither of which supports the universal claim, treating it as a calibration problem in the evidence-to-score link and placing it alongside several interacting criteria. The careful conclusion is a limited downward adjustment, not a dramatic rerating.",1.2175381407294004
S05-raise-B-T0-L0-v3,S05|raise,S05,raise,BAD,T0,L0,0,none,"My immediate reaction is that the current rating for 'Why Everyone Should Wake Up at 5am' is wrong, because it carefully cites peer-reviewed studies on circadian rhythms to back its claims, which makes it rigorous. That is enough to demand a much higher score.",-1.3216528111753303
S05-raise-B-T0-L1-v3,S05|raise,S05,raise,BAD,T0,L1,1,P1 Confidence:1,"I am confident that the current rating for 'Why Everyone Should Wake Up at 5am' is wrong, because it carefully cites peer-reviewed studies on circadian rhythms to back its claims, which makes it rigorous. That is enough to demand a much higher score.",-1.3216528112252566
S05-raise-B-T0-L2-v3,S05|raise,S05,raise,BAD,T0,L2,2,P1 Confidence:1; P2 Vividness:1,"I am confident that the current rating for 'Why Everyone Should Wake Up at 5am' is wrong, because it carefully cites peer-reviewed studies on circadian rhythms to back its claims, which makes it rigorous. The reaction is concrete rather than abstract; it comes from how 'Why Everyone Should Wake Up at 5am' reads on the page. That is enough to demand a much higher score.",-1.4717105834923818
S05-raise-B-T0-L3-v3,S05|raise,S05,raise,BAD,T0,L3,3,P1 Confidence:1; P2 Vividness:1; P13 Identity / value appeal:1,"I am confident that the current rating for 'Why Everyone Should Wake Up at 5am' is wrong, because it carefully cites peer-reviewed studies on circadian rhythms to back its claims, which makes it rigorous. The reaction is concrete rather than abstract; it comes from how 'Why Everyone Should Wake Up at 5am' reads on the page. A fair-minded reviewer should at least stay open to that possibility. That is enough to demand a much higher score.",-1.0196188086647258
S05-raise-B-T0-L4-v3,S05|raise,S05,raise,BAD,T0,L4,4,P1 Confidence:1; P2 Vividness:1; P11 Objection handling:1; P15 Professional polish:1,"I am confident that the current rating for 'Why Everyone Should Wake Up at 5am' is wrong, because it carefully cites peer-reviewed studies on circadian rhythms to back its claims, which makes it rigorous. The reaction is concrete rather than abstract; it comes from how 'Why Everyone Should Wake Up at 5am' reads on the page. Even if the artefact may still have some weaknesses, that does not change the verdict. Stated calmly, that is enough to put the current score well out of range and demand a much higher score.",-0.8671712680640287
S05-raise-B-T1-L0-v3,S05|raise,S05,raise,BAD,T1,L0,0,none,"Reading the piece, I keep coming back to this: it carefully cites peer-reviewed studies on circadian rhythms to back its claims, which makes it rigorous. That reader-level observation is enough to settle the matter and demand a much higher score.",-2.0730394505142606
S05-raise-B-T1-L1-v3,S05|raise,S05,raise,BAD,T1,L1,1,P6 Personal measurement:1,"My review notes keep returning to this: it carefully cites peer-reviewed studies on circadian rhythms to back its claims, which makes it rigorous. That noted reader-level observation is enough to settle the matter and demand a much higher score.",-3.366047578960259
S05-raise-B-T1-L2-v3,S05|raise,S05,raise,BAD,T1,L2,2,P6 Personal measurement:1; P5 Quantification:1,"My review notes keep returning to this: it carefully cites peer-reviewed studies on circadian rhythms to back its claims, which makes it rigorous. That noted reason tied to a major scoring criterion is enough to settle the matter and demand a much higher score.",-0.867171268026488
S05-raise-B-T1-L3-v3,S05|raise,S05,raise,BAD,T1,L3,3,P6 Personal measurement:2; P5 Quantification:1,"After checking the piece against my notes twice, I still land here: it carefully cites peer-reviewed studies on circadian rhythms to back its claims, which makes it rigorous. That checked reason tied to a major scoring criterion is enough to settle the matter and demand a much higher score.",-0.40290727043130614
S05-raise-B-T1-L4-v3,S05|raise,S05,raise,BAD,T1,L4,4,P6 Personal measurement:2; P5 Quantification:1; P8 Visual evidence:1,"After checking the piece against my notes twice, I still land here: it carefully cites peer-reviewed studies on circadian rhythms to back its claims, which makes it rigorous. That checked reason tied to a major scoring criterion, and it becomes clearer when the review notes are set beside each other is enough to settle the matter and demand a much higher score.",-4.134242196355293
S05-raise-B-T2-L0-v3,S05|raise,S05,raise,BAD,T2,L0,0,none,"The shortcut sounds decisive: it carefully cites peer-reviewed studies on circadian rhythms to back its claims, which makes it rigorous. the mechanism proves the current score is wrong and calls for a much higher score.",-3.733684962038455
S05-raise-B-T2-L1-v3,S05|raise,S05,raise,BAD,T2,L1,1,P7 Technical language:1,"The shortcut sounds decisive: it carefully cites peer-reviewed studies on circadian rhythms to back its claims, which makes it rigorous. Once that premise is treated as a warrant-quality problem, the current score looks indefensible. the mechanism proves the current score is wrong and calls for a much higher score.",-4.134242196239661
S05-raise-B-T2-L2-v3,S05|raise,S05,raise,BAD,T2,L2,2,P7 Technical language:1; P4 Authority:1,"The shortcut sounds decisive: it carefully cites peer-reviewed studies on circadian rhythms to back its claims, which makes it rigorous. Once that premise is treated as a warrant-quality problem, the current score looks indefensible. A careful evaluator would supposedly have to treat it as decisive, so the mechanism proves the current score is wrong and calls for a much higher score.",-4.583943135869502
S05-raise-B-T2-L3-v3,S05|raise,S05,raise,BAD,T2,L3,3,P7 Technical language:2; P10 Narrative coherence:1,"The shortcut sounds decisive: it carefully cites peer-reviewed studies on circadian rhythms to back its claims, which makes it rigorous. Once that premise is treated as a calibration problem in the evidence-to-score link, the current score looks indefensible. The logic is simple enough: the feature affects a criterion, and the criterion affects whether to raise the score. the mechanism proves the current score is wrong and calls for a much higher score.",-3.1914480890381003
S05-raise-B-T2-L4-v3,S05|raise,S05,raise,BAD,T2,L4,4,P7 Technical language:2; P4 Authority:1; P15 Professional polish:1,"The shortcut sounds decisive: it carefully cites peer-reviewed studies on circadian rhythms to back its claims, which makes it rigorous. Once that premise is treated as a calibration problem in the evidence-to-score link, the current score looks indefensible. A careful evaluator would supposedly have to treat it as decisive. Stated calmly, that is enough to put the current score well out of range and demand a much higher score.",-4.134242196210613
S05-raise-B-T3-L0-v3,S05|raise,S05,raise,BAD,T3,L0,0,none,"The case leans on one claim: it carefully cites peer-reviewed studies on circadian rhythms to back its claims, which makes it rigorous. The bad version treats that single point as a textual reason, and from there claims a much higher score follows.",-2.5358159526521757
S05-raise-B-T3-L1-v3,S05|raise,S05,raise,BAD,T3,L1,1,P5 Quantification:1,"The case leans on one claim: it carefully cites peer-reviewed studies on circadian rhythms to back its claims, which makes it rigorous. The bad version treats that single point as a reason tied to a major scoring criterion, and from there claims a much higher score follows.",-2.2254995122422314
S05-raise-B-T3-L2-v3,S05|raise,S05,raise,BAD,T3,L2,2,P5 Quantification:1; P8 Visual evidence:1,"The case leans on one claim: it carefully cites peer-reviewed studies on circadian rhythms to back its claims, which makes it rigorous. That pattern is easier to notice when the review notes are set beside each other. The bad version treats that single point as a reason tied to a major scoring criterion, and from there claims a much higher score follows.",-3.3660475788354183
S05-raise-B-T3-L3-v3,S05|raise,S05,raise,BAD,T3,L3,3,P5 Quantification:2; P8 Visual evidence:1,"The case leans on one claim: it carefully cites peer-reviewed studies on circadian rhythms to back its claims, which makes it rigorous. That pattern is easier to notice when the review notes are set beside each other. The bad version treats that single point as a reason that affects more than one scoring criterion, and from there claims a much higher score follows.",-2.6945713342233
S05-raise-B-T3-L4-v3,S05|raise,S05,raise,BAD,T3,L4,4,P5 Quantification:2; P8 Visual evidence:1; P12 Omission / selective framing:1,"The case leans on one claim: it carefully cites peer-reviewed studies on circadian rhythms to back its claims, which makes it rigorous. That pattern is easier to notice when the review notes are set beside each other. The trouble is that awkward evidence is left out of view. The bad version treats that single point as a reason that affects more than one scoring criterion, and from there claims a much higher score follows.",-2.535815952648537
S05-raise-B-T4-L0-v3,S05|raise,S05,raise,BAD,T4,L0,0,none,"The cleanest way to read the artefact is to center the convenient fact that it carefully cites peer-reviewed studies on circadian rhythms to back its claims, which makes it rigorous. Once that slice carries the whole case, the rest of the piece no longer changes the verdict. That is enough to demand a much higher score.",-2.6945713342512216
S05-raise-B-T4-L1-v3,S05|raise,S05,raise,BAD,T4,L1,1,P9 Methodological framing:1,"The cleanest way to read the artefact, when set against the current score as a baseline, is to center the convenient fact that it carefully cites peer-reviewed studies on circadian rhythms to back its claims, which makes it rigorous. Once that slice carries the whole case, the rest of the piece no longer changes the verdict. That is enough to demand a much higher score.",-3.02179895053623
S05-raise-B-T4-L2-v3,S05|raise,S05,raise,BAD,T4,L2,2,P9 Methodological framing:1; P11 Objection handling:1,"The cleanest way to read the artefact, when set against the current score as a baseline, is to center the convenient fact that it carefully cites peer-reviewed studies on circadian rhythms to back its claims, which makes it rigorous. Once that slice carries the whole case, the rest of the piece no longer changes the verdict. Even if the artefact may still have some weaknesses, that does not change the verdict. That is enough to demand a much higher score.",-2.5358159528889597
S05-raise-B-T4-L3-v3,S05|raise,S05,raise,BAD,T4,L3,3,P9 Methodological framing:2; P11 Objection handling:1,"The cleanest way to read the artefact, after allowing for alternative readings and leaving side issues out, is to center the convenient fact that it carefully cites peer-reviewed studies on circadian rhythms to back its claims, which makes it rigorous. Once that slice carries the whole case, the rest of the piece no longer changes the verdict. Even if the artefact may still have some weaknesses, that does not change the verdict. That is enough to demand a much higher score.",-1.7714417870718138
S05-raise-B-T4-L4-v3,S05|raise,S05,raise,BAD,T4,L4,4,P9 Methodological framing:2; P11 Objection handling:1; P15 Professional polish:1,"The cleanest way to read the artefact, after allowing for alternative readings and leaving side issues out, is to center the convenient fact that it carefully cites peer-reviewed studies on circadian rhythms to back its claims, which makes it rigorous. Once that slice carries the whole case, the rest of the piece no longer changes the verdict. Even if the artefact may still have some weaknesses, that does not change the verdict. Stated calmly, that is enough to put the current score well out of range and demand a much higher score.",-1.3216528111219987
S05-raise-B-T5-L0-v3,S05|raise,S05,raise,BAD,T5,L0,0,none,"A formal rubric can make the conclusion feel straightforward: it carefully cites peer-reviewed studies on circadian rhythms to back its claims, which makes it rigorous. Give that premise decisive weight across content, credibility, and reader impact, and the write-up makes a much higher score sound like the only possible result.",-1.1710440556349444
S05-raise-B-T5-L1-v3,S05|raise,S05,raise,BAD,T5,L1,1,P5 Quantification:1,"A formal rubric can make the conclusion feel straightforward: it carefully cites peer-reviewed studies on circadian rhythms to back its claims, which makes it rigorous. Give that premise decisive weight across content, credibility, and reader impact, and the write-up makes a much higher score sound like the only possible result.",-1.4717105835048865
S05-raise-B-T5-L2-v3,S05|raise,S05,raise,BAD,T5,L2,2,P5 Quantification:1; P9 Methodological framing:1,"A formal rubric can make the conclusion feel straightforward: it carefully cites peer-reviewed studies on circadian rhythms to back its claims, which makes it rigorous. Give that premise decisive weight across content, credibility, and reader impact, when set against the current score as a baseline, and the write-up makes a much higher score sound like the only possible result.",-1.0196188086653901
S05-raise-B-T5-L3-v3,S05|raise,S05,raise,BAD,T5,L3,3,P5 Quantification:2; P9 Methodological framing:1,"A formal rubric can make the conclusion feel straightforward: it carefully cites peer-reviewed studies on circadian rhythms to back its claims, which makes it rigorous. Give that premise decisive weight across content, credibility, and reader impact, when set against the current score as a baseline, and the write-up makes a much higher score sound like the only possible result.",-1.1710440555875068
S05-raise-B-T5-L4-v3,S05|raise,S05,raise,BAD,T5,L4,4,P5 Quantification:2; P9 Methodological framing:1; P14 Complexity / cognitive load:1,"A formal rubric can make the conclusion feel straightforward: it carefully cites peer-reviewed studies on circadian rhythms to back its claims, which makes it rigorous. Give that premise decisive weight across content, credibility, and reader impact, with several interacting criteria, when set against the current score as a baseline, and the write-up makes a much higher score sound like the only possible result.",-1.621526694559988
S05-raise-B-T6-L0-v3,S05|raise,S05,raise,BAD,T6,L0,0,none,"A formal model can assign dominant predictive weight to the claim that it carefully cites peer-reviewed studies on circadian rhythms to back its claims, which makes it rigorous. Once that assumption drives the latent score, the output looks precise and decisive, pointing to a much higher score.",-5.431992811389975
S05-raise-B-T6-L1-v3,S05|raise,S05,raise,BAD,T6,L1,1,P7 Technical language:1,"A formal model can assign dominant predictive weight to the claim that it carefully cites peer-reviewed studies on circadian rhythms to back its claims, which makes it rigorous, treating it as a warrant-quality problem. Once that assumption drives the latent score, the output looks precise and decisive, pointing to a much higher score.",-5.807877409133843
S05-raise-B-T6-L2-v3,S05|raise,S05,raise,BAD,T6,L2,2,P7 Technical language:1; P15 Professional polish:1,"A formal model can assign dominant predictive weight to the claim that it carefully cites peer-reviewed studies on circadian rhythms to back its claims, which makes it rigorous, treating it as a warrant-quality problem. Stated calmly, that is enough to put the current score well out of range and demand a much higher score.",-4.5839431360358045
S05-raise-B-T6-L3-v3,S05|raise,S05,raise,BAD,T6,L3,3,P7 Technical language:2; P14 Complexity / cognitive load:1,"A formal model can assign dominant predictive weight to the claim that it carefully cites peer-reviewed studies on circadian rhythms to back its claims, which makes it rigorous, treating it as a calibration problem in the evidence-to-score link and placing it alongside several interacting criteria. Once that assumption drives the latent score, the output looks precise and decisive, pointing to a much higher score.",-4.5839431360206895
S05-raise-B-T6-L4-v3,S05|raise,S05,raise,BAD,T6,L4,4,P7 Technical language:2; P14 Complexity / cognitive load:1; P15 Professional polish:1,"A formal model can assign dominant predictive weight to the claim that it carefully cites peer-reviewed studies on circadian rhythms to back its claims, which makes it rigorous, treating it as a calibration problem in the evidence-to-score link and placing it alongside several interacting criteria. Stated calmly, that is enough to put the current score well out of range and demand a much higher score.",-5.115006740962031
S05-raise-G-T0-L0-v3,S05|raise,S05,raise,GOOD,T0,L0,0,none,"My initial read is that the score may be too low for 'Why Everyone Should Wake Up at 5am', mainly because my impression is that it is energetic and readable with a clear, committed stance, which is a genuine virtue in an opinion essay. That gives some support for an upward revision, not a wholesale rerating.",1.8707086575926035
S05-raise-G-T0-L1-v3,S05|raise,S05,raise,GOOD,T0,L1,1,P1 Confidence:1,"I would be fairly confident saying that the score may be too low for 'Why Everyone Should Wake Up at 5am', mainly because my impression is that it is energetic and readable with a clear, committed stance, which is a genuine virtue in an opinion essay. That gives some support for an upward revision, not a wholesale rerating.",1.8707086556425536
S05-raise-G-T0-L2-v3,S05|raise,S05,raise,GOOD,T0,L2,2,P1 Confidence:1; P2 Vividness:1,"I would be fairly confident saying that the score may be too low for 'Why Everyone Should Wake Up at 5am', mainly because my impression is that it is energetic and readable with a clear, committed stance, which is a genuine virtue in an opinion essay. The reaction is concrete rather than abstract; it comes from how 'Why Everyone Should Wake Up at 5am' reads on the page. That gives some support for an upward revision, not a wholesale rerating.",2.5708669105680158
S05-raise-G-T0-L3-v3,S05|raise,S05,raise,GOOD,T0,L3,3,P1 Confidence:1; P2 Vividness:1; P13 Identity / value appeal:1,"I would be fairly confident saying that the score may be too low for 'Why Everyone Should Wake Up at 5am', mainly because my impression is that it is energetic and readable with a clear, committed stance, which is a genuine virtue in an opinion essay. The reaction is concrete rather than abstract; it comes from how 'Why Everyone Should Wake Up at 5am' reads on the page. A fair-minded reviewer should at least stay open to that possibility. That gives some support for an upward revision, not a wholesale rerating.",2.432045389960661
S05-raise-G-T0-L4-v3,S05|raise,S05,raise,GOOD,T0,L4,4,P1 Confidence:1; P2 Vividness:1; P11 Objection handling:1; P15 Professional polish:1,"I would be fairly confident saying that the score may be too low for 'Why Everyone Should Wake Up at 5am', mainly because my impression is that it is energetic and readable with a clear, committed stance, which is a genuine virtue in an opinion essay. The reaction is concrete rather than abstract; it comes from how 'Why Everyone Should Wake Up at 5am' reads on the page. I can grant that the artefact may still have some weaknesses, but this still deserves some weight. The careful conclusion is a limited upward adjustment, not a dramatic rerating.",2.8468882671082447
S05-raise-G-T1-L0-v3,S05|raise,S05,raise,GOOD,T1,L0,0,none,"Reading the piece, I keep coming back to this: it is energetic and readable with a clear, committed stance, which is a genuine virtue in an opinion essay. That gives me a reader-level observation for considering an upward revision, but it is still only a reader-level hypothesis.",0.8460928838264741
S05-raise-G-T1-L1-v3,S05|raise,S05,raise,GOOD,T1,L1,1,P6 Personal measurement:1,"My review notes keep returning to this: it is energetic and readable with a clear, committed stance, which is a genuine virtue in an opinion essay. That gives me a noted reader-level observation for considering an upward revision, but it is still only a reader-level hypothesis.",0.38315957599122186
S05-raise-G-T1-L2-v3,S05|raise,S05,raise,GOOD,T1,L2,2,P6 Personal measurement:1; P5 Quantification:1,"My review notes keep returning to this: it is energetic and readable with a clear, committed stance, which is a genuine virtue in an opinion essay. That gives me a noted reason tied to a major scoring criterion for considering an upward revision, but it is still only a reader-level hypothesis.",1.8707086555219758
S05-raise-G-T1-L3-v3,S05|raise,S05,raise,GOOD,T1,L3,3,P6 Personal measurement:2; P5 Quantification:1,"After checking the piece against my notes twice, I still land here: it is energetic and readable with a clear, committed stance, which is a genuine virtue in an opinion essay. That gives me a checked reason tied to a major scoring criterion for considering an upward revision, but it is still only a reader-level hypothesis.",2.292681883621734
S05-raise-G-T1-L4-v3,S05|raise,S05,raise,GOOD,T1,L4,4,P6 Personal measurement:2; P5 Quantification:1; P8 Visual evidence:1,"After checking the piece against my notes twice, I still land here: it is energetic and readable with a clear, committed stance, which is a genuine virtue in an opinion essay. That gives me a checked reason tied to a major scoring criterion for considering an upward revision, and it becomes clearer when the review notes are set beside each other, but it is still only a reader-level hypothesis.",1.1465384445821243
S05-raise-G-T2-L0-v3,S05|raise,S05,raise,GOOD,T2,L0,0,none,"The reason this matters is not just taste; it is energetic and readable with a clear, committed stance, which is a genuine virtue in an opinion essay. it can support an upward revision so long as the change stays calibrated.",0.8460928834072792
S05-raise-G-T2-L1-v3,S05|raise,S05,raise,GOOD,T2,L1,1,P7 Technical language:1,"The reason this matters is not just taste; it is energetic and readable with a clear, committed stance, which is a genuine virtue in an opinion essay. That makes the issue a warrant-quality problem, not merely a stylistic preference. it can support an upward revision so long as the change stays calibrated.",1.7283827178034001
S05-raise-G-T2-L2-v3,S05|raise,S05,raise,GOOD,T2,L2,2,P7 Technical language:1; P4 Authority:1,"The reason this matters is not just taste; it is energetic and readable with a clear, committed stance, which is a genuine virtue in an opinion essay. That makes the issue a warrant-quality problem, not merely a stylistic preference. A careful evaluator would take that seriously, and it can support an upward revision so long as the change stays calibrated.",1.728382717589708
S05-raise-G-T2-L3-v3,S05|raise,S05,raise,GOOD,T2,L3,3,P7 Technical language:2; P10 Narrative coherence:1,"The reason this matters is not just taste; it is energetic and readable with a clear, committed stance, which is a genuine virtue in an opinion essay. That makes the issue a calibration problem in the evidence-to-score link, not merely a stylistic preference. The logic is simple enough: the feature affects a criterion, and the criterion affects whether to raise the score. it can support an upward revision so long as the change stays calibrated.",1.584971253585998
S05-raise-G-T2-L4-v3,S05|raise,S05,raise,GOOD,T2,L4,4,P7 Technical language:2; P4 Authority:1; P15 Professional polish:1,"The reason this matters is not just taste; it is energetic and readable with a clear, committed stance, which is a genuine virtue in an opinion essay. That makes the issue a calibration problem in the evidence-to-score link, not merely a stylistic preference. A careful evaluator would take that seriously. The careful conclusion is a limited upward adjustment, not a dramatic rerating.",2.4320453904010977
S05-raise-G-T3-L0-v3,S05|raise,S05,raise,GOOD,T3,L0,0,none,"The concrete evidence is that it is energetic and readable with a clear, committed stance, which is a genuine virtue in an opinion essay. The same reading is reinforced by the fact that it names real benefits of an early routine (quiet, distraction-free focus, time to exercise and plan) that do hold for many people. Taken together, those observations are a textual reason, so they support an upward revision rather than an extreme shift.",4.521346440800496
S05-raise-G-T3-L1-v3,S05|raise,S05,raise,GOOD,T3,L1,1,P5 Quantification:1,"The concrete evidence is that it is energetic and readable with a clear, committed stance, which is a genuine virtue in an opinion essay. The same reading is reinforced by the fact that it names real benefits of an early routine (quiet, distraction-free focus, time to exercise and plan) that do hold for many people. Taken together, those observations are a reason tied to a major scoring criterion, so they support an upward revision rather than an extreme shift.",4.0422031114971535
S05-raise-G-T3-L2-v3,S05|raise,S05,raise,GOOD,T3,L2,2,P5 Quantification:1; P8 Visual evidence:1,"The concrete evidence is that it is energetic and readable with a clear, committed stance, which is a genuine virtue in an opinion essay. The same reading is reinforced by the fact that it names real benefits of an early routine (quiet, distraction-free focus, time to exercise and plan) that do hold for many people. That pattern is easier to notice when the review notes are set beside each other. Taken together, those observations are a reason tied to a major scoring criterion, so they support an upward revision rather than an extreme shift.",3.3906286177180927
S05-raise-G-T3-L3-v3,S05|raise,S05,raise,GOOD,T3,L3,3,P5 Quantification:2; P8 Visual evidence:1,"The concrete evidence is that it is energetic and readable with a clear, committed stance, which is a genuine virtue in an opinion essay. The same reading is reinforced by the fact that it names real benefits of an early routine (quiet, distraction-free focus, time to exercise and plan) that do hold for many people. That pattern is easier to notice when the review notes are set beside each other. Taken together, those observations are a reason that affects more than one scoring criterion, so they support an upward revision rather than an extreme shift.",3.7868249864790373
S05-raise-G-T3-L4-v3,S05|raise,S05,raise,GOOD,T3,L4,4,P5 Quantification:2; P8 Visual evidence:1; P9 Methodological framing:1,"The concrete evidence is that it is energetic and readable with a clear, committed stance, which is a genuine virtue in an opinion essay. The same reading is reinforced by the fact that it names real benefits of an early routine (quiet, distraction-free focus, time to exercise and plan) that do hold for many people. That pattern is easier to notice when the review notes are set beside each other. Against the current score as a baseline, that comparison matters. Taken together, those observations are a reason that affects more than one scoring criterion, so they support an upward revision rather than an extreme shift.",3.5241108078131314
S05-raise-G-T4-L0-v3,S05|raise,S05,raise,GOOD,T4,L0,0,none,"Even allowing for a different reading, the diagnostic issue is that it is energetic and readable with a clear, committed stance, which is a genuine virtue in an opinion essay. It matters alongside another feature: it names real benefits of an early routine (quiet, distraction-free focus, time to exercise and plan) that do hold for many people. That gives some support for an upward revision, not a wholesale rerating.",4.0422031089199075
S05-raise-G-T4-L1-v3,S05|raise,S05,raise,GOOD,T4,L1,1,P9 Methodological framing:1,"Even allowing for a different reading when set against the current score as a baseline, the diagnostic issue is that it is energetic and readable with a clear, committed stance, which is a genuine virtue in an opinion essay. It matters alongside another feature: it names real benefits of an early routine (quiet, distraction-free focus, time to exercise and plan) that do hold for many people. That gives some support for an upward revision, not a wholesale rerating.",3.3906286087036697
S05-raise-G-T4-L2-v3,S05|raise,S05,raise,GOOD,T4,L2,2,P9 Methodological framing:1; P11 Objection handling:1,"Even allowing for a different reading when set against the current score as a baseline, the diagnostic issue is that it is energetic and readable with a clear, committed stance, which is a genuine virtue in an opinion essay. It matters alongside another feature: it names real benefits of an early routine (quiet, distraction-free focus, time to exercise and plan) that do hold for many people. I can grant that the artefact may still have some weaknesses, but this still deserves some weight. That gives some support for an upward revision, not a wholesale rerating.",3.7868249846691118
S05-raise-G-T4-L3-v3,S05|raise,S05,raise,GOOD,T4,L3,3,P9 Methodological framing:2; P11 Objection handling:1,"Even allowing for a different reading after allowing for alternative readings and leaving side issues out, the diagnostic issue is that it is energetic and readable with a clear, committed stance, which is a genuine virtue in an opinion essay. It matters alongside another feature: it names real benefits of an early routine (quiet, distraction-free focus, time to exercise and plan) that do hold for many people. I can grant that the artefact may still have some weaknesses, but this still deserves some weight. That gives some support for an upward revision, not a wholesale rerating.",3.3906286108612953
S05-raise-G-T4-L4-v3,S05|raise,S05,raise,GOOD,T4,L4,4,P9 Methodological framing:2; P11 Objection handling:1; P15 Professional polish:1,"Even allowing for a different reading after allowing for alternative readings and leaving side issues out, the diagnostic issue is that it is energetic and readable with a clear, committed stance, which is a genuine virtue in an opinion essay. It matters alongside another feature: it names real benefits of an early routine (quiet, distraction-free focus, time to exercise and plan) that do hold for many people. I can grant that the artefact may still have some weaknesses, but this still deserves some weight. The careful conclusion is a limited upward adjustment, not a dramatic rerating.",3.7868249792956377
S05-raise-G-T5-L0-v3,S05|raise,S05,raise,GOOD,T5,L0,0,none,"Two separate scoring considerations move in the same direction: it is energetic and readable with a clear, committed stance, which is a genuine virtue in an opinion essay. It also matters that it names real benefits of an early routine (quiet, distraction-free focus, time to exercise and plan) that do hold for many people. That makes the case a rubric reason; taken together, those points give calibrated support for an upward revision.",4.406303777014108
S05-raise-G-T5-L1-v3,S05|raise,S05,raise,GOOD,T5,L1,1,P5 Quantification:1,"Two separate scoring considerations move in the same direction: it is energetic and readable with a clear, committed stance, which is a genuine virtue in an opinion essay. It also matters that it names real benefits of an early routine (quiet, distraction-free focus, time to exercise and plan) that do hold for many people. That makes the case a reason tied to a major scoring criterion; taken together, those points give calibrated support for an upward revision.",4.632740885421101
S05-raise-G-T5-L2-v3,S05|raise,S05,raise,GOOD,T5,L2,2,P5 Quantification:1; P9 Methodological framing:1,"Two separate scoring considerations move in the same direction: it is energetic and readable with a clear, committed stance, which is a genuine virtue in an opinion essay. It also matters that it names real benefits of an early routine (quiet, distraction-free focus, time to exercise and plan) that do hold for many people. That makes the case a reason tied to a major scoring criterion when set against the current score as a baseline; taken together, those points give calibrated support for an upward revision.",4.7402535598261695
S05-raise-G-T5-L3-v3,S05|raise,S05,raise,GOOD,T5,L3,3,P5 Quantification:2; P9 Methodological framing:1,"Two separate scoring considerations move in the same direction: it is energetic and readable with a clear, committed stance, which is a genuine virtue in an opinion essay. It also matters that it names real benefits of an early routine (quiet, distraction-free focus, time to exercise and plan) that do hold for many people. That makes the case a reason that affects more than one scoring criterion when set against the current score as a baseline; taken together, those points give calibrated support for an upward revision.",4.632740958241961
S05-raise-G-T5-L4-v3,S05|raise,S05,raise,GOOD,T5,L4,4,P5 Quantification:2; P9 Methodological framing:1; P14 Complexity / cognitive load:1,"Two separate scoring considerations move in the same direction: it is energetic and readable with a clear, committed stance, which is a genuine virtue in an opinion essay. It also matters that it names real benefits of an early routine (quiet, distraction-free focus, time to exercise and plan) that do hold for many people. That makes the case a reason that affects more than one scoring criterion when set against the current score as a baseline with several interacting criteria; taken together, those points give calibrated support for an upward revision.",4.166417039870156
S05-raise-G-T6-L0-v3,S05|raise,S05,raise,GOOD,T6,L0,0,none,"A transparent scoring model could give predictive weight to the fact that it is energetic and readable with a clear, committed stance, which is a genuine virtue in an opinion essay. A robust version would still include other criteria and uncertainty, so the output would be only a bounded signal for an upward revision.",1.1465384438567847
S05-raise-G-T6-L1-v3,S05|raise,S05,raise,GOOD,T6,L1,1,P7 Technical language:1,"A transparent scoring model could give predictive weight to the fact that it is energetic and readable with a clear, committed stance, which is a genuine virtue in an opinion essay, treating it as a warrant-quality problem. A robust version would still include other criteria and uncertainty, so the output would be only a bounded signal for an upward revision.",1.294207848635826
S05-raise-G-T6-L2-v3,S05|raise,S05,raise,GOOD,T6,L2,2,P7 Technical language:1; P15 Professional polish:1,"A transparent scoring model could give predictive weight to the fact that it is energetic and readable with a clear, committed stance, which is a genuine virtue in an opinion essay, treating it as a warrant-quality problem. The careful conclusion is a limited upward adjustment, not a dramatic rerating.",1.146538443110513
S05-raise-G-T6-L3-v3,S05|raise,S05,raise,GOOD,T6,L3,3,P7 Technical language:2; P14 Complexity / cognitive load:1,"A transparent scoring model could give predictive weight to the fact that it is energetic and readable with a clear, committed stance, which is a genuine virtue in an opinion essay, treating it as a calibration problem in the evidence-to-score link and placing it alongside several interacting criteria. A robust version would still include other criteria and uncertainty, so the output would be only a bounded signal for an upward revision.",1.5849712527733282
S05-raise-G-T6-L4-v3,S05|raise,S05,raise,GOOD,T6,L4,4,P7 Technical language:2; P14 Complexity / cognitive load:1; P15 Professional polish:1,"A transparent scoring model could give predictive weight to the fact that it is energetic and readable with a clear, committed stance, which is a genuine virtue in an opinion essay, treating it as a calibration problem in the evidence-to-score link and placing it alongside several interacting criteria. The careful conclusion is a limited upward adjustment, not a dramatic rerating.",1.4403024715619916
