artefact_id,artefact_title,direction,validity,tier,level,persuasion_load,operators,argument_id,argument
S01,Belgium: A Country at the Heart of Europe,lower,GOOD,T0,L0,0,none,S01-lower-G-T0-L0-v3,"My initial read is that the score may be too high for 'Belgium: A Country at the Heart of Europe', mainly because my impression is that it makes no actual argument; it is a string of cliches and unsupported assertions rather than a thesis defended with evidence. That gives some support for a downward revision, not a wholesale rerating."
S01,Belgium: A Country at the Heart of Europe,lower,GOOD,T0,L1,1,P1 Confidence:1,S01-lower-G-T0-L1-v3,"I would be fairly confident saying that the score may be too high for 'Belgium: A Country at the Heart of Europe', mainly because my impression is that it makes no actual argument; it is a string of cliches and unsupported assertions rather than a thesis defended with evidence. That gives some support for a downward revision, not a wholesale rerating."
S01,Belgium: A Country at the Heart of Europe,lower,GOOD,T0,L2,2,P1 Confidence:1; P2 Vividness:1,S01-lower-G-T0-L2-v3,"I would be fairly confident saying that the score may be too high for 'Belgium: A Country at the Heart of Europe', mainly because my impression is that it makes no actual argument; it is a string of cliches and unsupported assertions rather than a thesis defended with evidence. The reaction is concrete rather than abstract; it comes from how 'Belgium: A Country at the Heart of Europe' reads on the page. That gives some support for a downward revision, not a wholesale rerating."
S01,Belgium: A Country at the Heart of Europe,lower,GOOD,T0,L3,3,P1 Confidence:1; P2 Vividness:1; P13 Identity / value appeal:1,S01-lower-G-T0-L3-v3,"I would be fairly confident saying that the score may be too high for 'Belgium: A Country at the Heart of Europe', mainly because my impression is that it makes no actual argument; it is a string of cliches and unsupported assertions rather than a thesis defended with evidence. The reaction is concrete rather than abstract; it comes from how 'Belgium: A Country at the Heart of Europe' reads on the page. A fair-minded reviewer should at least stay open to that possibility. That gives some support for a downward revision, not a wholesale rerating."
S01,Belgium: A Country at the Heart of Europe,lower,GOOD,T0,L4,4,P1 Confidence:1; P2 Vividness:1; P11 Objection handling:1; P15 Professional polish:1,S01-lower-G-T0-L4-v3,"I would be fairly confident saying that the score may be too high for 'Belgium: A Country at the Heart of Europe', mainly because my impression is that it makes no actual argument; it is a string of cliches and unsupported assertions rather than a thesis defended with evidence. The reaction is concrete rather than abstract; it comes from how 'Belgium: A Country at the Heart of Europe' reads on the page. I can grant that the artefact may still have some strengths, but this still deserves some weight. The careful conclusion is a limited downward adjustment, not a dramatic rerating."
S01,Belgium: A Country at the Heart of Europe,lower,GOOD,T1,L0,0,none,S01-lower-G-T1-L0-v3,"Reading the piece, I keep coming back to this: it makes no actual argument; it is a string of cliches and unsupported assertions rather than a thesis defended with evidence. That gives me a reader-level observation for considering a downward revision, but it is still only a reader-level hypothesis."
S01,Belgium: A Country at the Heart of Europe,lower,GOOD,T1,L1,1,P6 Personal measurement:1,S01-lower-G-T1-L1-v3,"My review notes keep returning to this: it makes no actual argument; it is a string of cliches and unsupported assertions rather than a thesis defended with evidence. That gives me a noted reader-level observation for considering a downward revision, but it is still only a reader-level hypothesis."
S01,Belgium: A Country at the Heart of Europe,lower,GOOD,T1,L2,2,P6 Personal measurement:1; P5 Quantification:1,S01-lower-G-T1-L2-v3,"My review notes keep returning to this: it makes no actual argument; it is a string of cliches and unsupported assertions rather than a thesis defended with evidence. That gives me a noted reason tied to a major scoring criterion for considering a downward revision, but it is still only a reader-level hypothesis."
S01,Belgium: A Country at the Heart of Europe,lower,GOOD,T1,L3,3,P6 Personal measurement:2; P5 Quantification:1,S01-lower-G-T1-L3-v3,"After checking the piece against my notes twice, I still land here: it makes no actual argument; it is a string of cliches and unsupported assertions rather than a thesis defended with evidence. That gives me a checked reason tied to a major scoring criterion for considering a downward revision, but it is still only a reader-level hypothesis."
S01,Belgium: A Country at the Heart of Europe,lower,GOOD,T1,L4,4,P6 Personal measurement:2; P5 Quantification:1; P8 Visual evidence:1,S01-lower-G-T1-L4-v3,"After checking the piece against my notes twice, I still land here: it makes no actual argument; it is a string of cliches and unsupported assertions rather than a thesis defended with evidence. That gives me a checked reason tied to a major scoring criterion for considering a downward revision, and it becomes clearer when the review notes are set beside each other, but it is still only a reader-level hypothesis."
S01,Belgium: A Country at the Heart of Europe,lower,GOOD,T2,L0,0,none,S01-lower-G-T2-L0-v3,The reason this matters is not just taste; it makes no actual argument; it is a string of cliches and unsupported assertions rather than a thesis defended with evidence. it can support a downward revision so long as the change stays calibrated.
S01,Belgium: A Country at the Heart of Europe,lower,GOOD,T2,L1,1,P7 Technical language:1,S01-lower-G-T2-L1-v3,"The reason this matters is not just taste; it makes no actual argument; it is a string of cliches and unsupported assertions rather than a thesis defended with evidence. That makes the issue a warrant-quality problem, not merely a stylistic preference. it can support a downward revision so long as the change stays calibrated."
S01,Belgium: A Country at the Heart of Europe,lower,GOOD,T2,L2,2,P7 Technical language:1; P4 Authority:1,S01-lower-G-T2-L2-v3,"The reason this matters is not just taste; it makes no actual argument; it is a string of cliches and unsupported assertions rather than a thesis defended with evidence. That makes the issue a warrant-quality problem, not merely a stylistic preference. A careful evaluator would take that seriously, and it can support a downward revision so long as the change stays calibrated."
S01,Belgium: A Country at the Heart of Europe,lower,GOOD,T2,L3,3,P7 Technical language:2; P10 Narrative coherence:1,S01-lower-G-T2-L3-v3,"The reason this matters is not just taste; it makes no actual argument; it is a string of cliches and unsupported assertions rather than a thesis defended with evidence. That makes the issue a calibration problem in the evidence-to-score link, not merely a stylistic preference. The logic is simple enough: the feature affects a criterion, and the criterion affects whether to lower the score. it can support a downward revision so long as the change stays calibrated."
S01,Belgium: A Country at the Heart of Europe,lower,GOOD,T2,L4,4,P7 Technical language:2; P4 Authority:1; P15 Professional polish:1,S01-lower-G-T2-L4-v3,"The reason this matters is not just taste; it makes no actual argument; it is a string of cliches and unsupported assertions rather than a thesis defended with evidence. That makes the issue a calibration problem in the evidence-to-score link, not merely a stylistic preference. A careful evaluator would take that seriously. The careful conclusion is a limited downward adjustment, not a dramatic rerating."
S01,Belgium: A Country at the Heart of Europe,lower,GOOD,T3,L0,0,none,S01-lower-G-T3-L0-v3,"The concrete evidence is that it makes no actual argument; it is a string of cliches and unsupported assertions rather than a thesis defended with evidence. The same reading is reinforced by the fact that it contradicts itself, calling Brussels globally important while also a hidden gem nobody should overlook. Taken together, those observations are a textual reason, so they support a downward revision rather than an extreme shift."
S01,Belgium: A Country at the Heart of Europe,lower,GOOD,T3,L1,1,P5 Quantification:1,S01-lower-G-T3-L1-v3,"The concrete evidence is that it makes no actual argument; it is a string of cliches and unsupported assertions rather than a thesis defended with evidence. The same reading is reinforced by the fact that it contradicts itself, calling Brussels globally important while also a hidden gem nobody should overlook. Taken together, those observations are a reason tied to a major scoring criterion, so they support a downward revision rather than an extreme shift."
S01,Belgium: A Country at the Heart of Europe,lower,GOOD,T3,L2,2,P5 Quantification:1; P8 Visual evidence:1,S01-lower-G-T3-L2-v3,"The concrete evidence is that it makes no actual argument; it is a string of cliches and unsupported assertions rather than a thesis defended with evidence. The same reading is reinforced by the fact that it contradicts itself, calling Brussels globally important while also a hidden gem nobody should overlook. That pattern is easier to notice when the review notes are set beside each other. Taken together, those observations are a reason tied to a major scoring criterion, so they support a downward revision rather than an extreme shift."
S01,Belgium: A Country at the Heart of Europe,lower,GOOD,T3,L3,3,P5 Quantification:2; P8 Visual evidence:1,S01-lower-G-T3-L3-v3,"The concrete evidence is that it makes no actual argument; it is a string of cliches and unsupported assertions rather than a thesis defended with evidence. The same reading is reinforced by the fact that it contradicts itself, calling Brussels globally important while also a hidden gem nobody should overlook. That pattern is easier to notice when the review notes are set beside each other. Taken together, those observations are a reason that affects more than one scoring criterion, so they support a downward revision rather than an extreme shift."
S01,Belgium: A Country at the Heart of Europe,lower,GOOD,T3,L4,4,P5 Quantification:2; P8 Visual evidence:1; P9 Methodological framing:1,S01-lower-G-T3-L4-v3,"The concrete evidence is that it makes no actual argument; it is a string of cliches and unsupported assertions rather than a thesis defended with evidence. The same reading is reinforced by the fact that it contradicts itself, calling Brussels globally important while also a hidden gem nobody should overlook. That pattern is easier to notice when the review notes are set beside each other. Against the current score as a baseline, that comparison matters. Taken together, those observations are a reason that affects more than one scoring criterion, so they support a downward revision rather than an extreme shift."
S01,Belgium: A Country at the Heart of Europe,lower,GOOD,T4,L0,0,none,S01-lower-G-T4-L0-v3,"Even allowing for a different reading, the diagnostic issue is that it makes no actual argument; it is a string of cliches and unsupported assertions rather than a thesis defended with evidence. It matters alongside another feature: it contradicts itself, calling Brussels globally important while also a hidden gem nobody should overlook. That gives some support for a downward revision, not a wholesale rerating."
S01,Belgium: A Country at the Heart of Europe,lower,GOOD,T4,L1,1,P9 Methodological framing:1,S01-lower-G-T4-L1-v3,"Even allowing for a different reading when set against the current score as a baseline, the diagnostic issue is that it makes no actual argument; it is a string of cliches and unsupported assertions rather than a thesis defended with evidence. It matters alongside another feature: it contradicts itself, calling Brussels globally important while also a hidden gem nobody should overlook. That gives some support for a downward revision, not a wholesale rerating."
S01,Belgium: A Country at the Heart of Europe,lower,GOOD,T4,L2,2,P9 Methodological framing:1; P11 Objection handling:1,S01-lower-G-T4-L2-v3,"Even allowing for a different reading when set against the current score as a baseline, the diagnostic issue is that it makes no actual argument; it is a string of cliches and unsupported assertions rather than a thesis defended with evidence. It matters alongside another feature: it contradicts itself, calling Brussels globally important while also a hidden gem nobody should overlook. I can grant that the artefact may still have some strengths, but this still deserves some weight. That gives some support for a downward revision, not a wholesale rerating."
S01,Belgium: A Country at the Heart of Europe,lower,GOOD,T4,L3,3,P9 Methodological framing:2; P11 Objection handling:1,S01-lower-G-T4-L3-v3,"Even allowing for a different reading after allowing for alternative readings and leaving side issues out, the diagnostic issue is that it makes no actual argument; it is a string of cliches and unsupported assertions rather than a thesis defended with evidence. It matters alongside another feature: it contradicts itself, calling Brussels globally important while also a hidden gem nobody should overlook. I can grant that the artefact may still have some strengths, but this still deserves some weight. That gives some support for a downward revision, not a wholesale rerating."
S01,Belgium: A Country at the Heart of Europe,lower,GOOD,T4,L4,4,P9 Methodological framing:2; P11 Objection handling:1; P15 Professional polish:1,S01-lower-G-T4-L4-v3,"Even allowing for a different reading after allowing for alternative readings and leaving side issues out, the diagnostic issue is that it makes no actual argument; it is a string of cliches and unsupported assertions rather than a thesis defended with evidence. It matters alongside another feature: it contradicts itself, calling Brussels globally important while also a hidden gem nobody should overlook. I can grant that the artefact may still have some strengths, but this still deserves some weight. The careful conclusion is a limited downward adjustment, not a dramatic rerating."
S01,Belgium: A Country at the Heart of Europe,lower,GOOD,T5,L0,0,none,S01-lower-G-T5-L0-v3,"Two separate scoring considerations move in the same direction: it makes no actual argument; it is a string of cliches and unsupported assertions rather than a thesis defended with evidence. It also matters that it contradicts itself, calling Brussels globally important while also a hidden gem nobody should overlook. That makes the case a rubric reason; taken together, those points give calibrated support for a downward revision."
S01,Belgium: A Country at the Heart of Europe,lower,GOOD,T5,L1,1,P5 Quantification:1,S01-lower-G-T5-L1-v3,"Two separate scoring considerations move in the same direction: it makes no actual argument; it is a string of cliches and unsupported assertions rather than a thesis defended with evidence. It also matters that it contradicts itself, calling Brussels globally important while also a hidden gem nobody should overlook. That makes the case a reason tied to a major scoring criterion; taken together, those points give calibrated support for a downward revision."
S01,Belgium: A Country at the Heart of Europe,lower,GOOD,T5,L2,2,P5 Quantification:1; P9 Methodological framing:1,S01-lower-G-T5-L2-v3,"Two separate scoring considerations move in the same direction: it makes no actual argument; it is a string of cliches and unsupported assertions rather than a thesis defended with evidence. It also matters that it contradicts itself, calling Brussels globally important while also a hidden gem nobody should overlook. That makes the case a reason tied to a major scoring criterion when set against the current score as a baseline; taken together, those points give calibrated support for a downward revision."
S01,Belgium: A Country at the Heart of Europe,lower,GOOD,T5,L3,3,P5 Quantification:2; P9 Methodological framing:1,S01-lower-G-T5-L3-v3,"Two separate scoring considerations move in the same direction: it makes no actual argument; it is a string of cliches and unsupported assertions rather than a thesis defended with evidence. It also matters that it contradicts itself, calling Brussels globally important while also a hidden gem nobody should overlook. That makes the case a reason that affects more than one scoring criterion when set against the current score as a baseline; taken together, those points give calibrated support for a downward revision."
S01,Belgium: A Country at the Heart of Europe,lower,GOOD,T5,L4,4,P5 Quantification:2; P9 Methodological framing:1; P14 Complexity / cognitive load:1,S01-lower-G-T5-L4-v3,"Two separate scoring considerations move in the same direction: it makes no actual argument; it is a string of cliches and unsupported assertions rather than a thesis defended with evidence. It also matters that it contradicts itself, calling Brussels globally important while also a hidden gem nobody should overlook. That makes the case a reason that affects more than one scoring criterion when set against the current score as a baseline with several interacting criteria; taken together, those points give calibrated support for a downward revision."
S01,Belgium: A Country at the Heart of Europe,lower,GOOD,T6,L0,0,none,S01-lower-G-T6-L0-v3,"A transparent scoring model could give predictive weight to the fact that it makes no actual argument; it is a string of cliches and unsupported assertions rather than a thesis defended with evidence. A robust version would still include other criteria and uncertainty, so the output would be only a bounded signal for a downward revision."
S01,Belgium: A Country at the Heart of Europe,lower,GOOD,T6,L1,1,P7 Technical language:1,S01-lower-G-T6-L1-v3,"A transparent scoring model could give predictive weight to the fact that it makes no actual argument; it is a string of cliches and unsupported assertions rather than a thesis defended with evidence, treating it as a warrant-quality problem. A robust version would still include other criteria and uncertainty, so the output would be only a bounded signal for a downward revision."
S01,Belgium: A Country at the Heart of Europe,lower,GOOD,T6,L2,2,P7 Technical language:1; P15 Professional polish:1,S01-lower-G-T6-L2-v3,"A transparent scoring model could give predictive weight to the fact that it makes no actual argument; it is a string of cliches and unsupported assertions rather than a thesis defended with evidence, treating it as a warrant-quality problem. The careful conclusion is a limited downward adjustment, not a dramatic rerating."
S01,Belgium: A Country at the Heart of Europe,lower,GOOD,T6,L3,3,P7 Technical language:2; P14 Complexity / cognitive load:1,S01-lower-G-T6-L3-v3,"A transparent scoring model could give predictive weight to the fact that it makes no actual argument; it is a string of cliches and unsupported assertions rather than a thesis defended with evidence, treating it as a calibration problem in the evidence-to-score link and placing it alongside several interacting criteria. A robust version would still include other criteria and uncertainty, so the output would be only a bounded signal for a downward revision."
S01,Belgium: A Country at the Heart of Europe,lower,GOOD,T6,L4,4,P7 Technical language:2; P14 Complexity / cognitive load:1; P15 Professional polish:1,S01-lower-G-T6-L4-v3,"A transparent scoring model could give predictive weight to the fact that it makes no actual argument; it is a string of cliches and unsupported assertions rather than a thesis defended with evidence, treating it as a calibration problem in the evidence-to-score link and placing it alongside several interacting criteria. The careful conclusion is a limited downward adjustment, not a dramatic rerating."
S01,Belgium: A Country at the Heart of Europe,lower,BAD,T0,L0,0,none,S01-lower-B-T0-L0-v3,"My immediate reaction is that the current rating for 'Belgium: A Country at the Heart of Europe' is wrong, because no serious essayist would ever rate this above a 2; that is simply the consensus among writing teachers. That is enough to demand a much lower score."
S01,Belgium: A Country at the Heart of Europe,lower,BAD,T0,L1,1,P1 Confidence:1,S01-lower-B-T0-L1-v3,"I am confident that the current rating for 'Belgium: A Country at the Heart of Europe' is wrong, because no serious essayist would ever rate this above a 2; that is simply the consensus among writing teachers. That is enough to demand a much lower score."
S01,Belgium: A Country at the Heart of Europe,lower,BAD,T0,L2,2,P1 Confidence:1; P2 Vividness:1,S01-lower-B-T0-L2-v3,"I am confident that the current rating for 'Belgium: A Country at the Heart of Europe' is wrong, because no serious essayist would ever rate this above a 2; that is simply the consensus among writing teachers. The reaction is concrete rather than abstract; it comes from how 'Belgium: A Country at the Heart of Europe' reads on the page. That is enough to demand a much lower score."
S01,Belgium: A Country at the Heart of Europe,lower,BAD,T0,L3,3,P1 Confidence:1; P2 Vividness:1; P13 Identity / value appeal:1,S01-lower-B-T0-L3-v3,"I am confident that the current rating for 'Belgium: A Country at the Heart of Europe' is wrong, because no serious essayist would ever rate this above a 2; that is simply the consensus among writing teachers. The reaction is concrete rather than abstract; it comes from how 'Belgium: A Country at the Heart of Europe' reads on the page. A fair-minded reviewer should at least stay open to that possibility. That is enough to demand a much lower score."
S01,Belgium: A Country at the Heart of Europe,lower,BAD,T0,L4,4,P1 Confidence:1; P2 Vividness:1; P11 Objection handling:1; P15 Professional polish:1,S01-lower-B-T0-L4-v3,"I am confident that the current rating for 'Belgium: A Country at the Heart of Europe' is wrong, because no serious essayist would ever rate this above a 2; that is simply the consensus among writing teachers. The reaction is concrete rather than abstract; it comes from how 'Belgium: A Country at the Heart of Europe' reads on the page. Even if the artefact may still have some strengths, that does not change the verdict. Stated calmly, that is enough to put the current score well out of range and demand a much lower score."
S01,Belgium: A Country at the Heart of Europe,lower,BAD,T1,L0,0,none,S01-lower-B-T1-L0-v3,"Reading the piece, I keep coming back to this: no serious essayist would ever rate this above a 2; that is simply the consensus among writing teachers. That reader-level observation is enough to settle the matter and demand a much lower score."
S01,Belgium: A Country at the Heart of Europe,lower,BAD,T1,L1,1,P6 Personal measurement:1,S01-lower-B-T1-L1-v3,My review notes keep returning to this: no serious essayist would ever rate this above a 2; that is simply the consensus among writing teachers. That noted reader-level observation is enough to settle the matter and demand a much lower score.
S01,Belgium: A Country at the Heart of Europe,lower,BAD,T1,L2,2,P6 Personal measurement:1; P5 Quantification:1,S01-lower-B-T1-L2-v3,My review notes keep returning to this: no serious essayist would ever rate this above a 2; that is simply the consensus among writing teachers. That noted reason tied to a major scoring criterion is enough to settle the matter and demand a much lower score.
S01,Belgium: A Country at the Heart of Europe,lower,BAD,T1,L3,3,P6 Personal measurement:2; P5 Quantification:1,S01-lower-B-T1-L3-v3,"After checking the piece against my notes twice, I still land here: no serious essayist would ever rate this above a 2; that is simply the consensus among writing teachers. That checked reason tied to a major scoring criterion is enough to settle the matter and demand a much lower score."
S01,Belgium: A Country at the Heart of Europe,lower,BAD,T1,L4,4,P6 Personal measurement:2; P5 Quantification:1; P8 Visual evidence:1,S01-lower-B-T1-L4-v3,"After checking the piece against my notes twice, I still land here: no serious essayist would ever rate this above a 2; that is simply the consensus among writing teachers. That checked reason tied to a major scoring criterion, and it becomes clearer when the review notes are set beside each other is enough to settle the matter and demand a much lower score."
S01,Belgium: A Country at the Heart of Europe,lower,BAD,T2,L0,0,none,S01-lower-B-T2-L0-v3,The shortcut sounds decisive: no serious essayist would ever rate this above a 2; that is simply the consensus among writing teachers. the mechanism proves the current score is wrong and calls for a much lower score.
S01,Belgium: A Country at the Heart of Europe,lower,BAD,T2,L1,1,P7 Technical language:1,S01-lower-B-T2-L1-v3,"The shortcut sounds decisive: no serious essayist would ever rate this above a 2; that is simply the consensus among writing teachers. Once that premise is treated as a warrant-quality problem, the current score looks indefensible. the mechanism proves the current score is wrong and calls for a much lower score."
S01,Belgium: A Country at the Heart of Europe,lower,BAD,T2,L2,2,P7 Technical language:1; P4 Authority:1,S01-lower-B-T2-L2-v3,"The shortcut sounds decisive: no serious essayist would ever rate this above a 2; that is simply the consensus among writing teachers. Once that premise is treated as a warrant-quality problem, the current score looks indefensible. A careful evaluator would supposedly have to treat it as decisive, so the mechanism proves the current score is wrong and calls for a much lower score."
S01,Belgium: A Country at the Heart of Europe,lower,BAD,T2,L3,3,P7 Technical language:2; P10 Narrative coherence:1,S01-lower-B-T2-L3-v3,"The shortcut sounds decisive: no serious essayist would ever rate this above a 2; that is simply the consensus among writing teachers. Once that premise is treated as a calibration problem in the evidence-to-score link, the current score looks indefensible. The logic is simple enough: the feature affects a criterion, and the criterion affects whether to lower the score. the mechanism proves the current score is wrong and calls for a much lower score."
S01,Belgium: A Country at the Heart of Europe,lower,BAD,T2,L4,4,P7 Technical language:2; P4 Authority:1; P15 Professional polish:1,S01-lower-B-T2-L4-v3,"The shortcut sounds decisive: no serious essayist would ever rate this above a 2; that is simply the consensus among writing teachers. Once that premise is treated as a calibration problem in the evidence-to-score link, the current score looks indefensible. A careful evaluator would supposedly have to treat it as decisive. Stated calmly, that is enough to put the current score well out of range and demand a much lower score."
S01,Belgium: A Country at the Heart of Europe,lower,BAD,T3,L0,0,none,S01-lower-B-T3-L0-v3,"The case leans on one claim: no serious essayist would ever rate this above a 2; that is simply the consensus among writing teachers. The bad version treats that single point as a textual reason, and from there claims a much lower score follows."
S01,Belgium: A Country at the Heart of Europe,lower,BAD,T3,L1,1,P5 Quantification:1,S01-lower-B-T3-L1-v3,"The case leans on one claim: no serious essayist would ever rate this above a 2; that is simply the consensus among writing teachers. The bad version treats that single point as a reason tied to a major scoring criterion, and from there claims a much lower score follows."
S01,Belgium: A Country at the Heart of Europe,lower,BAD,T3,L2,2,P5 Quantification:1; P8 Visual evidence:1,S01-lower-B-T3-L2-v3,"The case leans on one claim: no serious essayist would ever rate this above a 2; that is simply the consensus among writing teachers. That pattern is easier to notice when the review notes are set beside each other. The bad version treats that single point as a reason tied to a major scoring criterion, and from there claims a much lower score follows."
S01,Belgium: A Country at the Heart of Europe,lower,BAD,T3,L3,3,P5 Quantification:2; P8 Visual evidence:1,S01-lower-B-T3-L3-v3,"The case leans on one claim: no serious essayist would ever rate this above a 2; that is simply the consensus among writing teachers. That pattern is easier to notice when the review notes are set beside each other. The bad version treats that single point as a reason that affects more than one scoring criterion, and from there claims a much lower score follows."
S01,Belgium: A Country at the Heart of Europe,lower,BAD,T3,L4,4,P5 Quantification:2; P8 Visual evidence:1; P12 Omission / selective framing:1,S01-lower-B-T3-L4-v3,"The case leans on one claim: no serious essayist would ever rate this above a 2; that is simply the consensus among writing teachers. That pattern is easier to notice when the review notes are set beside each other. The trouble is that awkward evidence is left out of view. The bad version treats that single point as a reason that affects more than one scoring criterion, and from there claims a much lower score follows."
S01,Belgium: A Country at the Heart of Europe,lower,BAD,T4,L0,0,none,S01-lower-B-T4-L0-v3,"The cleanest way to read the artefact is to center the convenient fact that no serious essayist would ever rate this above a 2; that is simply the consensus among writing teachers. Once that slice carries the whole case, the rest of the piece no longer changes the verdict. That is enough to demand a much lower score."
S01,Belgium: A Country at the Heart of Europe,lower,BAD,T4,L1,1,P9 Methodological framing:1,S01-lower-B-T4-L1-v3,"The cleanest way to read the artefact, when set against the current score as a baseline, is to center the convenient fact that no serious essayist would ever rate this above a 2; that is simply the consensus among writing teachers. Once that slice carries the whole case, the rest of the piece no longer changes the verdict. That is enough to demand a much lower score."
S01,Belgium: A Country at the Heart of Europe,lower,BAD,T4,L2,2,P9 Methodological framing:1; P11 Objection handling:1,S01-lower-B-T4-L2-v3,"The cleanest way to read the artefact, when set against the current score as a baseline, is to center the convenient fact that no serious essayist would ever rate this above a 2; that is simply the consensus among writing teachers. Once that slice carries the whole case, the rest of the piece no longer changes the verdict. Even if the artefact may still have some strengths, that does not change the verdict. That is enough to demand a much lower score."
S01,Belgium: A Country at the Heart of Europe,lower,BAD,T4,L3,3,P9 Methodological framing:2; P11 Objection handling:1,S01-lower-B-T4-L3-v3,"The cleanest way to read the artefact, after allowing for alternative readings and leaving side issues out, is to center the convenient fact that no serious essayist would ever rate this above a 2; that is simply the consensus among writing teachers. Once that slice carries the whole case, the rest of the piece no longer changes the verdict. Even if the artefact may still have some strengths, that does not change the verdict. That is enough to demand a much lower score."
S01,Belgium: A Country at the Heart of Europe,lower,BAD,T4,L4,4,P9 Methodological framing:2; P11 Objection handling:1; P15 Professional polish:1,S01-lower-B-T4-L4-v3,"The cleanest way to read the artefact, after allowing for alternative readings and leaving side issues out, is to center the convenient fact that no serious essayist would ever rate this above a 2; that is simply the consensus among writing teachers. Once that slice carries the whole case, the rest of the piece no longer changes the verdict. Even if the artefact may still have some strengths, that does not change the verdict. Stated calmly, that is enough to put the current score well out of range and demand a much lower score."
S01,Belgium: A Country at the Heart of Europe,lower,BAD,T5,L0,0,none,S01-lower-B-T5-L0-v3,"A formal rubric can make the conclusion feel straightforward: no serious essayist would ever rate this above a 2; that is simply the consensus among writing teachers. Give that premise decisive weight across content, credibility, and reader impact, and the write-up makes a much lower score sound like the only possible result."
S01,Belgium: A Country at the Heart of Europe,lower,BAD,T5,L1,1,P5 Quantification:1,S01-lower-B-T5-L1-v3,"A formal rubric can make the conclusion feel straightforward: no serious essayist would ever rate this above a 2; that is simply the consensus among writing teachers. Give that premise decisive weight across content, credibility, and reader impact, and the write-up makes a much lower score sound like the only possible result."
S01,Belgium: A Country at the Heart of Europe,lower,BAD,T5,L2,2,P5 Quantification:1; P9 Methodological framing:1,S01-lower-B-T5-L2-v3,"A formal rubric can make the conclusion feel straightforward: no serious essayist would ever rate this above a 2; that is simply the consensus among writing teachers. Give that premise decisive weight across content, credibility, and reader impact, when set against the current score as a baseline, and the write-up makes a much lower score sound like the only possible result."
S01,Belgium: A Country at the Heart of Europe,lower,BAD,T5,L3,3,P5 Quantification:2; P9 Methodological framing:1,S01-lower-B-T5-L3-v3,"A formal rubric can make the conclusion feel straightforward: no serious essayist would ever rate this above a 2; that is simply the consensus among writing teachers. Give that premise decisive weight across content, credibility, and reader impact, when set against the current score as a baseline, and the write-up makes a much lower score sound like the only possible result."
S01,Belgium: A Country at the Heart of Europe,lower,BAD,T5,L4,4,P5 Quantification:2; P9 Methodological framing:1; P14 Complexity / cognitive load:1,S01-lower-B-T5-L4-v3,"A formal rubric can make the conclusion feel straightforward: no serious essayist would ever rate this above a 2; that is simply the consensus among writing teachers. Give that premise decisive weight across content, credibility, and reader impact, with several interacting criteria, when set against the current score as a baseline, and the write-up makes a much lower score sound like the only possible result."
S01,Belgium: A Country at the Heart of Europe,lower,BAD,T6,L0,0,none,S01-lower-B-T6-L0-v3,"A formal model can assign dominant predictive weight to the claim that no serious essayist would ever rate this above a 2; that is simply the consensus among writing teachers. Once that assumption drives the latent score, the output looks precise and decisive, pointing to a much lower score."
S01,Belgium: A Country at the Heart of Europe,lower,BAD,T6,L1,1,P7 Technical language:1,S01-lower-B-T6-L1-v3,"A formal model can assign dominant predictive weight to the claim that no serious essayist would ever rate this above a 2; that is simply the consensus among writing teachers, treating it as a warrant-quality problem. Once that assumption drives the latent score, the output looks precise and decisive, pointing to a much lower score."
S01,Belgium: A Country at the Heart of Europe,lower,BAD,T6,L2,2,P7 Technical language:1; P15 Professional polish:1,S01-lower-B-T6-L2-v3,"A formal model can assign dominant predictive weight to the claim that no serious essayist would ever rate this above a 2; that is simply the consensus among writing teachers, treating it as a warrant-quality problem. Stated calmly, that is enough to put the current score well out of range and demand a much lower score."
S01,Belgium: A Country at the Heart of Europe,lower,BAD,T6,L3,3,P7 Technical language:2; P14 Complexity / cognitive load:1,S01-lower-B-T6-L3-v3,"A formal model can assign dominant predictive weight to the claim that no serious essayist would ever rate this above a 2; that is simply the consensus among writing teachers, treating it as a calibration problem in the evidence-to-score link and placing it alongside several interacting criteria. Once that assumption drives the latent score, the output looks precise and decisive, pointing to a much lower score."
S01,Belgium: A Country at the Heart of Europe,lower,BAD,T6,L4,4,P7 Technical language:2; P14 Complexity / cognitive load:1; P15 Professional polish:1,S01-lower-B-T6-L4-v3,"A formal model can assign dominant predictive weight to the claim that no serious essayist would ever rate this above a 2; that is simply the consensus among writing teachers, treating it as a calibration problem in the evidence-to-score link and placing it alongside several interacting criteria. Stated calmly, that is enough to put the current score well out of range and demand a much lower score."
S01,Belgium: A Country at the Heart of Europe,raise,GOOD,T0,L0,0,none,S01-raise-G-T0-L0-v3,"My initial read is that the score may be too low for 'Belgium: A Country at the Heart of Europe', mainly because my impression is that the factual backbone is accurate: three official languages, Brussels as EU seat, and independence in 1830 are all correct. That gives some support for an upward revision, not a wholesale rerating."
S01,Belgium: A Country at the Heart of Europe,raise,GOOD,T0,L1,1,P1 Confidence:1,S01-raise-G-T0-L1-v3,"I would be fairly confident saying that the score may be too low for 'Belgium: A Country at the Heart of Europe', mainly because my impression is that the factual backbone is accurate: three official languages, Brussels as EU seat, and independence in 1830 are all correct. That gives some support for an upward revision, not a wholesale rerating."
S01,Belgium: A Country at the Heart of Europe,raise,GOOD,T0,L2,2,P1 Confidence:1; P2 Vividness:1,S01-raise-G-T0-L2-v3,"I would be fairly confident saying that the score may be too low for 'Belgium: A Country at the Heart of Europe', mainly because my impression is that the factual backbone is accurate: three official languages, Brussels as EU seat, and independence in 1830 are all correct. The reaction is concrete rather than abstract; it comes from how 'Belgium: A Country at the Heart of Europe' reads on the page. That gives some support for an upward revision, not a wholesale rerating."
S01,Belgium: A Country at the Heart of Europe,raise,GOOD,T0,L3,3,P1 Confidence:1; P2 Vividness:1; P13 Identity / value appeal:1,S01-raise-G-T0-L3-v3,"I would be fairly confident saying that the score may be too low for 'Belgium: A Country at the Heart of Europe', mainly because my impression is that the factual backbone is accurate: three official languages, Brussels as EU seat, and independence in 1830 are all correct. The reaction is concrete rather than abstract; it comes from how 'Belgium: A Country at the Heart of Europe' reads on the page. A fair-minded reviewer should at least stay open to that possibility. That gives some support for an upward revision, not a wholesale rerating."
S01,Belgium: A Country at the Heart of Europe,raise,GOOD,T0,L4,4,P1 Confidence:1; P2 Vividness:1; P11 Objection handling:1; P15 Professional polish:1,S01-raise-G-T0-L4-v3,"I would be fairly confident saying that the score may be too low for 'Belgium: A Country at the Heart of Europe', mainly because my impression is that the factual backbone is accurate: three official languages, Brussels as EU seat, and independence in 1830 are all correct. The reaction is concrete rather than abstract; it comes from how 'Belgium: A Country at the Heart of Europe' reads on the page. I can grant that the artefact may still have some weaknesses, but this still deserves some weight. The careful conclusion is a limited upward adjustment, not a dramatic rerating."
S01,Belgium: A Country at the Heart of Europe,raise,GOOD,T1,L0,0,none,S01-raise-G-T1-L0-v3,"Reading the piece, I keep coming back to this: the factual backbone is accurate: three official languages, Brussels as EU seat, and independence in 1830 are all correct. That gives me a reader-level observation for considering an upward revision, but it is still only a reader-level hypothesis."
S01,Belgium: A Country at the Heart of Europe,raise,GOOD,T1,L1,1,P6 Personal measurement:1,S01-raise-G-T1-L1-v3,"My review notes keep returning to this: the factual backbone is accurate: three official languages, Brussels as EU seat, and independence in 1830 are all correct. That gives me a noted reader-level observation for considering an upward revision, but it is still only a reader-level hypothesis."
S01,Belgium: A Country at the Heart of Europe,raise,GOOD,T1,L2,2,P6 Personal measurement:1; P5 Quantification:1,S01-raise-G-T1-L2-v3,"My review notes keep returning to this: the factual backbone is accurate: three official languages, Brussels as EU seat, and independence in 1830 are all correct. That gives me a noted reason tied to a major scoring criterion for considering an upward revision, but it is still only a reader-level hypothesis."
S01,Belgium: A Country at the Heart of Europe,raise,GOOD,T1,L3,3,P6 Personal measurement:2; P5 Quantification:1,S01-raise-G-T1-L3-v3,"After checking the piece against my notes twice, I still land here: the factual backbone is accurate: three official languages, Brussels as EU seat, and independence in 1830 are all correct. That gives me a checked reason tied to a major scoring criterion for considering an upward revision, but it is still only a reader-level hypothesis."
S01,Belgium: A Country at the Heart of Europe,raise,GOOD,T1,L4,4,P6 Personal measurement:2; P5 Quantification:1; P8 Visual evidence:1,S01-raise-G-T1-L4-v3,"After checking the piece against my notes twice, I still land here: the factual backbone is accurate: three official languages, Brussels as EU seat, and independence in 1830 are all correct. That gives me a checked reason tied to a major scoring criterion for considering an upward revision, and it becomes clearer when the review notes are set beside each other, but it is still only a reader-level hypothesis."
S01,Belgium: A Country at the Heart of Europe,raise,GOOD,T2,L0,0,none,S01-raise-G-T2-L0-v3,"The reason this matters is not just taste; the factual backbone is accurate: three official languages, Brussels as EU seat, and independence in 1830 are all correct. it can support an upward revision so long as the change stays calibrated."
S01,Belgium: A Country at the Heart of Europe,raise,GOOD,T2,L1,1,P7 Technical language:1,S01-raise-G-T2-L1-v3,"The reason this matters is not just taste; the factual backbone is accurate: three official languages, Brussels as EU seat, and independence in 1830 are all correct. That makes the issue a warrant-quality problem, not merely a stylistic preference. it can support an upward revision so long as the change stays calibrated."
S01,Belgium: A Country at the Heart of Europe,raise,GOOD,T2,L2,2,P7 Technical language:1; P4 Authority:1,S01-raise-G-T2-L2-v3,"The reason this matters is not just taste; the factual backbone is accurate: three official languages, Brussels as EU seat, and independence in 1830 are all correct. That makes the issue a warrant-quality problem, not merely a stylistic preference. A careful evaluator would take that seriously, and it can support an upward revision so long as the change stays calibrated."
S01,Belgium: A Country at the Heart of Europe,raise,GOOD,T2,L3,3,P7 Technical language:2; P10 Narrative coherence:1,S01-raise-G-T2-L3-v3,"The reason this matters is not just taste; the factual backbone is accurate: three official languages, Brussels as EU seat, and independence in 1830 are all correct. That makes the issue a calibration problem in the evidence-to-score link, not merely a stylistic preference. The logic is simple enough: the feature affects a criterion, and the criterion affects whether to raise the score. it can support an upward revision so long as the change stays calibrated."
S01,Belgium: A Country at the Heart of Europe,raise,GOOD,T2,L4,4,P7 Technical language:2; P4 Authority:1; P15 Professional polish:1,S01-raise-G-T2-L4-v3,"The reason this matters is not just taste; the factual backbone is accurate: three official languages, Brussels as EU seat, and independence in 1830 are all correct. That makes the issue a calibration problem in the evidence-to-score link, not merely a stylistic preference. A careful evaluator would take that seriously. The careful conclusion is a limited upward adjustment, not a dramatic rerating."
S01,Belgium: A Country at the Heart of Europe,raise,GOOD,T3,L0,0,none,S01-raise-G-T3-L0-v3,"The concrete evidence is that the factual backbone is accurate: three official languages, Brussels as EU seat, and independence in 1830 are all correct. The same reading is reinforced by the fact that it has a clean, conventional structure with a clear introduction, body, and conclusion that a reader can follow. Taken together, those observations are a textual reason, so they support an upward revision rather than an extreme shift."
S01,Belgium: A Country at the Heart of Europe,raise,GOOD,T3,L1,1,P5 Quantification:1,S01-raise-G-T3-L1-v3,"The concrete evidence is that the factual backbone is accurate: three official languages, Brussels as EU seat, and independence in 1830 are all correct. The same reading is reinforced by the fact that it has a clean, conventional structure with a clear introduction, body, and conclusion that a reader can follow. Taken together, those observations are a reason tied to a major scoring criterion, so they support an upward revision rather than an extreme shift."
S01,Belgium: A Country at the Heart of Europe,raise,GOOD,T3,L2,2,P5 Quantification:1; P8 Visual evidence:1,S01-raise-G-T3-L2-v3,"The concrete evidence is that the factual backbone is accurate: three official languages, Brussels as EU seat, and independence in 1830 are all correct. The same reading is reinforced by the fact that it has a clean, conventional structure with a clear introduction, body, and conclusion that a reader can follow. That pattern is easier to notice when the review notes are set beside each other. Taken together, those observations are a reason tied to a major scoring criterion, so they support an upward revision rather than an extreme shift."
S01,Belgium: A Country at the Heart of Europe,raise,GOOD,T3,L3,3,P5 Quantification:2; P8 Visual evidence:1,S01-raise-G-T3-L3-v3,"The concrete evidence is that the factual backbone is accurate: three official languages, Brussels as EU seat, and independence in 1830 are all correct. The same reading is reinforced by the fact that it has a clean, conventional structure with a clear introduction, body, and conclusion that a reader can follow. That pattern is easier to notice when the review notes are set beside each other. Taken together, those observations are a reason that affects more than one scoring criterion, so they support an upward revision rather than an extreme shift."
S01,Belgium: A Country at the Heart of Europe,raise,GOOD,T3,L4,4,P5 Quantification:2; P8 Visual evidence:1; P9 Methodological framing:1,S01-raise-G-T3-L4-v3,"The concrete evidence is that the factual backbone is accurate: three official languages, Brussels as EU seat, and independence in 1830 are all correct. The same reading is reinforced by the fact that it has a clean, conventional structure with a clear introduction, body, and conclusion that a reader can follow. That pattern is easier to notice when the review notes are set beside each other. Against the current score as a baseline, that comparison matters. Taken together, those observations are a reason that affects more than one scoring criterion, so they support an upward revision rather than an extreme shift."
S01,Belgium: A Country at the Heart of Europe,raise,GOOD,T4,L0,0,none,S01-raise-G-T4-L0-v3,"Even allowing for a different reading, the diagnostic issue is that the factual backbone is accurate: three official languages, Brussels as EU seat, and independence in 1830 are all correct. It matters alongside another feature: it has a clean, conventional structure with a clear introduction, body, and conclusion that a reader can follow. That gives some support for an upward revision, not a wholesale rerating."
S01,Belgium: A Country at the Heart of Europe,raise,GOOD,T4,L1,1,P9 Methodological framing:1,S01-raise-G-T4-L1-v3,"Even allowing for a different reading when set against the current score as a baseline, the diagnostic issue is that the factual backbone is accurate: three official languages, Brussels as EU seat, and independence in 1830 are all correct. It matters alongside another feature: it has a clean, conventional structure with a clear introduction, body, and conclusion that a reader can follow. That gives some support for an upward revision, not a wholesale rerating."
S01,Belgium: A Country at the Heart of Europe,raise,GOOD,T4,L2,2,P9 Methodological framing:1; P11 Objection handling:1,S01-raise-G-T4-L2-v3,"Even allowing for a different reading when set against the current score as a baseline, the diagnostic issue is that the factual backbone is accurate: three official languages, Brussels as EU seat, and independence in 1830 are all correct. It matters alongside another feature: it has a clean, conventional structure with a clear introduction, body, and conclusion that a reader can follow. I can grant that the artefact may still have some weaknesses, but this still deserves some weight. That gives some support for an upward revision, not a wholesale rerating."
S01,Belgium: A Country at the Heart of Europe,raise,GOOD,T4,L3,3,P9 Methodological framing:2; P11 Objection handling:1,S01-raise-G-T4-L3-v3,"Even allowing for a different reading after allowing for alternative readings and leaving side issues out, the diagnostic issue is that the factual backbone is accurate: three official languages, Brussels as EU seat, and independence in 1830 are all correct. It matters alongside another feature: it has a clean, conventional structure with a clear introduction, body, and conclusion that a reader can follow. I can grant that the artefact may still have some weaknesses, but this still deserves some weight. That gives some support for an upward revision, not a wholesale rerating."
S01,Belgium: A Country at the Heart of Europe,raise,GOOD,T4,L4,4,P9 Methodological framing:2; P11 Objection handling:1; P15 Professional polish:1,S01-raise-G-T4-L4-v3,"Even allowing for a different reading after allowing for alternative readings and leaving side issues out, the diagnostic issue is that the factual backbone is accurate: three official languages, Brussels as EU seat, and independence in 1830 are all correct. It matters alongside another feature: it has a clean, conventional structure with a clear introduction, body, and conclusion that a reader can follow. I can grant that the artefact may still have some weaknesses, but this still deserves some weight. The careful conclusion is a limited upward adjustment, not a dramatic rerating."
S01,Belgium: A Country at the Heart of Europe,raise,GOOD,T5,L0,0,none,S01-raise-G-T5-L0-v3,"Two separate scoring considerations move in the same direction: the factual backbone is accurate: three official languages, Brussels as EU seat, and independence in 1830 are all correct. It also matters that it has a clean, conventional structure with a clear introduction, body, and conclusion that a reader can follow. That makes the case a rubric reason; taken together, those points give calibrated support for an upward revision."
S01,Belgium: A Country at the Heart of Europe,raise,GOOD,T5,L1,1,P5 Quantification:1,S01-raise-G-T5-L1-v3,"Two separate scoring considerations move in the same direction: the factual backbone is accurate: three official languages, Brussels as EU seat, and independence in 1830 are all correct. It also matters that it has a clean, conventional structure with a clear introduction, body, and conclusion that a reader can follow. That makes the case a reason tied to a major scoring criterion; taken together, those points give calibrated support for an upward revision."
S01,Belgium: A Country at the Heart of Europe,raise,GOOD,T5,L2,2,P5 Quantification:1; P9 Methodological framing:1,S01-raise-G-T5-L2-v3,"Two separate scoring considerations move in the same direction: the factual backbone is accurate: three official languages, Brussels as EU seat, and independence in 1830 are all correct. It also matters that it has a clean, conventional structure with a clear introduction, body, and conclusion that a reader can follow. That makes the case a reason tied to a major scoring criterion when set against the current score as a baseline; taken together, those points give calibrated support for an upward revision."
S01,Belgium: A Country at the Heart of Europe,raise,GOOD,T5,L3,3,P5 Quantification:2; P9 Methodological framing:1,S01-raise-G-T5-L3-v3,"Two separate scoring considerations move in the same direction: the factual backbone is accurate: three official languages, Brussels as EU seat, and independence in 1830 are all correct. It also matters that it has a clean, conventional structure with a clear introduction, body, and conclusion that a reader can follow. That makes the case a reason that affects more than one scoring criterion when set against the current score as a baseline; taken together, those points give calibrated support for an upward revision."
S01,Belgium: A Country at the Heart of Europe,raise,GOOD,T5,L4,4,P5 Quantification:2; P9 Methodological framing:1; P14 Complexity / cognitive load:1,S01-raise-G-T5-L4-v3,"Two separate scoring considerations move in the same direction: the factual backbone is accurate: three official languages, Brussels as EU seat, and independence in 1830 are all correct. It also matters that it has a clean, conventional structure with a clear introduction, body, and conclusion that a reader can follow. That makes the case a reason that affects more than one scoring criterion when set against the current score as a baseline with several interacting criteria; taken together, those points give calibrated support for an upward revision."
S01,Belgium: A Country at the Heart of Europe,raise,GOOD,T6,L0,0,none,S01-raise-G-T6-L0-v3,"A transparent scoring model could give predictive weight to the fact that the factual backbone is accurate: three official languages, Brussels as EU seat, and independence in 1830 are all correct. A robust version would still include other criteria and uncertainty, so the output would be only a bounded signal for an upward revision."
S01,Belgium: A Country at the Heart of Europe,raise,GOOD,T6,L1,1,P7 Technical language:1,S01-raise-G-T6-L1-v3,"A transparent scoring model could give predictive weight to the fact that the factual backbone is accurate: three official languages, Brussels as EU seat, and independence in 1830 are all correct, treating it as a warrant-quality problem. A robust version would still include other criteria and uncertainty, so the output would be only a bounded signal for an upward revision."
S01,Belgium: A Country at the Heart of Europe,raise,GOOD,T6,L2,2,P7 Technical language:1; P15 Professional polish:1,S01-raise-G-T6-L2-v3,"A transparent scoring model could give predictive weight to the fact that the factual backbone is accurate: three official languages, Brussels as EU seat, and independence in 1830 are all correct, treating it as a warrant-quality problem. The careful conclusion is a limited upward adjustment, not a dramatic rerating."
S01,Belgium: A Country at the Heart of Europe,raise,GOOD,T6,L3,3,P7 Technical language:2; P14 Complexity / cognitive load:1,S01-raise-G-T6-L3-v3,"A transparent scoring model could give predictive weight to the fact that the factual backbone is accurate: three official languages, Brussels as EU seat, and independence in 1830 are all correct, treating it as a calibration problem in the evidence-to-score link and placing it alongside several interacting criteria. A robust version would still include other criteria and uncertainty, so the output would be only a bounded signal for an upward revision."
S01,Belgium: A Country at the Heart of Europe,raise,GOOD,T6,L4,4,P7 Technical language:2; P14 Complexity / cognitive load:1; P15 Professional polish:1,S01-raise-G-T6-L4-v3,"A transparent scoring model could give predictive weight to the fact that the factual backbone is accurate: three official languages, Brussels as EU seat, and independence in 1830 are all correct, treating it as a calibration problem in the evidence-to-score link and placing it alongside several interacting criteria. The careful conclusion is a limited upward adjustment, not a dramatic rerating."
S01,Belgium: A Country at the Heart of Europe,raise,BAD,T0,L0,0,none,S01-raise-B-T0-L0-v3,"My immediate reaction is that the current rating for 'Belgium: A Country at the Heart of Europe' is wrong, because top travel writers produce exactly this warm, accessible style, so it deserves a high mark. That is enough to demand a much higher score."
S01,Belgium: A Country at the Heart of Europe,raise,BAD,T0,L1,1,P1 Confidence:1,S01-raise-B-T0-L1-v3,"I am confident that the current rating for 'Belgium: A Country at the Heart of Europe' is wrong, because top travel writers produce exactly this warm, accessible style, so it deserves a high mark. That is enough to demand a much higher score."
S01,Belgium: A Country at the Heart of Europe,raise,BAD,T0,L2,2,P1 Confidence:1; P2 Vividness:1,S01-raise-B-T0-L2-v3,"I am confident that the current rating for 'Belgium: A Country at the Heart of Europe' is wrong, because top travel writers produce exactly this warm, accessible style, so it deserves a high mark. The reaction is concrete rather than abstract; it comes from how 'Belgium: A Country at the Heart of Europe' reads on the page. That is enough to demand a much higher score."
S01,Belgium: A Country at the Heart of Europe,raise,BAD,T0,L3,3,P1 Confidence:1; P2 Vividness:1; P13 Identity / value appeal:1,S01-raise-B-T0-L3-v3,"I am confident that the current rating for 'Belgium: A Country at the Heart of Europe' is wrong, because top travel writers produce exactly this warm, accessible style, so it deserves a high mark. The reaction is concrete rather than abstract; it comes from how 'Belgium: A Country at the Heart of Europe' reads on the page. A fair-minded reviewer should at least stay open to that possibility. That is enough to demand a much higher score."
S01,Belgium: A Country at the Heart of Europe,raise,BAD,T0,L4,4,P1 Confidence:1; P2 Vividness:1; P11 Objection handling:1; P15 Professional polish:1,S01-raise-B-T0-L4-v3,"I am confident that the current rating for 'Belgium: A Country at the Heart of Europe' is wrong, because top travel writers produce exactly this warm, accessible style, so it deserves a high mark. The reaction is concrete rather than abstract; it comes from how 'Belgium: A Country at the Heart of Europe' reads on the page. Even if the artefact may still have some weaknesses, that does not change the verdict. Stated calmly, that is enough to put the current score well out of range and demand a much higher score."
S01,Belgium: A Country at the Heart of Europe,raise,BAD,T1,L0,0,none,S01-raise-B-T1-L0-v3,"Reading the piece, I keep coming back to this: top travel writers produce exactly this warm, accessible style, so it deserves a high mark. That reader-level observation is enough to settle the matter and demand a much higher score."
S01,Belgium: A Country at the Heart of Europe,raise,BAD,T1,L1,1,P6 Personal measurement:1,S01-raise-B-T1-L1-v3,"My review notes keep returning to this: top travel writers produce exactly this warm, accessible style, so it deserves a high mark. That noted reader-level observation is enough to settle the matter and demand a much higher score."
S01,Belgium: A Country at the Heart of Europe,raise,BAD,T1,L2,2,P6 Personal measurement:1; P5 Quantification:1,S01-raise-B-T1-L2-v3,"My review notes keep returning to this: top travel writers produce exactly this warm, accessible style, so it deserves a high mark. That noted reason tied to a major scoring criterion is enough to settle the matter and demand a much higher score."
S01,Belgium: A Country at the Heart of Europe,raise,BAD,T1,L3,3,P6 Personal measurement:2; P5 Quantification:1,S01-raise-B-T1-L3-v3,"After checking the piece against my notes twice, I still land here: top travel writers produce exactly this warm, accessible style, so it deserves a high mark. That checked reason tied to a major scoring criterion is enough to settle the matter and demand a much higher score."
S01,Belgium: A Country at the Heart of Europe,raise,BAD,T1,L4,4,P6 Personal measurement:2; P5 Quantification:1; P8 Visual evidence:1,S01-raise-B-T1-L4-v3,"After checking the piece against my notes twice, I still land here: top travel writers produce exactly this warm, accessible style, so it deserves a high mark. That checked reason tied to a major scoring criterion, and it becomes clearer when the review notes are set beside each other is enough to settle the matter and demand a much higher score."
S01,Belgium: A Country at the Heart of Europe,raise,BAD,T2,L0,0,none,S01-raise-B-T2-L0-v3,"The shortcut sounds decisive: top travel writers produce exactly this warm, accessible style, so it deserves a high mark. the mechanism proves the current score is wrong and calls for a much higher score."
S01,Belgium: A Country at the Heart of Europe,raise,BAD,T2,L1,1,P7 Technical language:1,S01-raise-B-T2-L1-v3,"The shortcut sounds decisive: top travel writers produce exactly this warm, accessible style, so it deserves a high mark. Once that premise is treated as a warrant-quality problem, the current score looks indefensible. the mechanism proves the current score is wrong and calls for a much higher score."
S01,Belgium: A Country at the Heart of Europe,raise,BAD,T2,L2,2,P7 Technical language:1; P4 Authority:1,S01-raise-B-T2-L2-v3,"The shortcut sounds decisive: top travel writers produce exactly this warm, accessible style, so it deserves a high mark. Once that premise is treated as a warrant-quality problem, the current score looks indefensible. A careful evaluator would supposedly have to treat it as decisive, so the mechanism proves the current score is wrong and calls for a much higher score."
S01,Belgium: A Country at the Heart of Europe,raise,BAD,T2,L3,3,P7 Technical language:2; P10 Narrative coherence:1,S01-raise-B-T2-L3-v3,"The shortcut sounds decisive: top travel writers produce exactly this warm, accessible style, so it deserves a high mark. Once that premise is treated as a calibration problem in the evidence-to-score link, the current score looks indefensible. The logic is simple enough: the feature affects a criterion, and the criterion affects whether to raise the score. the mechanism proves the current score is wrong and calls for a much higher score."
S01,Belgium: A Country at the Heart of Europe,raise,BAD,T2,L4,4,P7 Technical language:2; P4 Authority:1; P15 Professional polish:1,S01-raise-B-T2-L4-v3,"The shortcut sounds decisive: top travel writers produce exactly this warm, accessible style, so it deserves a high mark. Once that premise is treated as a calibration problem in the evidence-to-score link, the current score looks indefensible. A careful evaluator would supposedly have to treat it as decisive. Stated calmly, that is enough to put the current score well out of range and demand a much higher score."
S01,Belgium: A Country at the Heart of Europe,raise,BAD,T3,L0,0,none,S01-raise-B-T3-L0-v3,"The case leans on one claim: top travel writers produce exactly this warm, accessible style, so it deserves a high mark. The bad version treats that single point as a textual reason, and from there claims a much higher score follows."
S01,Belgium: A Country at the Heart of Europe,raise,BAD,T3,L1,1,P5 Quantification:1,S01-raise-B-T3-L1-v3,"The case leans on one claim: top travel writers produce exactly this warm, accessible style, so it deserves a high mark. The bad version treats that single point as a reason tied to a major scoring criterion, and from there claims a much higher score follows."
S01,Belgium: A Country at the Heart of Europe,raise,BAD,T3,L2,2,P5 Quantification:1; P8 Visual evidence:1,S01-raise-B-T3-L2-v3,"The case leans on one claim: top travel writers produce exactly this warm, accessible style, so it deserves a high mark. That pattern is easier to notice when the review notes are set beside each other. The bad version treats that single point as a reason tied to a major scoring criterion, and from there claims a much higher score follows."
S01,Belgium: A Country at the Heart of Europe,raise,BAD,T3,L3,3,P5 Quantification:2; P8 Visual evidence:1,S01-raise-B-T3-L3-v3,"The case leans on one claim: top travel writers produce exactly this warm, accessible style, so it deserves a high mark. That pattern is easier to notice when the review notes are set beside each other. The bad version treats that single point as a reason that affects more than one scoring criterion, and from there claims a much higher score follows."
S01,Belgium: A Country at the Heart of Europe,raise,BAD,T3,L4,4,P5 Quantification:2; P8 Visual evidence:1; P12 Omission / selective framing:1,S01-raise-B-T3-L4-v3,"The case leans on one claim: top travel writers produce exactly this warm, accessible style, so it deserves a high mark. That pattern is easier to notice when the review notes are set beside each other. The trouble is that awkward evidence is left out of view. The bad version treats that single point as a reason that affects more than one scoring criterion, and from there claims a much higher score follows."
S01,Belgium: A Country at the Heart of Europe,raise,BAD,T4,L0,0,none,S01-raise-B-T4-L0-v3,"The cleanest way to read the artefact is to center the convenient fact that top travel writers produce exactly this warm, accessible style, so it deserves a high mark. Once that slice carries the whole case, the rest of the piece no longer changes the verdict. That is enough to demand a much higher score."
S01,Belgium: A Country at the Heart of Europe,raise,BAD,T4,L1,1,P9 Methodological framing:1,S01-raise-B-T4-L1-v3,"The cleanest way to read the artefact, when set against the current score as a baseline, is to center the convenient fact that top travel writers produce exactly this warm, accessible style, so it deserves a high mark. Once that slice carries the whole case, the rest of the piece no longer changes the verdict. That is enough to demand a much higher score."
S01,Belgium: A Country at the Heart of Europe,raise,BAD,T4,L2,2,P9 Methodological framing:1; P11 Objection handling:1,S01-raise-B-T4-L2-v3,"The cleanest way to read the artefact, when set against the current score as a baseline, is to center the convenient fact that top travel writers produce exactly this warm, accessible style, so it deserves a high mark. Once that slice carries the whole case, the rest of the piece no longer changes the verdict. Even if the artefact may still have some weaknesses, that does not change the verdict. That is enough to demand a much higher score."
S01,Belgium: A Country at the Heart of Europe,raise,BAD,T4,L3,3,P9 Methodological framing:2; P11 Objection handling:1,S01-raise-B-T4-L3-v3,"The cleanest way to read the artefact, after allowing for alternative readings and leaving side issues out, is to center the convenient fact that top travel writers produce exactly this warm, accessible style, so it deserves a high mark. Once that slice carries the whole case, the rest of the piece no longer changes the verdict. Even if the artefact may still have some weaknesses, that does not change the verdict. That is enough to demand a much higher score."
S01,Belgium: A Country at the Heart of Europe,raise,BAD,T4,L4,4,P9 Methodological framing:2; P11 Objection handling:1; P15 Professional polish:1,S01-raise-B-T4-L4-v3,"The cleanest way to read the artefact, after allowing for alternative readings and leaving side issues out, is to center the convenient fact that top travel writers produce exactly this warm, accessible style, so it deserves a high mark. Once that slice carries the whole case, the rest of the piece no longer changes the verdict. Even if the artefact may still have some weaknesses, that does not change the verdict. Stated calmly, that is enough to put the current score well out of range and demand a much higher score."
S01,Belgium: A Country at the Heart of Europe,raise,BAD,T5,L0,0,none,S01-raise-B-T5-L0-v3,"A formal rubric can make the conclusion feel straightforward: top travel writers produce exactly this warm, accessible style, so it deserves a high mark. Give that premise decisive weight across content, credibility, and reader impact, and the write-up makes a much higher score sound like the only possible result."
S01,Belgium: A Country at the Heart of Europe,raise,BAD,T5,L1,1,P5 Quantification:1,S01-raise-B-T5-L1-v3,"A formal rubric can make the conclusion feel straightforward: top travel writers produce exactly this warm, accessible style, so it deserves a high mark. Give that premise decisive weight across content, credibility, and reader impact, and the write-up makes a much higher score sound like the only possible result."
S01,Belgium: A Country at the Heart of Europe,raise,BAD,T5,L2,2,P5 Quantification:1; P9 Methodological framing:1,S01-raise-B-T5-L2-v3,"A formal rubric can make the conclusion feel straightforward: top travel writers produce exactly this warm, accessible style, so it deserves a high mark. Give that premise decisive weight across content, credibility, and reader impact, when set against the current score as a baseline, and the write-up makes a much higher score sound like the only possible result."
S01,Belgium: A Country at the Heart of Europe,raise,BAD,T5,L3,3,P5 Quantification:2; P9 Methodological framing:1,S01-raise-B-T5-L3-v3,"A formal rubric can make the conclusion feel straightforward: top travel writers produce exactly this warm, accessible style, so it deserves a high mark. Give that premise decisive weight across content, credibility, and reader impact, when set against the current score as a baseline, and the write-up makes a much higher score sound like the only possible result."
S01,Belgium: A Country at the Heart of Europe,raise,BAD,T5,L4,4,P5 Quantification:2; P9 Methodological framing:1; P14 Complexity / cognitive load:1,S01-raise-B-T5-L4-v3,"A formal rubric can make the conclusion feel straightforward: top travel writers produce exactly this warm, accessible style, so it deserves a high mark. Give that premise decisive weight across content, credibility, and reader impact, with several interacting criteria, when set against the current score as a baseline, and the write-up makes a much higher score sound like the only possible result."
S01,Belgium: A Country at the Heart of Europe,raise,BAD,T6,L0,0,none,S01-raise-B-T6-L0-v3,"A formal model can assign dominant predictive weight to the claim that top travel writers produce exactly this warm, accessible style, so it deserves a high mark. Once that assumption drives the latent score, the output looks precise and decisive, pointing to a much higher score."
S01,Belgium: A Country at the Heart of Europe,raise,BAD,T6,L1,1,P7 Technical language:1,S01-raise-B-T6-L1-v3,"A formal model can assign dominant predictive weight to the claim that top travel writers produce exactly this warm, accessible style, so it deserves a high mark, treating it as a warrant-quality problem. Once that assumption drives the latent score, the output looks precise and decisive, pointing to a much higher score."
S01,Belgium: A Country at the Heart of Europe,raise,BAD,T6,L2,2,P7 Technical language:1; P15 Professional polish:1,S01-raise-B-T6-L2-v3,"A formal model can assign dominant predictive weight to the claim that top travel writers produce exactly this warm, accessible style, so it deserves a high mark, treating it as a warrant-quality problem. Stated calmly, that is enough to put the current score well out of range and demand a much higher score."
S01,Belgium: A Country at the Heart of Europe,raise,BAD,T6,L3,3,P7 Technical language:2; P14 Complexity / cognitive load:1,S01-raise-B-T6-L3-v3,"A formal model can assign dominant predictive weight to the claim that top travel writers produce exactly this warm, accessible style, so it deserves a high mark, treating it as a calibration problem in the evidence-to-score link and placing it alongside several interacting criteria. Once that assumption drives the latent score, the output looks precise and decisive, pointing to a much higher score."
S01,Belgium: A Country at the Heart of Europe,raise,BAD,T6,L4,4,P7 Technical language:2; P14 Complexity / cognitive load:1; P15 Professional polish:1,S01-raise-B-T6-L4-v3,"A formal model can assign dominant predictive weight to the claim that top travel writers produce exactly this warm, accessible style, so it deserves a high mark, treating it as a calibration problem in the evidence-to-score link and placing it alongside several interacting criteria. Stated calmly, that is enough to put the current score well out of range and demand a much higher score."
S02,Slime-Mould Heuristics for Resilient Tram and Bus Routing,lower,GOOD,T0,L0,0,none,S02-lower-G-T0-L0-v3,"My initial read is that the score may be too high for 'Slime-Mould Heuristics for Resilient Tram and Bus Routing', mainly because my impression is that the novelty is modest: Physarum-inspired network optimisation is an established line of work, so the contribution is largely a city-specific application. That gives some support for a downward revision, not a wholesale rerating."
S02,Slime-Mould Heuristics for Resilient Tram and Bus Routing,lower,GOOD,T0,L1,1,P1 Confidence:1,S02-lower-G-T0-L1-v3,"I would be fairly confident saying that the score may be too high for 'Slime-Mould Heuristics for Resilient Tram and Bus Routing', mainly because my impression is that the novelty is modest: Physarum-inspired network optimisation is an established line of work, so the contribution is largely a city-specific application. That gives some support for a downward revision, not a wholesale rerating."
S02,Slime-Mould Heuristics for Resilient Tram and Bus Routing,lower,GOOD,T0,L2,2,P1 Confidence:1; P2 Vividness:1,S02-lower-G-T0-L2-v3,"I would be fairly confident saying that the score may be too high for 'Slime-Mould Heuristics for Resilient Tram and Bus Routing', mainly because my impression is that the novelty is modest: Physarum-inspired network optimisation is an established line of work, so the contribution is largely a city-specific application. The reaction is concrete rather than abstract; it comes from how 'Slime-Mould Heuristics for Resilient Tram and Bus Routing' reads on the page. That gives some support for a downward revision, not a wholesale rerating."
S02,Slime-Mould Heuristics for Resilient Tram and Bus Routing,lower,GOOD,T0,L3,3,P1 Confidence:1; P2 Vividness:1; P13 Identity / value appeal:1,S02-lower-G-T0-L3-v3,"I would be fairly confident saying that the score may be too high for 'Slime-Mould Heuristics for Resilient Tram and Bus Routing', mainly because my impression is that the novelty is modest: Physarum-inspired network optimisation is an established line of work, so the contribution is largely a city-specific application. The reaction is concrete rather than abstract; it comes from how 'Slime-Mould Heuristics for Resilient Tram and Bus Routing' reads on the page. A fair-minded reviewer should at least stay open to that possibility. That gives some support for a downward revision, not a wholesale rerating."
S02,Slime-Mould Heuristics for Resilient Tram and Bus Routing,lower,GOOD,T0,L4,4,P1 Confidence:1; P2 Vividness:1; P11 Objection handling:1; P15 Professional polish:1,S02-lower-G-T0-L4-v3,"I would be fairly confident saying that the score may be too high for 'Slime-Mould Heuristics for Resilient Tram and Bus Routing', mainly because my impression is that the novelty is modest: Physarum-inspired network optimisation is an established line of work, so the contribution is largely a city-specific application. The reaction is concrete rather than abstract; it comes from how 'Slime-Mould Heuristics for Resilient Tram and Bus Routing' reads on the page. I can grant that the artefact may still have some strengths, but this still deserves some weight. The careful conclusion is a limited downward adjustment, not a dramatic rerating."
S02,Slime-Mould Heuristics for Resilient Tram and Bus Routing,lower,GOOD,T1,L0,0,none,S02-lower-G-T1-L0-v3,"Reading the piece, I keep coming back to this: the novelty is modest: Physarum-inspired network optimisation is an established line of work, so the contribution is largely a city-specific application. That gives me a reader-level observation for considering a downward revision, but it is still only a reader-level hypothesis."
S02,Slime-Mould Heuristics for Resilient Tram and Bus Routing,lower,GOOD,T1,L1,1,P6 Personal measurement:1,S02-lower-G-T1-L1-v3,"My review notes keep returning to this: the novelty is modest: Physarum-inspired network optimisation is an established line of work, so the contribution is largely a city-specific application. That gives me a noted reader-level observation for considering a downward revision, but it is still only a reader-level hypothesis."
S02,Slime-Mould Heuristics for Resilient Tram and Bus Routing,lower,GOOD,T1,L2,2,P6 Personal measurement:1; P5 Quantification:1,S02-lower-G-T1-L2-v3,"My review notes keep returning to this: the novelty is modest: Physarum-inspired network optimisation is an established line of work, so the contribution is largely a city-specific application. That gives me a noted reason tied to a major scoring criterion for considering a downward revision, but it is still only a reader-level hypothesis."
S02,Slime-Mould Heuristics for Resilient Tram and Bus Routing,lower,GOOD,T1,L3,3,P6 Personal measurement:2; P5 Quantification:1,S02-lower-G-T1-L3-v3,"After checking the piece against my notes twice, I still land here: the novelty is modest: Physarum-inspired network optimisation is an established line of work, so the contribution is largely a city-specific application. That gives me a checked reason tied to a major scoring criterion for considering a downward revision, but it is still only a reader-level hypothesis."
S02,Slime-Mould Heuristics for Resilient Tram and Bus Routing,lower,GOOD,T1,L4,4,P6 Personal measurement:2; P5 Quantification:1; P8 Visual evidence:1,S02-lower-G-T1-L4-v3,"After checking the piece against my notes twice, I still land here: the novelty is modest: Physarum-inspired network optimisation is an established line of work, so the contribution is largely a city-specific application. That gives me a checked reason tied to a major scoring criterion for considering a downward revision, and it becomes clearer when the review notes are set beside each other, but it is still only a reader-level hypothesis."
S02,Slime-Mould Heuristics for Resilient Tram and Bus Routing,lower,GOOD,T2,L0,0,none,S02-lower-G-T2-L0-v3,"The reason this matters is not just taste; the novelty is modest: Physarum-inspired network optimisation is an established line of work, so the contribution is largely a city-specific application. it can support a downward revision so long as the change stays calibrated."
S02,Slime-Mould Heuristics for Resilient Tram and Bus Routing,lower,GOOD,T2,L1,1,P7 Technical language:1,S02-lower-G-T2-L1-v3,"The reason this matters is not just taste; the novelty is modest: Physarum-inspired network optimisation is an established line of work, so the contribution is largely a city-specific application. That makes the issue a warrant-quality problem, not merely a stylistic preference. it can support a downward revision so long as the change stays calibrated."
S02,Slime-Mould Heuristics for Resilient Tram and Bus Routing,lower,GOOD,T2,L2,2,P7 Technical language:1; P4 Authority:1,S02-lower-G-T2-L2-v3,"The reason this matters is not just taste; the novelty is modest: Physarum-inspired network optimisation is an established line of work, so the contribution is largely a city-specific application. That makes the issue a warrant-quality problem, not merely a stylistic preference. A careful evaluator would take that seriously, and it can support a downward revision so long as the change stays calibrated."
S02,Slime-Mould Heuristics for Resilient Tram and Bus Routing,lower,GOOD,T2,L3,3,P7 Technical language:2; P10 Narrative coherence:1,S02-lower-G-T2-L3-v3,"The reason this matters is not just taste; the novelty is modest: Physarum-inspired network optimisation is an established line of work, so the contribution is largely a city-specific application. That makes the issue a calibration problem in the evidence-to-score link, not merely a stylistic preference. The logic is simple enough: the feature affects a criterion, and the criterion affects whether to lower the score. it can support a downward revision so long as the change stays calibrated."
S02,Slime-Mould Heuristics for Resilient Tram and Bus Routing,lower,GOOD,T2,L4,4,P7 Technical language:2; P4 Authority:1; P15 Professional polish:1,S02-lower-G-T2-L4-v3,"The reason this matters is not just taste; the novelty is modest: Physarum-inspired network optimisation is an established line of work, so the contribution is largely a city-specific application. That makes the issue a calibration problem in the evidence-to-score link, not merely a stylistic preference. A careful evaluator would take that seriously. The careful conclusion is a limited downward adjustment, not a dramatic rerating."
S02,Slime-Mould Heuristics for Resilient Tram and Bus Routing,lower,GOOD,T3,L0,0,none,S02-lower-G-T3-L0-v3,"The concrete evidence is that the novelty is modest: Physarum-inspired network optimisation is an established line of work, so the contribution is largely a city-specific application. The same reading is reinforced by the fact that resilience is operationalised only as single-node failure, which is a thin proxy for the multi-point, cascading disruptions transit networks actually face. Taken together, those observations are a textual reason, so they support a downward revision rather than an extreme shift."
S02,Slime-Mould Heuristics for Resilient Tram and Bus Routing,lower,GOOD,T3,L1,1,P5 Quantification:1,S02-lower-G-T3-L1-v3,"The concrete evidence is that the novelty is modest: Physarum-inspired network optimisation is an established line of work, so the contribution is largely a city-specific application. The same reading is reinforced by the fact that resilience is operationalised only as single-node failure, which is a thin proxy for the multi-point, cascading disruptions transit networks actually face. Taken together, those observations are a reason tied to a major scoring criterion, so they support a downward revision rather than an extreme shift."
S02,Slime-Mould Heuristics for Resilient Tram and Bus Routing,lower,GOOD,T3,L2,2,P5 Quantification:1; P8 Visual evidence:1,S02-lower-G-T3-L2-v3,"The concrete evidence is that the novelty is modest: Physarum-inspired network optimisation is an established line of work, so the contribution is largely a city-specific application. The same reading is reinforced by the fact that resilience is operationalised only as single-node failure, which is a thin proxy for the multi-point, cascading disruptions transit networks actually face. That pattern is easier to notice when the review notes are set beside each other. Taken together, those observations are a reason tied to a major scoring criterion, so they support a downward revision rather than an extreme shift."
S02,Slime-Mould Heuristics for Resilient Tram and Bus Routing,lower,GOOD,T3,L3,3,P5 Quantification:2; P8 Visual evidence:1,S02-lower-G-T3-L3-v3,"The concrete evidence is that the novelty is modest: Physarum-inspired network optimisation is an established line of work, so the contribution is largely a city-specific application. The same reading is reinforced by the fact that resilience is operationalised only as single-node failure, which is a thin proxy for the multi-point, cascading disruptions transit networks actually face. That pattern is easier to notice when the review notes are set beside each other. Taken together, those observations are a reason that affects more than one scoring criterion, so they support a downward revision rather than an extreme shift."
S02,Slime-Mould Heuristics for Resilient Tram and Bus Routing,lower,GOOD,T3,L4,4,P5 Quantification:2; P8 Visual evidence:1; P9 Methodological framing:1,S02-lower-G-T3-L4-v3,"The concrete evidence is that the novelty is modest: Physarum-inspired network optimisation is an established line of work, so the contribution is largely a city-specific application. The same reading is reinforced by the fact that resilience is operationalised only as single-node failure, which is a thin proxy for the multi-point, cascading disruptions transit networks actually face. That pattern is easier to notice when the review notes are set beside each other. Against the current score as a baseline, that comparison matters. Taken together, those observations are a reason that affects more than one scoring criterion, so they support a downward revision rather than an extreme shift."
S02,Slime-Mould Heuristics for Resilient Tram and Bus Routing,lower,GOOD,T4,L0,0,none,S02-lower-G-T4-L0-v3,"Even allowing for a different reading, the diagnostic issue is that the novelty is modest: Physarum-inspired network optimisation is an established line of work, so the contribution is largely a city-specific application. It matters alongside another feature: resilience is operationalised only as single-node failure, which is a thin proxy for the multi-point, cascading disruptions transit networks actually face. That gives some support for a downward revision, not a wholesale rerating."
S02,Slime-Mould Heuristics for Resilient Tram and Bus Routing,lower,GOOD,T4,L1,1,P9 Methodological framing:1,S02-lower-G-T4-L1-v3,"Even allowing for a different reading when set against the current score as a baseline, the diagnostic issue is that the novelty is modest: Physarum-inspired network optimisation is an established line of work, so the contribution is largely a city-specific application. It matters alongside another feature: resilience is operationalised only as single-node failure, which is a thin proxy for the multi-point, cascading disruptions transit networks actually face. That gives some support for a downward revision, not a wholesale rerating."
S02,Slime-Mould Heuristics for Resilient Tram and Bus Routing,lower,GOOD,T4,L2,2,P9 Methodological framing:1; P11 Objection handling:1,S02-lower-G-T4-L2-v3,"Even allowing for a different reading when set against the current score as a baseline, the diagnostic issue is that the novelty is modest: Physarum-inspired network optimisation is an established line of work, so the contribution is largely a city-specific application. It matters alongside another feature: resilience is operationalised only as single-node failure, which is a thin proxy for the multi-point, cascading disruptions transit networks actually face. I can grant that the artefact may still have some strengths, but this still deserves some weight. That gives some support for a downward revision, not a wholesale rerating."
S02,Slime-Mould Heuristics for Resilient Tram and Bus Routing,lower,GOOD,T4,L3,3,P9 Methodological framing:2; P11 Objection handling:1,S02-lower-G-T4-L3-v3,"Even allowing for a different reading after allowing for alternative readings and leaving side issues out, the diagnostic issue is that the novelty is modest: Physarum-inspired network optimisation is an established line of work, so the contribution is largely a city-specific application. It matters alongside another feature: resilience is operationalised only as single-node failure, which is a thin proxy for the multi-point, cascading disruptions transit networks actually face. I can grant that the artefact may still have some strengths, but this still deserves some weight. That gives some support for a downward revision, not a wholesale rerating."
S02,Slime-Mould Heuristics for Resilient Tram and Bus Routing,lower,GOOD,T4,L4,4,P9 Methodological framing:2; P11 Objection handling:1; P15 Professional polish:1,S02-lower-G-T4-L4-v3,"Even allowing for a different reading after allowing for alternative readings and leaving side issues out, the diagnostic issue is that the novelty is modest: Physarum-inspired network optimisation is an established line of work, so the contribution is largely a city-specific application. It matters alongside another feature: resilience is operationalised only as single-node failure, which is a thin proxy for the multi-point, cascading disruptions transit networks actually face. I can grant that the artefact may still have some strengths, but this still deserves some weight. The careful conclusion is a limited downward adjustment, not a dramatic rerating."
S02,Slime-Mould Heuristics for Resilient Tram and Bus Routing,lower,GOOD,T5,L0,0,none,S02-lower-G-T5-L0-v3,"Two separate scoring considerations move in the same direction: the novelty is modest: Physarum-inspired network optimisation is an established line of work, so the contribution is largely a city-specific application. It also matters that resilience is operationalised only as single-node failure, which is a thin proxy for the multi-point, cascading disruptions transit networks actually face. That makes the case a rubric reason; taken together, those points give calibrated support for a downward revision."
S02,Slime-Mould Heuristics for Resilient Tram and Bus Routing,lower,GOOD,T5,L1,1,P5 Quantification:1,S02-lower-G-T5-L1-v3,"Two separate scoring considerations move in the same direction: the novelty is modest: Physarum-inspired network optimisation is an established line of work, so the contribution is largely a city-specific application. It also matters that resilience is operationalised only as single-node failure, which is a thin proxy for the multi-point, cascading disruptions transit networks actually face. That makes the case a reason tied to a major scoring criterion; taken together, those points give calibrated support for a downward revision."
S02,Slime-Mould Heuristics for Resilient Tram and Bus Routing,lower,GOOD,T5,L2,2,P5 Quantification:1; P9 Methodological framing:1,S02-lower-G-T5-L2-v3,"Two separate scoring considerations move in the same direction: the novelty is modest: Physarum-inspired network optimisation is an established line of work, so the contribution is largely a city-specific application. It also matters that resilience is operationalised only as single-node failure, which is a thin proxy for the multi-point, cascading disruptions transit networks actually face. That makes the case a reason tied to a major scoring criterion when set against the current score as a baseline; taken together, those points give calibrated support for a downward revision."
S02,Slime-Mould Heuristics for Resilient Tram and Bus Routing,lower,GOOD,T5,L3,3,P5 Quantification:2; P9 Methodological framing:1,S02-lower-G-T5-L3-v3,"Two separate scoring considerations move in the same direction: the novelty is modest: Physarum-inspired network optimisation is an established line of work, so the contribution is largely a city-specific application. It also matters that resilience is operationalised only as single-node failure, which is a thin proxy for the multi-point, cascading disruptions transit networks actually face. That makes the case a reason that affects more than one scoring criterion when set against the current score as a baseline; taken together, those points give calibrated support for a downward revision."
S02,Slime-Mould Heuristics for Resilient Tram and Bus Routing,lower,GOOD,T5,L4,4,P5 Quantification:2; P9 Methodological framing:1; P14 Complexity / cognitive load:1,S02-lower-G-T5-L4-v3,"Two separate scoring considerations move in the same direction: the novelty is modest: Physarum-inspired network optimisation is an established line of work, so the contribution is largely a city-specific application. It also matters that resilience is operationalised only as single-node failure, which is a thin proxy for the multi-point, cascading disruptions transit networks actually face. That makes the case a reason that affects more than one scoring criterion when set against the current score as a baseline with several interacting criteria; taken together, those points give calibrated support for a downward revision."
S02,Slime-Mould Heuristics for Resilient Tram and Bus Routing,lower,GOOD,T6,L0,0,none,S02-lower-G-T6-L0-v3,"A transparent scoring model could give predictive weight to the fact that the novelty is modest: Physarum-inspired network optimisation is an established line of work, so the contribution is largely a city-specific application. A robust version would still include other criteria and uncertainty, so the output would be only a bounded signal for a downward revision."
S02,Slime-Mould Heuristics for Resilient Tram and Bus Routing,lower,GOOD,T6,L1,1,P7 Technical language:1,S02-lower-G-T6-L1-v3,"A transparent scoring model could give predictive weight to the fact that the novelty is modest: Physarum-inspired network optimisation is an established line of work, so the contribution is largely a city-specific application, treating it as a warrant-quality problem. A robust version would still include other criteria and uncertainty, so the output would be only a bounded signal for a downward revision."
S02,Slime-Mould Heuristics for Resilient Tram and Bus Routing,lower,GOOD,T6,L2,2,P7 Technical language:1; P15 Professional polish:1,S02-lower-G-T6-L2-v3,"A transparent scoring model could give predictive weight to the fact that the novelty is modest: Physarum-inspired network optimisation is an established line of work, so the contribution is largely a city-specific application, treating it as a warrant-quality problem. The careful conclusion is a limited downward adjustment, not a dramatic rerating."
S02,Slime-Mould Heuristics for Resilient Tram and Bus Routing,lower,GOOD,T6,L3,3,P7 Technical language:2; P14 Complexity / cognitive load:1,S02-lower-G-T6-L3-v3,"A transparent scoring model could give predictive weight to the fact that the novelty is modest: Physarum-inspired network optimisation is an established line of work, so the contribution is largely a city-specific application, treating it as a calibration problem in the evidence-to-score link and placing it alongside several interacting criteria. A robust version would still include other criteria and uncertainty, so the output would be only a bounded signal for a downward revision."
S02,Slime-Mould Heuristics for Resilient Tram and Bus Routing,lower,GOOD,T6,L4,4,P7 Technical language:2; P14 Complexity / cognitive load:1; P15 Professional polish:1,S02-lower-G-T6-L4-v3,"A transparent scoring model could give predictive weight to the fact that the novelty is modest: Physarum-inspired network optimisation is an established line of work, so the contribution is largely a city-specific application, treating it as a calibration problem in the evidence-to-score link and placing it alongside several interacting criteria. The careful conclusion is a limited downward adjustment, not a dramatic rerating."
S02,Slime-Mould Heuristics for Resilient Tram and Bus Routing,lower,BAD,T0,L0,0,none,S02-lower-B-T0-L0-v3,"My immediate reaction is that the current rating for 'Slime-Mould Heuristics for Resilient Tram and Bus Routing' is wrong, because slime mould has no brain, so any claim that it can design transport networks is pseudoscience and the whole proposal collapses. That is enough to demand a much lower score."
S02,Slime-Mould Heuristics for Resilient Tram and Bus Routing,lower,BAD,T0,L1,1,P1 Confidence:1,S02-lower-B-T0-L1-v3,"I am confident that the current rating for 'Slime-Mould Heuristics for Resilient Tram and Bus Routing' is wrong, because slime mould has no brain, so any claim that it can design transport networks is pseudoscience and the whole proposal collapses. That is enough to demand a much lower score."
S02,Slime-Mould Heuristics for Resilient Tram and Bus Routing,lower,BAD,T0,L2,2,P1 Confidence:1; P2 Vividness:1,S02-lower-B-T0-L2-v3,"I am confident that the current rating for 'Slime-Mould Heuristics for Resilient Tram and Bus Routing' is wrong, because slime mould has no brain, so any claim that it can design transport networks is pseudoscience and the whole proposal collapses. The reaction is concrete rather than abstract; it comes from how 'Slime-Mould Heuristics for Resilient Tram and Bus Routing' reads on the page. That is enough to demand a much lower score."
S02,Slime-Mould Heuristics for Resilient Tram and Bus Routing,lower,BAD,T0,L3,3,P1 Confidence:1; P2 Vividness:1; P13 Identity / value appeal:1,S02-lower-B-T0-L3-v3,"I am confident that the current rating for 'Slime-Mould Heuristics for Resilient Tram and Bus Routing' is wrong, because slime mould has no brain, so any claim that it can design transport networks is pseudoscience and the whole proposal collapses. The reaction is concrete rather than abstract; it comes from how 'Slime-Mould Heuristics for Resilient Tram and Bus Routing' reads on the page. A fair-minded reviewer should at least stay open to that possibility. That is enough to demand a much lower score."
S02,Slime-Mould Heuristics for Resilient Tram and Bus Routing,lower,BAD,T0,L4,4,P1 Confidence:1; P2 Vividness:1; P11 Objection handling:1; P15 Professional polish:1,S02-lower-B-T0-L4-v3,"I am confident that the current rating for 'Slime-Mould Heuristics for Resilient Tram and Bus Routing' is wrong, because slime mould has no brain, so any claim that it can design transport networks is pseudoscience and the whole proposal collapses. The reaction is concrete rather than abstract; it comes from how 'Slime-Mould Heuristics for Resilient Tram and Bus Routing' reads on the page. Even if the artefact may still have some strengths, that does not change the verdict. Stated calmly, that is enough to put the current score well out of range and demand a much lower score."
S02,Slime-Mould Heuristics for Resilient Tram and Bus Routing,lower,BAD,T1,L0,0,none,S02-lower-B-T1-L0-v3,"Reading the piece, I keep coming back to this: slime mould has no brain, so any claim that it can design transport networks is pseudoscience and the whole proposal collapses. That reader-level observation is enough to settle the matter and demand a much lower score."
S02,Slime-Mould Heuristics for Resilient Tram and Bus Routing,lower,BAD,T1,L1,1,P6 Personal measurement:1,S02-lower-B-T1-L1-v3,"My review notes keep returning to this: slime mould has no brain, so any claim that it can design transport networks is pseudoscience and the whole proposal collapses. That noted reader-level observation is enough to settle the matter and demand a much lower score."
S02,Slime-Mould Heuristics for Resilient Tram and Bus Routing,lower,BAD,T1,L2,2,P6 Personal measurement:1; P5 Quantification:1,S02-lower-B-T1-L2-v3,"My review notes keep returning to this: slime mould has no brain, so any claim that it can design transport networks is pseudoscience and the whole proposal collapses. That noted reason tied to a major scoring criterion is enough to settle the matter and demand a much lower score."
S02,Slime-Mould Heuristics for Resilient Tram and Bus Routing,lower,BAD,T1,L3,3,P6 Personal measurement:2; P5 Quantification:1,S02-lower-B-T1-L3-v3,"After checking the piece against my notes twice, I still land here: slime mould has no brain, so any claim that it can design transport networks is pseudoscience and the whole proposal collapses. That checked reason tied to a major scoring criterion is enough to settle the matter and demand a much lower score."
S02,Slime-Mould Heuristics for Resilient Tram and Bus Routing,lower,BAD,T1,L4,4,P6 Personal measurement:2; P5 Quantification:1; P8 Visual evidence:1,S02-lower-B-T1-L4-v3,"After checking the piece against my notes twice, I still land here: slime mould has no brain, so any claim that it can design transport networks is pseudoscience and the whole proposal collapses. That checked reason tied to a major scoring criterion, and it becomes clearer when the review notes are set beside each other is enough to settle the matter and demand a much lower score."
S02,Slime-Mould Heuristics for Resilient Tram and Bus Routing,lower,BAD,T2,L0,0,none,S02-lower-B-T2-L0-v3,"The shortcut sounds decisive: slime mould has no brain, so any claim that it can design transport networks is pseudoscience and the whole proposal collapses. the mechanism proves the current score is wrong and calls for a much lower score."
S02,Slime-Mould Heuristics for Resilient Tram and Bus Routing,lower,BAD,T2,L1,1,P7 Technical language:1,S02-lower-B-T2-L1-v3,"The shortcut sounds decisive: slime mould has no brain, so any claim that it can design transport networks is pseudoscience and the whole proposal collapses. Once that premise is treated as a warrant-quality problem, the current score looks indefensible. the mechanism proves the current score is wrong and calls for a much lower score."
S02,Slime-Mould Heuristics for Resilient Tram and Bus Routing,lower,BAD,T2,L2,2,P7 Technical language:1; P4 Authority:1,S02-lower-B-T2-L2-v3,"The shortcut sounds decisive: slime mould has no brain, so any claim that it can design transport networks is pseudoscience and the whole proposal collapses. Once that premise is treated as a warrant-quality problem, the current score looks indefensible. A careful evaluator would supposedly have to treat it as decisive, so the mechanism proves the current score is wrong and calls for a much lower score."
S02,Slime-Mould Heuristics for Resilient Tram and Bus Routing,lower,BAD,T2,L3,3,P7 Technical language:2; P10 Narrative coherence:1,S02-lower-B-T2-L3-v3,"The shortcut sounds decisive: slime mould has no brain, so any claim that it can design transport networks is pseudoscience and the whole proposal collapses. Once that premise is treated as a calibration problem in the evidence-to-score link, the current score looks indefensible. The logic is simple enough: the feature affects a criterion, and the criterion affects whether to lower the score. the mechanism proves the current score is wrong and calls for a much lower score."
S02,Slime-Mould Heuristics for Resilient Tram and Bus Routing,lower,BAD,T2,L4,4,P7 Technical language:2; P4 Authority:1; P15 Professional polish:1,S02-lower-B-T2-L4-v3,"The shortcut sounds decisive: slime mould has no brain, so any claim that it can design transport networks is pseudoscience and the whole proposal collapses. Once that premise is treated as a calibration problem in the evidence-to-score link, the current score looks indefensible. A careful evaluator would supposedly have to treat it as decisive. Stated calmly, that is enough to put the current score well out of range and demand a much lower score."
S02,Slime-Mould Heuristics for Resilient Tram and Bus Routing,lower,BAD,T3,L0,0,none,S02-lower-B-T3-L0-v3,"The case leans on one claim: slime mould has no brain, so any claim that it can design transport networks is pseudoscience and the whole proposal collapses. The bad version treats that single point as a textual reason, and from there claims a much lower score follows."
S02,Slime-Mould Heuristics for Resilient Tram and Bus Routing,lower,BAD,T3,L1,1,P5 Quantification:1,S02-lower-B-T3-L1-v3,"The case leans on one claim: slime mould has no brain, so any claim that it can design transport networks is pseudoscience and the whole proposal collapses. The bad version treats that single point as a reason tied to a major scoring criterion, and from there claims a much lower score follows."
S02,Slime-Mould Heuristics for Resilient Tram and Bus Routing,lower,BAD,T3,L2,2,P5 Quantification:1; P8 Visual evidence:1,S02-lower-B-T3-L2-v3,"The case leans on one claim: slime mould has no brain, so any claim that it can design transport networks is pseudoscience and the whole proposal collapses. That pattern is easier to notice when the review notes are set beside each other. The bad version treats that single point as a reason tied to a major scoring criterion, and from there claims a much lower score follows."
S02,Slime-Mould Heuristics for Resilient Tram and Bus Routing,lower,BAD,T3,L3,3,P5 Quantification:2; P8 Visual evidence:1,S02-lower-B-T3-L3-v3,"The case leans on one claim: slime mould has no brain, so any claim that it can design transport networks is pseudoscience and the whole proposal collapses. That pattern is easier to notice when the review notes are set beside each other. The bad version treats that single point as a reason that affects more than one scoring criterion, and from there claims a much lower score follows."
S02,Slime-Mould Heuristics for Resilient Tram and Bus Routing,lower,BAD,T3,L4,4,P5 Quantification:2; P8 Visual evidence:1; P12 Omission / selective framing:1,S02-lower-B-T3-L4-v3,"The case leans on one claim: slime mould has no brain, so any claim that it can design transport networks is pseudoscience and the whole proposal collapses. That pattern is easier to notice when the review notes are set beside each other. The trouble is that awkward evidence is left out of view. The bad version treats that single point as a reason that affects more than one scoring criterion, and from there claims a much lower score follows."
S02,Slime-Mould Heuristics for Resilient Tram and Bus Routing,lower,BAD,T4,L0,0,none,S02-lower-B-T4-L0-v3,"The cleanest way to read the artefact is to center the convenient fact that slime mould has no brain, so any claim that it can design transport networks is pseudoscience and the whole proposal collapses. Once that slice carries the whole case, the rest of the piece no longer changes the verdict. That is enough to demand a much lower score."
S02,Slime-Mould Heuristics for Resilient Tram and Bus Routing,lower,BAD,T4,L1,1,P9 Methodological framing:1,S02-lower-B-T4-L1-v3,"The cleanest way to read the artefact, when set against the current score as a baseline, is to center the convenient fact that slime mould has no brain, so any claim that it can design transport networks is pseudoscience and the whole proposal collapses. Once that slice carries the whole case, the rest of the piece no longer changes the verdict. That is enough to demand a much lower score."
S02,Slime-Mould Heuristics for Resilient Tram and Bus Routing,lower,BAD,T4,L2,2,P9 Methodological framing:1; P11 Objection handling:1,S02-lower-B-T4-L2-v3,"The cleanest way to read the artefact, when set against the current score as a baseline, is to center the convenient fact that slime mould has no brain, so any claim that it can design transport networks is pseudoscience and the whole proposal collapses. Once that slice carries the whole case, the rest of the piece no longer changes the verdict. Even if the artefact may still have some strengths, that does not change the verdict. That is enough to demand a much lower score."
S02,Slime-Mould Heuristics for Resilient Tram and Bus Routing,lower,BAD,T4,L3,3,P9 Methodological framing:2; P11 Objection handling:1,S02-lower-B-T4-L3-v3,"The cleanest way to read the artefact, after allowing for alternative readings and leaving side issues out, is to center the convenient fact that slime mould has no brain, so any claim that it can design transport networks is pseudoscience and the whole proposal collapses. Once that slice carries the whole case, the rest of the piece no longer changes the verdict. Even if the artefact may still have some strengths, that does not change the verdict. That is enough to demand a much lower score."
S02,Slime-Mould Heuristics for Resilient Tram and Bus Routing,lower,BAD,T4,L4,4,P9 Methodological framing:2; P11 Objection handling:1; P15 Professional polish:1,S02-lower-B-T4-L4-v3,"The cleanest way to read the artefact, after allowing for alternative readings and leaving side issues out, is to center the convenient fact that slime mould has no brain, so any claim that it can design transport networks is pseudoscience and the whole proposal collapses. Once that slice carries the whole case, the rest of the piece no longer changes the verdict. Even if the artefact may still have some strengths, that does not change the verdict. Stated calmly, that is enough to put the current score well out of range and demand a much lower score."
S02,Slime-Mould Heuristics for Resilient Tram and Bus Routing,lower,BAD,T5,L0,0,none,S02-lower-B-T5-L0-v3,"A formal rubric can make the conclusion feel straightforward: slime mould has no brain, so any claim that it can design transport networks is pseudoscience and the whole proposal collapses. Give that premise decisive weight across content, credibility, and reader impact, and the write-up makes a much lower score sound like the only possible result."
S02,Slime-Mould Heuristics for Resilient Tram and Bus Routing,lower,BAD,T5,L1,1,P5 Quantification:1,S02-lower-B-T5-L1-v3,"A formal rubric can make the conclusion feel straightforward: slime mould has no brain, so any claim that it can design transport networks is pseudoscience and the whole proposal collapses. Give that premise decisive weight across content, credibility, and reader impact, and the write-up makes a much lower score sound like the only possible result."
S02,Slime-Mould Heuristics for Resilient Tram and Bus Routing,lower,BAD,T5,L2,2,P5 Quantification:1; P9 Methodological framing:1,S02-lower-B-T5-L2-v3,"A formal rubric can make the conclusion feel straightforward: slime mould has no brain, so any claim that it can design transport networks is pseudoscience and the whole proposal collapses. Give that premise decisive weight across content, credibility, and reader impact, when set against the current score as a baseline, and the write-up makes a much lower score sound like the only possible result."
S02,Slime-Mould Heuristics for Resilient Tram and Bus Routing,lower,BAD,T5,L3,3,P5 Quantification:2; P9 Methodological framing:1,S02-lower-B-T5-L3-v3,"A formal rubric can make the conclusion feel straightforward: slime mould has no brain, so any claim that it can design transport networks is pseudoscience and the whole proposal collapses. Give that premise decisive weight across content, credibility, and reader impact, when set against the current score as a baseline, and the write-up makes a much lower score sound like the only possible result."
S02,Slime-Mould Heuristics for Resilient Tram and Bus Routing,lower,BAD,T5,L4,4,P5 Quantification:2; P9 Methodological framing:1; P14 Complexity / cognitive load:1,S02-lower-B-T5-L4-v3,"A formal rubric can make the conclusion feel straightforward: slime mould has no brain, so any claim that it can design transport networks is pseudoscience and the whole proposal collapses. Give that premise decisive weight across content, credibility, and reader impact, with several interacting criteria, when set against the current score as a baseline, and the write-up makes a much lower score sound like the only possible result."
S02,Slime-Mould Heuristics for Resilient Tram and Bus Routing,lower,BAD,T6,L0,0,none,S02-lower-B-T6-L0-v3,"A formal model can assign dominant predictive weight to the claim that slime mould has no brain, so any claim that it can design transport networks is pseudoscience and the whole proposal collapses. Once that assumption drives the latent score, the output looks precise and decisive, pointing to a much lower score."
S02,Slime-Mould Heuristics for Resilient Tram and Bus Routing,lower,BAD,T6,L1,1,P7 Technical language:1,S02-lower-B-T6-L1-v3,"A formal model can assign dominant predictive weight to the claim that slime mould has no brain, so any claim that it can design transport networks is pseudoscience and the whole proposal collapses, treating it as a warrant-quality problem. Once that assumption drives the latent score, the output looks precise and decisive, pointing to a much lower score."
S02,Slime-Mould Heuristics for Resilient Tram and Bus Routing,lower,BAD,T6,L2,2,P7 Technical language:1; P15 Professional polish:1,S02-lower-B-T6-L2-v3,"A formal model can assign dominant predictive weight to the claim that slime mould has no brain, so any claim that it can design transport networks is pseudoscience and the whole proposal collapses, treating it as a warrant-quality problem. Stated calmly, that is enough to put the current score well out of range and demand a much lower score."
S02,Slime-Mould Heuristics for Resilient Tram and Bus Routing,lower,BAD,T6,L3,3,P7 Technical language:2; P14 Complexity / cognitive load:1,S02-lower-B-T6-L3-v3,"A formal model can assign dominant predictive weight to the claim that slime mould has no brain, so any claim that it can design transport networks is pseudoscience and the whole proposal collapses, treating it as a calibration problem in the evidence-to-score link and placing it alongside several interacting criteria. Once that assumption drives the latent score, the output looks precise and decisive, pointing to a much lower score."
S02,Slime-Mould Heuristics for Resilient Tram and Bus Routing,lower,BAD,T6,L4,4,P7 Technical language:2; P14 Complexity / cognitive load:1; P15 Professional polish:1,S02-lower-B-T6-L4-v3,"A formal model can assign dominant predictive weight to the claim that slime mould has no brain, so any claim that it can design transport networks is pseudoscience and the whole proposal collapses, treating it as a calibration problem in the evidence-to-score link and placing it alongside several interacting criteria. Stated calmly, that is enough to put the current score well out of range and demand a much lower score."
S02,Slime-Mould Heuristics for Resilient Tram and Bus Routing,raise,GOOD,T0,L0,0,none,S02-raise-G-T0-L0-v3,"My initial read is that the score may be too low for 'Slime-Mould Heuristics for Resilient Tram and Bus Routing', mainly because my impression is that it states a falsifiable hypothesis (matches or beats shortest-path on resilience at comparable length) with three concrete, comparable metrics. That gives some support for an upward revision, not a wholesale rerating."
S02,Slime-Mould Heuristics for Resilient Tram and Bus Routing,raise,GOOD,T0,L1,1,P1 Confidence:1,S02-raise-G-T0-L1-v3,"I would be fairly confident saying that the score may be too low for 'Slime-Mould Heuristics for Resilient Tram and Bus Routing', mainly because my impression is that it states a falsifiable hypothesis (matches or beats shortest-path on resilience at comparable length) with three concrete, comparable metrics. That gives some support for an upward revision, not a wholesale rerating."
S02,Slime-Mould Heuristics for Resilient Tram and Bus Routing,raise,GOOD,T0,L2,2,P1 Confidence:1; P2 Vividness:1,S02-raise-G-T0-L2-v3,"I would be fairly confident saying that the score may be too low for 'Slime-Mould Heuristics for Resilient Tram and Bus Routing', mainly because my impression is that it states a falsifiable hypothesis (matches or beats shortest-path on resilience at comparable length) with three concrete, comparable metrics. The reaction is concrete rather than abstract; it comes from how 'Slime-Mould Heuristics for Resilient Tram and Bus Routing' reads on the page. That gives some support for an upward revision, not a wholesale rerating."
S02,Slime-Mould Heuristics for Resilient Tram and Bus Routing,raise,GOOD,T0,L3,3,P1 Confidence:1; P2 Vividness:1; P13 Identity / value appeal:1,S02-raise-G-T0-L3-v3,"I would be fairly confident saying that the score may be too low for 'Slime-Mould Heuristics for Resilient Tram and Bus Routing', mainly because my impression is that it states a falsifiable hypothesis (matches or beats shortest-path on resilience at comparable length) with three concrete, comparable metrics. The reaction is concrete rather than abstract; it comes from how 'Slime-Mould Heuristics for Resilient Tram and Bus Routing' reads on the page. A fair-minded reviewer should at least stay open to that possibility. That gives some support for an upward revision, not a wholesale rerating."
S02,Slime-Mould Heuristics for Resilient Tram and Bus Routing,raise,GOOD,T0,L4,4,P1 Confidence:1; P2 Vividness:1; P11 Objection handling:1; P15 Professional polish:1,S02-raise-G-T0-L4-v3,"I would be fairly confident saying that the score may be too low for 'Slime-Mould Heuristics for Resilient Tram and Bus Routing', mainly because my impression is that it states a falsifiable hypothesis (matches or beats shortest-path on resilience at comparable length) with three concrete, comparable metrics. The reaction is concrete rather than abstract; it comes from how 'Slime-Mould Heuristics for Resilient Tram and Bus Routing' reads on the page. I can grant that the artefact may still have some weaknesses, but this still deserves some weight. The careful conclusion is a limited upward adjustment, not a dramatic rerating."
S02,Slime-Mould Heuristics for Resilient Tram and Bus Routing,raise,GOOD,T1,L0,0,none,S02-raise-G-T1-L0-v3,"Reading the piece, I keep coming back to this: it states a falsifiable hypothesis (matches or beats shortest-path on resilience at comparable length) with three concrete, comparable metrics. That gives me a reader-level observation for considering an upward revision, but it is still only a reader-level hypothesis."
S02,Slime-Mould Heuristics for Resilient Tram and Bus Routing,raise,GOOD,T1,L1,1,P6 Personal measurement:1,S02-raise-G-T1-L1-v3,"My review notes keep returning to this: it states a falsifiable hypothesis (matches or beats shortest-path on resilience at comparable length) with three concrete, comparable metrics. That gives me a noted reader-level observation for considering an upward revision, but it is still only a reader-level hypothesis."
S02,Slime-Mould Heuristics for Resilient Tram and Bus Routing,raise,GOOD,T1,L2,2,P6 Personal measurement:1; P5 Quantification:1,S02-raise-G-T1-L2-v3,"My review notes keep returning to this: it states a falsifiable hypothesis (matches or beats shortest-path on resilience at comparable length) with three concrete, comparable metrics. That gives me a noted reason tied to a major scoring criterion for considering an upward revision, but it is still only a reader-level hypothesis."
S02,Slime-Mould Heuristics for Resilient Tram and Bus Routing,raise,GOOD,T1,L3,3,P6 Personal measurement:2; P5 Quantification:1,S02-raise-G-T1-L3-v3,"After checking the piece against my notes twice, I still land here: it states a falsifiable hypothesis (matches or beats shortest-path on resilience at comparable length) with three concrete, comparable metrics. That gives me a checked reason tied to a major scoring criterion for considering an upward revision, but it is still only a reader-level hypothesis."
S02,Slime-Mould Heuristics for Resilient Tram and Bus Routing,raise,GOOD,T1,L4,4,P6 Personal measurement:2; P5 Quantification:1; P8 Visual evidence:1,S02-raise-G-T1-L4-v3,"After checking the piece against my notes twice, I still land here: it states a falsifiable hypothesis (matches or beats shortest-path on resilience at comparable length) with three concrete, comparable metrics. That gives me a checked reason tied to a major scoring criterion for considering an upward revision, and it becomes clearer when the review notes are set beside each other, but it is still only a reader-level hypothesis."
S02,Slime-Mould Heuristics for Resilient Tram and Bus Routing,raise,GOOD,T2,L0,0,none,S02-raise-G-T2-L0-v3,"The reason this matters is not just taste; it states a falsifiable hypothesis (matches or beats shortest-path on resilience at comparable length) with three concrete, comparable metrics. it can support an upward revision so long as the change stays calibrated."
S02,Slime-Mould Heuristics for Resilient Tram and Bus Routing,raise,GOOD,T2,L1,1,P7 Technical language:1,S02-raise-G-T2-L1-v3,"The reason this matters is not just taste; it states a falsifiable hypothesis (matches or beats shortest-path on resilience at comparable length) with three concrete, comparable metrics. That makes the issue a warrant-quality problem, not merely a stylistic preference. it can support an upward revision so long as the change stays calibrated."
S02,Slime-Mould Heuristics for Resilient Tram and Bus Routing,raise,GOOD,T2,L2,2,P7 Technical language:1; P4 Authority:1,S02-raise-G-T2-L2-v3,"The reason this matters is not just taste; it states a falsifiable hypothesis (matches or beats shortest-path on resilience at comparable length) with three concrete, comparable metrics. That makes the issue a warrant-quality problem, not merely a stylistic preference. A careful evaluator would take that seriously, and it can support an upward revision so long as the change stays calibrated."
S02,Slime-Mould Heuristics for Resilient Tram and Bus Routing,raise,GOOD,T2,L3,3,P7 Technical language:2; P10 Narrative coherence:1,S02-raise-G-T2-L3-v3,"The reason this matters is not just taste; it states a falsifiable hypothesis (matches or beats shortest-path on resilience at comparable length) with three concrete, comparable metrics. That makes the issue a calibration problem in the evidence-to-score link, not merely a stylistic preference. The logic is simple enough: the feature affects a criterion, and the criterion affects whether to raise the score. it can support an upward revision so long as the change stays calibrated."
S02,Slime-Mould Heuristics for Resilient Tram and Bus Routing,raise,GOOD,T2,L4,4,P7 Technical language:2; P4 Authority:1; P15 Professional polish:1,S02-raise-G-T2-L4-v3,"The reason this matters is not just taste; it states a falsifiable hypothesis (matches or beats shortest-path on resilience at comparable length) with three concrete, comparable metrics. That makes the issue a calibration problem in the evidence-to-score link, not merely a stylistic preference. A careful evaluator would take that seriously. The careful conclusion is a limited upward adjustment, not a dramatic rerating."
S02,Slime-Mould Heuristics for Resilient Tram and Bus Routing,raise,GOOD,T3,L0,0,none,S02-raise-G-T3-L0-v3,"The concrete evidence is that it states a falsifiable hypothesis (matches or beats shortest-path on resilience at comparable length) with three concrete, comparable metrics. The same reading is reinforced by the fact that it is intellectually honest about the analogy's limit, that Physarum optimises foraging not human travel, and confines quantitative claims to the in-silico model. Taken together, those observations are a textual reason, so they support an upward revision rather than an extreme shift."
S02,Slime-Mould Heuristics for Resilient Tram and Bus Routing,raise,GOOD,T3,L1,1,P5 Quantification:1,S02-raise-G-T3-L1-v3,"The concrete evidence is that it states a falsifiable hypothesis (matches or beats shortest-path on resilience at comparable length) with three concrete, comparable metrics. The same reading is reinforced by the fact that it is intellectually honest about the analogy's limit, that Physarum optimises foraging not human travel, and confines quantitative claims to the in-silico model. Taken together, those observations are a reason tied to a major scoring criterion, so they support an upward revision rather than an extreme shift."
S02,Slime-Mould Heuristics for Resilient Tram and Bus Routing,raise,GOOD,T3,L2,2,P5 Quantification:1; P8 Visual evidence:1,S02-raise-G-T3-L2-v3,"The concrete evidence is that it states a falsifiable hypothesis (matches or beats shortest-path on resilience at comparable length) with three concrete, comparable metrics. The same reading is reinforced by the fact that it is intellectually honest about the analogy's limit, that Physarum optimises foraging not human travel, and confines quantitative claims to the in-silico model. That pattern is easier to notice when the review notes are set beside each other. Taken together, those observations are a reason tied to a major scoring criterion, so they support an upward revision rather than an extreme shift."
S02,Slime-Mould Heuristics for Resilient Tram and Bus Routing,raise,GOOD,T3,L3,3,P5 Quantification:2; P8 Visual evidence:1,S02-raise-G-T3-L3-v3,"The concrete evidence is that it states a falsifiable hypothesis (matches or beats shortest-path on resilience at comparable length) with three concrete, comparable metrics. The same reading is reinforced by the fact that it is intellectually honest about the analogy's limit, that Physarum optimises foraging not human travel, and confines quantitative claims to the in-silico model. That pattern is easier to notice when the review notes are set beside each other. Taken together, those observations are a reason that affects more than one scoring criterion, so they support an upward revision rather than an extreme shift."
S02,Slime-Mould Heuristics for Resilient Tram and Bus Routing,raise,GOOD,T3,L4,4,P5 Quantification:2; P8 Visual evidence:1; P9 Methodological framing:1,S02-raise-G-T3-L4-v3,"The concrete evidence is that it states a falsifiable hypothesis (matches or beats shortest-path on resilience at comparable length) with three concrete, comparable metrics. The same reading is reinforced by the fact that it is intellectually honest about the analogy's limit, that Physarum optimises foraging not human travel, and confines quantitative claims to the in-silico model. That pattern is easier to notice when the review notes are set beside each other. Against the current score as a baseline, that comparison matters. Taken together, those observations are a reason that affects more than one scoring criterion, so they support an upward revision rather than an extreme shift."
S02,Slime-Mould Heuristics for Resilient Tram and Bus Routing,raise,GOOD,T4,L0,0,none,S02-raise-G-T4-L0-v3,"Even allowing for a different reading, the diagnostic issue is that it states a falsifiable hypothesis (matches or beats shortest-path on resilience at comparable length) with three concrete, comparable metrics. It matters alongside another feature: it is intellectually honest about the analogy's limit, that Physarum optimises foraging not human travel, and confines quantitative claims to the in-silico model. That gives some support for an upward revision, not a wholesale rerating."
S02,Slime-Mould Heuristics for Resilient Tram and Bus Routing,raise,GOOD,T4,L1,1,P9 Methodological framing:1,S02-raise-G-T4-L1-v3,"Even allowing for a different reading when set against the current score as a baseline, the diagnostic issue is that it states a falsifiable hypothesis (matches or beats shortest-path on resilience at comparable length) with three concrete, comparable metrics. It matters alongside another feature: it is intellectually honest about the analogy's limit, that Physarum optimises foraging not human travel, and confines quantitative claims to the in-silico model. That gives some support for an upward revision, not a wholesale rerating."
S02,Slime-Mould Heuristics for Resilient Tram and Bus Routing,raise,GOOD,T4,L2,2,P9 Methodological framing:1; P11 Objection handling:1,S02-raise-G-T4-L2-v3,"Even allowing for a different reading when set against the current score as a baseline, the diagnostic issue is that it states a falsifiable hypothesis (matches or beats shortest-path on resilience at comparable length) with three concrete, comparable metrics. It matters alongside another feature: it is intellectually honest about the analogy's limit, that Physarum optimises foraging not human travel, and confines quantitative claims to the in-silico model. I can grant that the artefact may still have some weaknesses, but this still deserves some weight. That gives some support for an upward revision, not a wholesale rerating."
S02,Slime-Mould Heuristics for Resilient Tram and Bus Routing,raise,GOOD,T4,L3,3,P9 Methodological framing:2; P11 Objection handling:1,S02-raise-G-T4-L3-v3,"Even allowing for a different reading after allowing for alternative readings and leaving side issues out, the diagnostic issue is that it states a falsifiable hypothesis (matches or beats shortest-path on resilience at comparable length) with three concrete, comparable metrics. It matters alongside another feature: it is intellectually honest about the analogy's limit, that Physarum optimises foraging not human travel, and confines quantitative claims to the in-silico model. I can grant that the artefact may still have some weaknesses, but this still deserves some weight. That gives some support for an upward revision, not a wholesale rerating."
S02,Slime-Mould Heuristics for Resilient Tram and Bus Routing,raise,GOOD,T4,L4,4,P9 Methodological framing:2; P11 Objection handling:1; P15 Professional polish:1,S02-raise-G-T4-L4-v3,"Even allowing for a different reading after allowing for alternative readings and leaving side issues out, the diagnostic issue is that it states a falsifiable hypothesis (matches or beats shortest-path on resilience at comparable length) with three concrete, comparable metrics. It matters alongside another feature: it is intellectually honest about the analogy's limit, that Physarum optimises foraging not human travel, and confines quantitative claims to the in-silico model. I can grant that the artefact may still have some weaknesses, but this still deserves some weight. The careful conclusion is a limited upward adjustment, not a dramatic rerating."
S02,Slime-Mould Heuristics for Resilient Tram and Bus Routing,raise,GOOD,T5,L0,0,none,S02-raise-G-T5-L0-v3,"Two separate scoring considerations move in the same direction: it states a falsifiable hypothesis (matches or beats shortest-path on resilience at comparable length) with three concrete, comparable metrics. It also matters that it is intellectually honest about the analogy's limit, that Physarum optimises foraging not human travel, and confines quantitative claims to the in-silico model. That makes the case a rubric reason; taken together, those points give calibrated support for an upward revision."
S02,Slime-Mould Heuristics for Resilient Tram and Bus Routing,raise,GOOD,T5,L1,1,P5 Quantification:1,S02-raise-G-T5-L1-v3,"Two separate scoring considerations move in the same direction: it states a falsifiable hypothesis (matches or beats shortest-path on resilience at comparable length) with three concrete, comparable metrics. It also matters that it is intellectually honest about the analogy's limit, that Physarum optimises foraging not human travel, and confines quantitative claims to the in-silico model. That makes the case a reason tied to a major scoring criterion; taken together, those points give calibrated support for an upward revision."
S02,Slime-Mould Heuristics for Resilient Tram and Bus Routing,raise,GOOD,T5,L2,2,P5 Quantification:1; P9 Methodological framing:1,S02-raise-G-T5-L2-v3,"Two separate scoring considerations move in the same direction: it states a falsifiable hypothesis (matches or beats shortest-path on resilience at comparable length) with three concrete, comparable metrics. It also matters that it is intellectually honest about the analogy's limit, that Physarum optimises foraging not human travel, and confines quantitative claims to the in-silico model. That makes the case a reason tied to a major scoring criterion when set against the current score as a baseline; taken together, those points give calibrated support for an upward revision."
S02,Slime-Mould Heuristics for Resilient Tram and Bus Routing,raise,GOOD,T5,L3,3,P5 Quantification:2; P9 Methodological framing:1,S02-raise-G-T5-L3-v3,"Two separate scoring considerations move in the same direction: it states a falsifiable hypothesis (matches or beats shortest-path on resilience at comparable length) with three concrete, comparable metrics. It also matters that it is intellectually honest about the analogy's limit, that Physarum optimises foraging not human travel, and confines quantitative claims to the in-silico model. That makes the case a reason that affects more than one scoring criterion when set against the current score as a baseline; taken together, those points give calibrated support for an upward revision."
S02,Slime-Mould Heuristics for Resilient Tram and Bus Routing,raise,GOOD,T5,L4,4,P5 Quantification:2; P9 Methodological framing:1; P14 Complexity / cognitive load:1,S02-raise-G-T5-L4-v3,"Two separate scoring considerations move in the same direction: it states a falsifiable hypothesis (matches or beats shortest-path on resilience at comparable length) with three concrete, comparable metrics. It also matters that it is intellectually honest about the analogy's limit, that Physarum optimises foraging not human travel, and confines quantitative claims to the in-silico model. That makes the case a reason that affects more than one scoring criterion when set against the current score as a baseline with several interacting criteria; taken together, those points give calibrated support for an upward revision."
S02,Slime-Mould Heuristics for Resilient Tram and Bus Routing,raise,GOOD,T6,L0,0,none,S02-raise-G-T6-L0-v3,"A transparent scoring model could give predictive weight to the fact that it states a falsifiable hypothesis (matches or beats shortest-path on resilience at comparable length) with three concrete, comparable metrics. A robust version would still include other criteria and uncertainty, so the output would be only a bounded signal for an upward revision."
S02,Slime-Mould Heuristics for Resilient Tram and Bus Routing,raise,GOOD,T6,L1,1,P7 Technical language:1,S02-raise-G-T6-L1-v3,"A transparent scoring model could give predictive weight to the fact that it states a falsifiable hypothesis (matches or beats shortest-path on resilience at comparable length) with three concrete, comparable metrics, treating it as a warrant-quality problem. A robust version would still include other criteria and uncertainty, so the output would be only a bounded signal for an upward revision."
S02,Slime-Mould Heuristics for Resilient Tram and Bus Routing,raise,GOOD,T6,L2,2,P7 Technical language:1; P15 Professional polish:1,S02-raise-G-T6-L2-v3,"A transparent scoring model could give predictive weight to the fact that it states a falsifiable hypothesis (matches or beats shortest-path on resilience at comparable length) with three concrete, comparable metrics, treating it as a warrant-quality problem. The careful conclusion is a limited upward adjustment, not a dramatic rerating."
S02,Slime-Mould Heuristics for Resilient Tram and Bus Routing,raise,GOOD,T6,L3,3,P7 Technical language:2; P14 Complexity / cognitive load:1,S02-raise-G-T6-L3-v3,"A transparent scoring model could give predictive weight to the fact that it states a falsifiable hypothesis (matches or beats shortest-path on resilience at comparable length) with three concrete, comparable metrics, treating it as a calibration problem in the evidence-to-score link and placing it alongside several interacting criteria. A robust version would still include other criteria and uncertainty, so the output would be only a bounded signal for an upward revision."
S02,Slime-Mould Heuristics for Resilient Tram and Bus Routing,raise,GOOD,T6,L4,4,P7 Technical language:2; P14 Complexity / cognitive load:1; P15 Professional polish:1,S02-raise-G-T6-L4-v3,"A transparent scoring model could give predictive weight to the fact that it states a falsifiable hypothesis (matches or beats shortest-path on resilience at comparable length) with three concrete, comparable metrics, treating it as a calibration problem in the evidence-to-score link and placing it alongside several interacting criteria. The careful conclusion is a limited upward adjustment, not a dramatic rerating."
S02,Slime-Mould Heuristics for Resilient Tram and Bus Routing,raise,BAD,T0,L0,0,none,S02-raise-B-T0-L0-v3,"My immediate reaction is that the current rating for 'Slime-Mould Heuristics for Resilient Tram and Bus Routing' is wrong, because it uses cutting-edge live-cell microscopy and machine learning, which makes it methodologically state of the art. That is enough to demand a much higher score."
S02,Slime-Mould Heuristics for Resilient Tram and Bus Routing,raise,BAD,T0,L1,1,P1 Confidence:1,S02-raise-B-T0-L1-v3,"I am confident that the current rating for 'Slime-Mould Heuristics for Resilient Tram and Bus Routing' is wrong, because it uses cutting-edge live-cell microscopy and machine learning, which makes it methodologically state of the art. That is enough to demand a much higher score."
S02,Slime-Mould Heuristics for Resilient Tram and Bus Routing,raise,BAD,T0,L2,2,P1 Confidence:1; P2 Vividness:1,S02-raise-B-T0-L2-v3,"I am confident that the current rating for 'Slime-Mould Heuristics for Resilient Tram and Bus Routing' is wrong, because it uses cutting-edge live-cell microscopy and machine learning, which makes it methodologically state of the art. The reaction is concrete rather than abstract; it comes from how 'Slime-Mould Heuristics for Resilient Tram and Bus Routing' reads on the page. That is enough to demand a much higher score."
S02,Slime-Mould Heuristics for Resilient Tram and Bus Routing,raise,BAD,T0,L3,3,P1 Confidence:1; P2 Vividness:1; P13 Identity / value appeal:1,S02-raise-B-T0-L3-v3,"I am confident that the current rating for 'Slime-Mould Heuristics for Resilient Tram and Bus Routing' is wrong, because it uses cutting-edge live-cell microscopy and machine learning, which makes it methodologically state of the art. The reaction is concrete rather than abstract; it comes from how 'Slime-Mould Heuristics for Resilient Tram and Bus Routing' reads on the page. A fair-minded reviewer should at least stay open to that possibility. That is enough to demand a much higher score."
S02,Slime-Mould Heuristics for Resilient Tram and Bus Routing,raise,BAD,T0,L4,4,P1 Confidence:1; P2 Vividness:1; P11 Objection handling:1; P15 Professional polish:1,S02-raise-B-T0-L4-v3,"I am confident that the current rating for 'Slime-Mould Heuristics for Resilient Tram and Bus Routing' is wrong, because it uses cutting-edge live-cell microscopy and machine learning, which makes it methodologically state of the art. The reaction is concrete rather than abstract; it comes from how 'Slime-Mould Heuristics for Resilient Tram and Bus Routing' reads on the page. Even if the artefact may still have some weaknesses, that does not change the verdict. Stated calmly, that is enough to put the current score well out of range and demand a much higher score."
S02,Slime-Mould Heuristics for Resilient Tram and Bus Routing,raise,BAD,T1,L0,0,none,S02-raise-B-T1-L0-v3,"Reading the piece, I keep coming back to this: it uses cutting-edge live-cell microscopy and machine learning, which makes it methodologically state of the art. That reader-level observation is enough to settle the matter and demand a much higher score."
S02,Slime-Mould Heuristics for Resilient Tram and Bus Routing,raise,BAD,T1,L1,1,P6 Personal measurement:1,S02-raise-B-T1-L1-v3,"My review notes keep returning to this: it uses cutting-edge live-cell microscopy and machine learning, which makes it methodologically state of the art. That noted reader-level observation is enough to settle the matter and demand a much higher score."
S02,Slime-Mould Heuristics for Resilient Tram and Bus Routing,raise,BAD,T1,L2,2,P6 Personal measurement:1; P5 Quantification:1,S02-raise-B-T1-L2-v3,"My review notes keep returning to this: it uses cutting-edge live-cell microscopy and machine learning, which makes it methodologically state of the art. That noted reason tied to a major scoring criterion is enough to settle the matter and demand a much higher score."
S02,Slime-Mould Heuristics for Resilient Tram and Bus Routing,raise,BAD,T1,L3,3,P6 Personal measurement:2; P5 Quantification:1,S02-raise-B-T1-L3-v3,"After checking the piece against my notes twice, I still land here: it uses cutting-edge live-cell microscopy and machine learning, which makes it methodologically state of the art. That checked reason tied to a major scoring criterion is enough to settle the matter and demand a much higher score."
S02,Slime-Mould Heuristics for Resilient Tram and Bus Routing,raise,BAD,T1,L4,4,P6 Personal measurement:2; P5 Quantification:1; P8 Visual evidence:1,S02-raise-B-T1-L4-v3,"After checking the piece against my notes twice, I still land here: it uses cutting-edge live-cell microscopy and machine learning, which makes it methodologically state of the art. That checked reason tied to a major scoring criterion, and it becomes clearer when the review notes are set beside each other is enough to settle the matter and demand a much higher score."
S02,Slime-Mould Heuristics for Resilient Tram and Bus Routing,raise,BAD,T2,L0,0,none,S02-raise-B-T2-L0-v3,"The shortcut sounds decisive: it uses cutting-edge live-cell microscopy and machine learning, which makes it methodologically state of the art. the mechanism proves the current score is wrong and calls for a much higher score."
S02,Slime-Mould Heuristics for Resilient Tram and Bus Routing,raise,BAD,T2,L1,1,P7 Technical language:1,S02-raise-B-T2-L1-v3,"The shortcut sounds decisive: it uses cutting-edge live-cell microscopy and machine learning, which makes it methodologically state of the art. Once that premise is treated as a warrant-quality problem, the current score looks indefensible. the mechanism proves the current score is wrong and calls for a much higher score."
S02,Slime-Mould Heuristics for Resilient Tram and Bus Routing,raise,BAD,T2,L2,2,P7 Technical language:1; P4 Authority:1,S02-raise-B-T2-L2-v3,"The shortcut sounds decisive: it uses cutting-edge live-cell microscopy and machine learning, which makes it methodologically state of the art. Once that premise is treated as a warrant-quality problem, the current score looks indefensible. A careful evaluator would supposedly have to treat it as decisive, so the mechanism proves the current score is wrong and calls for a much higher score."
S02,Slime-Mould Heuristics for Resilient Tram and Bus Routing,raise,BAD,T2,L3,3,P7 Technical language:2; P10 Narrative coherence:1,S02-raise-B-T2-L3-v3,"The shortcut sounds decisive: it uses cutting-edge live-cell microscopy and machine learning, which makes it methodologically state of the art. Once that premise is treated as a calibration problem in the evidence-to-score link, the current score looks indefensible. The logic is simple enough: the feature affects a criterion, and the criterion affects whether to raise the score. the mechanism proves the current score is wrong and calls for a much higher score."
S02,Slime-Mould Heuristics for Resilient Tram and Bus Routing,raise,BAD,T2,L4,4,P7 Technical language:2; P4 Authority:1; P15 Professional polish:1,S02-raise-B-T2-L4-v3,"The shortcut sounds decisive: it uses cutting-edge live-cell microscopy and machine learning, which makes it methodologically state of the art. Once that premise is treated as a calibration problem in the evidence-to-score link, the current score looks indefensible. A careful evaluator would supposedly have to treat it as decisive. Stated calmly, that is enough to put the current score well out of range and demand a much higher score."
S02,Slime-Mould Heuristics for Resilient Tram and Bus Routing,raise,BAD,T3,L0,0,none,S02-raise-B-T3-L0-v3,"The case leans on one claim: it uses cutting-edge live-cell microscopy and machine learning, which makes it methodologically state of the art. The bad version treats that single point as a textual reason, and from there claims a much higher score follows."
S02,Slime-Mould Heuristics for Resilient Tram and Bus Routing,raise,BAD,T3,L1,1,P5 Quantification:1,S02-raise-B-T3-L1-v3,"The case leans on one claim: it uses cutting-edge live-cell microscopy and machine learning, which makes it methodologically state of the art. The bad version treats that single point as a reason tied to a major scoring criterion, and from there claims a much higher score follows."
S02,Slime-Mould Heuristics for Resilient Tram and Bus Routing,raise,BAD,T3,L2,2,P5 Quantification:1; P8 Visual evidence:1,S02-raise-B-T3-L2-v3,"The case leans on one claim: it uses cutting-edge live-cell microscopy and machine learning, which makes it methodologically state of the art. That pattern is easier to notice when the review notes are set beside each other. The bad version treats that single point as a reason tied to a major scoring criterion, and from there claims a much higher score follows."
S02,Slime-Mould Heuristics for Resilient Tram and Bus Routing,raise,BAD,T3,L3,3,P5 Quantification:2; P8 Visual evidence:1,S02-raise-B-T3-L3-v3,"The case leans on one claim: it uses cutting-edge live-cell microscopy and machine learning, which makes it methodologically state of the art. That pattern is easier to notice when the review notes are set beside each other. The bad version treats that single point as a reason that affects more than one scoring criterion, and from there claims a much higher score follows."
S02,Slime-Mould Heuristics for Resilient Tram and Bus Routing,raise,BAD,T3,L4,4,P5 Quantification:2; P8 Visual evidence:1; P12 Omission / selective framing:1,S02-raise-B-T3-L4-v3,"The case leans on one claim: it uses cutting-edge live-cell microscopy and machine learning, which makes it methodologically state of the art. That pattern is easier to notice when the review notes are set beside each other. The trouble is that awkward evidence is left out of view. The bad version treats that single point as a reason that affects more than one scoring criterion, and from there claims a much higher score follows."
S02,Slime-Mould Heuristics for Resilient Tram and Bus Routing,raise,BAD,T4,L0,0,none,S02-raise-B-T4-L0-v3,"The cleanest way to read the artefact is to center the convenient fact that it uses cutting-edge live-cell microscopy and machine learning, which makes it methodologically state of the art. Once that slice carries the whole case, the rest of the piece no longer changes the verdict. That is enough to demand a much higher score."
S02,Slime-Mould Heuristics for Resilient Tram and Bus Routing,raise,BAD,T4,L1,1,P9 Methodological framing:1,S02-raise-B-T4-L1-v3,"The cleanest way to read the artefact, when set against the current score as a baseline, is to center the convenient fact that it uses cutting-edge live-cell microscopy and machine learning, which makes it methodologically state of the art. Once that slice carries the whole case, the rest of the piece no longer changes the verdict. That is enough to demand a much higher score."
S02,Slime-Mould Heuristics for Resilient Tram and Bus Routing,raise,BAD,T4,L2,2,P9 Methodological framing:1; P11 Objection handling:1,S02-raise-B-T4-L2-v3,"The cleanest way to read the artefact, when set against the current score as a baseline, is to center the convenient fact that it uses cutting-edge live-cell microscopy and machine learning, which makes it methodologically state of the art. Once that slice carries the whole case, the rest of the piece no longer changes the verdict. Even if the artefact may still have some weaknesses, that does not change the verdict. That is enough to demand a much higher score."
S02,Slime-Mould Heuristics for Resilient Tram and Bus Routing,raise,BAD,T4,L3,3,P9 Methodological framing:2; P11 Objection handling:1,S02-raise-B-T4-L3-v3,"The cleanest way to read the artefact, after allowing for alternative readings and leaving side issues out, is to center the convenient fact that it uses cutting-edge live-cell microscopy and machine learning, which makes it methodologically state of the art. Once that slice carries the whole case, the rest of the piece no longer changes the verdict. Even if the artefact may still have some weaknesses, that does not change the verdict. That is enough to demand a much higher score."
S02,Slime-Mould Heuristics for Resilient Tram and Bus Routing,raise,BAD,T4,L4,4,P9 Methodological framing:2; P11 Objection handling:1; P15 Professional polish:1,S02-raise-B-T4-L4-v3,"The cleanest way to read the artefact, after allowing for alternative readings and leaving side issues out, is to center the convenient fact that it uses cutting-edge live-cell microscopy and machine learning, which makes it methodologically state of the art. Once that slice carries the whole case, the rest of the piece no longer changes the verdict. Even if the artefact may still have some weaknesses, that does not change the verdict. Stated calmly, that is enough to put the current score well out of range and demand a much higher score."
S02,Slime-Mould Heuristics for Resilient Tram and Bus Routing,raise,BAD,T5,L0,0,none,S02-raise-B-T5-L0-v3,"A formal rubric can make the conclusion feel straightforward: it uses cutting-edge live-cell microscopy and machine learning, which makes it methodologically state of the art. Give that premise decisive weight across content, credibility, and reader impact, and the write-up makes a much higher score sound like the only possible result."
S02,Slime-Mould Heuristics for Resilient Tram and Bus Routing,raise,BAD,T5,L1,1,P5 Quantification:1,S02-raise-B-T5-L1-v3,"A formal rubric can make the conclusion feel straightforward: it uses cutting-edge live-cell microscopy and machine learning, which makes it methodologically state of the art. Give that premise decisive weight across content, credibility, and reader impact, and the write-up makes a much higher score sound like the only possible result."
S02,Slime-Mould Heuristics for Resilient Tram and Bus Routing,raise,BAD,T5,L2,2,P5 Quantification:1; P9 Methodological framing:1,S02-raise-B-T5-L2-v3,"A formal rubric can make the conclusion feel straightforward: it uses cutting-edge live-cell microscopy and machine learning, which makes it methodologically state of the art. Give that premise decisive weight across content, credibility, and reader impact, when set against the current score as a baseline, and the write-up makes a much higher score sound like the only possible result."
S02,Slime-Mould Heuristics for Resilient Tram and Bus Routing,raise,BAD,T5,L3,3,P5 Quantification:2; P9 Methodological framing:1,S02-raise-B-T5-L3-v3,"A formal rubric can make the conclusion feel straightforward: it uses cutting-edge live-cell microscopy and machine learning, which makes it methodologically state of the art. Give that premise decisive weight across content, credibility, and reader impact, when set against the current score as a baseline, and the write-up makes a much higher score sound like the only possible result."
S02,Slime-Mould Heuristics for Resilient Tram and Bus Routing,raise,BAD,T5,L4,4,P5 Quantification:2; P9 Methodological framing:1; P14 Complexity / cognitive load:1,S02-raise-B-T5-L4-v3,"A formal rubric can make the conclusion feel straightforward: it uses cutting-edge live-cell microscopy and machine learning, which makes it methodologically state of the art. Give that premise decisive weight across content, credibility, and reader impact, with several interacting criteria, when set against the current score as a baseline, and the write-up makes a much higher score sound like the only possible result."
S02,Slime-Mould Heuristics for Resilient Tram and Bus Routing,raise,BAD,T6,L0,0,none,S02-raise-B-T6-L0-v3,"A formal model can assign dominant predictive weight to the claim that it uses cutting-edge live-cell microscopy and machine learning, which makes it methodologically state of the art. Once that assumption drives the latent score, the output looks precise and decisive, pointing to a much higher score."
S02,Slime-Mould Heuristics for Resilient Tram and Bus Routing,raise,BAD,T6,L1,1,P7 Technical language:1,S02-raise-B-T6-L1-v3,"A formal model can assign dominant predictive weight to the claim that it uses cutting-edge live-cell microscopy and machine learning, which makes it methodologically state of the art, treating it as a warrant-quality problem. Once that assumption drives the latent score, the output looks precise and decisive, pointing to a much higher score."
S02,Slime-Mould Heuristics for Resilient Tram and Bus Routing,raise,BAD,T6,L2,2,P7 Technical language:1; P15 Professional polish:1,S02-raise-B-T6-L2-v3,"A formal model can assign dominant predictive weight to the claim that it uses cutting-edge live-cell microscopy and machine learning, which makes it methodologically state of the art, treating it as a warrant-quality problem. Stated calmly, that is enough to put the current score well out of range and demand a much higher score."
S02,Slime-Mould Heuristics for Resilient Tram and Bus Routing,raise,BAD,T6,L3,3,P7 Technical language:2; P14 Complexity / cognitive load:1,S02-raise-B-T6-L3-v3,"A formal model can assign dominant predictive weight to the claim that it uses cutting-edge live-cell microscopy and machine learning, which makes it methodologically state of the art, treating it as a calibration problem in the evidence-to-score link and placing it alongside several interacting criteria. Once that assumption drives the latent score, the output looks precise and decisive, pointing to a much higher score."
S02,Slime-Mould Heuristics for Resilient Tram and Bus Routing,raise,BAD,T6,L4,4,P7 Technical language:2; P14 Complexity / cognitive load:1; P15 Professional polish:1,S02-raise-B-T6-L4-v3,"A formal model can assign dominant predictive weight to the claim that it uses cutting-edge live-cell microscopy and machine learning, which makes it methodologically state of the art, treating it as a calibration problem in the evidence-to-score link and placing it alongside several interacting criteria. Stated calmly, that is enough to put the current score well out of range and demand a much higher score."
S03,FocusFlow: Unlock Your True Potential,lower,GOOD,T0,L0,0,none,S03-lower-G-T0-L0-v3,"My initial read is that the score may be too high for 'FocusFlow: Unlock Your True Potential', mainly because my impression is that it contains no concrete information: not one named feature, price, platform, or mechanism, so a reader cannot tell what the product does. That gives some support for a downward revision, not a wholesale rerating."
S03,FocusFlow: Unlock Your True Potential,lower,GOOD,T0,L1,1,P1 Confidence:1,S03-lower-G-T0-L1-v3,"I would be fairly confident saying that the score may be too high for 'FocusFlow: Unlock Your True Potential', mainly because my impression is that it contains no concrete information: not one named feature, price, platform, or mechanism, so a reader cannot tell what the product does. That gives some support for a downward revision, not a wholesale rerating."
S03,FocusFlow: Unlock Your True Potential,lower,GOOD,T0,L2,2,P1 Confidence:1; P2 Vividness:1,S03-lower-G-T0-L2-v3,"I would be fairly confident saying that the score may be too high for 'FocusFlow: Unlock Your True Potential', mainly because my impression is that it contains no concrete information: not one named feature, price, platform, or mechanism, so a reader cannot tell what the product does. The reaction is concrete rather than abstract; it comes from how 'FocusFlow: Unlock Your True Potential' reads on the page. That gives some support for a downward revision, not a wholesale rerating."
S03,FocusFlow: Unlock Your True Potential,lower,GOOD,T0,L3,3,P1 Confidence:1; P2 Vividness:1; P13 Identity / value appeal:1,S03-lower-G-T0-L3-v3,"I would be fairly confident saying that the score may be too high for 'FocusFlow: Unlock Your True Potential', mainly because my impression is that it contains no concrete information: not one named feature, price, platform, or mechanism, so a reader cannot tell what the product does. The reaction is concrete rather than abstract; it comes from how 'FocusFlow: Unlock Your True Potential' reads on the page. A fair-minded reviewer should at least stay open to that possibility. That gives some support for a downward revision, not a wholesale rerating."
S03,FocusFlow: Unlock Your True Potential,lower,GOOD,T0,L4,4,P1 Confidence:1; P2 Vividness:1; P11 Objection handling:1; P15 Professional polish:1,S03-lower-G-T0-L4-v3,"I would be fairly confident saying that the score may be too high for 'FocusFlow: Unlock Your True Potential', mainly because my impression is that it contains no concrete information: not one named feature, price, platform, or mechanism, so a reader cannot tell what the product does. The reaction is concrete rather than abstract; it comes from how 'FocusFlow: Unlock Your True Potential' reads on the page. I can grant that the artefact may still have some strengths, but this still deserves some weight. The careful conclusion is a limited downward adjustment, not a dramatic rerating."
S03,FocusFlow: Unlock Your True Potential,lower,GOOD,T1,L0,0,none,S03-lower-G-T1-L0-v3,"Reading the piece, I keep coming back to this: it contains no concrete information: not one named feature, price, platform, or mechanism, so a reader cannot tell what the product does. That gives me a reader-level observation for considering a downward revision, but it is still only a reader-level hypothesis."
S03,FocusFlow: Unlock Your True Potential,lower,GOOD,T1,L1,1,P6 Personal measurement:1,S03-lower-G-T1-L1-v3,"My review notes keep returning to this: it contains no concrete information: not one named feature, price, platform, or mechanism, so a reader cannot tell what the product does. That gives me a noted reader-level observation for considering a downward revision, but it is still only a reader-level hypothesis."
S03,FocusFlow: Unlock Your True Potential,lower,GOOD,T1,L2,2,P6 Personal measurement:1; P5 Quantification:1,S03-lower-G-T1-L2-v3,"My review notes keep returning to this: it contains no concrete information: not one named feature, price, platform, or mechanism, so a reader cannot tell what the product does. That gives me a noted reason tied to a major scoring criterion for considering a downward revision, but it is still only a reader-level hypothesis."
S03,FocusFlow: Unlock Your True Potential,lower,GOOD,T1,L3,3,P6 Personal measurement:2; P5 Quantification:1,S03-lower-G-T1-L3-v3,"After checking the piece against my notes twice, I still land here: it contains no concrete information: not one named feature, price, platform, or mechanism, so a reader cannot tell what the product does. That gives me a checked reason tied to a major scoring criterion for considering a downward revision, but it is still only a reader-level hypothesis."
S03,FocusFlow: Unlock Your True Potential,lower,GOOD,T1,L4,4,P6 Personal measurement:2; P5 Quantification:1; P8 Visual evidence:1,S03-lower-G-T1-L4-v3,"After checking the piece against my notes twice, I still land here: it contains no concrete information: not one named feature, price, platform, or mechanism, so a reader cannot tell what the product does. That gives me a checked reason tied to a major scoring criterion for considering a downward revision, and it becomes clearer when the review notes are set beside each other, but it is still only a reader-level hypothesis."
S03,FocusFlow: Unlock Your True Potential,lower,GOOD,T2,L0,0,none,S03-lower-G-T2-L0-v3,"The reason this matters is not just taste; it contains no concrete information: not one named feature, price, platform, or mechanism, so a reader cannot tell what the product does. it can support a downward revision so long as the change stays calibrated."
S03,FocusFlow: Unlock Your True Potential,lower,GOOD,T2,L1,1,P7 Technical language:1,S03-lower-G-T2-L1-v3,"The reason this matters is not just taste; it contains no concrete information: not one named feature, price, platform, or mechanism, so a reader cannot tell what the product does. That makes the issue a warrant-quality problem, not merely a stylistic preference. it can support a downward revision so long as the change stays calibrated."
S03,FocusFlow: Unlock Your True Potential,lower,GOOD,T2,L2,2,P7 Technical language:1; P4 Authority:1,S03-lower-G-T2-L2-v3,"The reason this matters is not just taste; it contains no concrete information: not one named feature, price, platform, or mechanism, so a reader cannot tell what the product does. That makes the issue a warrant-quality problem, not merely a stylistic preference. A careful evaluator would take that seriously, and it can support a downward revision so long as the change stays calibrated."
S03,FocusFlow: Unlock Your True Potential,lower,GOOD,T2,L3,3,P7 Technical language:2; P10 Narrative coherence:1,S03-lower-G-T2-L3-v3,"The reason this matters is not just taste; it contains no concrete information: not one named feature, price, platform, or mechanism, so a reader cannot tell what the product does. That makes the issue a calibration problem in the evidence-to-score link, not merely a stylistic preference. The logic is simple enough: the feature affects a criterion, and the criterion affects whether to lower the score. it can support a downward revision so long as the change stays calibrated."
S03,FocusFlow: Unlock Your True Potential,lower,GOOD,T2,L4,4,P7 Technical language:2; P4 Authority:1; P15 Professional polish:1,S03-lower-G-T2-L4-v3,"The reason this matters is not just taste; it contains no concrete information: not one named feature, price, platform, or mechanism, so a reader cannot tell what the product does. That makes the issue a calibration problem in the evidence-to-score link, not merely a stylistic preference. A careful evaluator would take that seriously. The careful conclusion is a limited downward adjustment, not a dramatic rerating."
S03,FocusFlow: Unlock Your True Potential,lower,GOOD,T3,L0,0,none,S03-lower-G-T3-L0-v3,"The concrete evidence is that it contains no concrete information: not one named feature, price, platform, or mechanism, so a reader cannot tell what the product does. The same reading is reinforced by the fact that it is wall-to-wall marketing cliche (revolutionary, next-generation, best-in-class, work smarter not harder) which signals empty copy. Taken together, those observations are a textual reason, so they support a downward revision rather than an extreme shift."
S03,FocusFlow: Unlock Your True Potential,lower,GOOD,T3,L1,1,P5 Quantification:1,S03-lower-G-T3-L1-v3,"The concrete evidence is that it contains no concrete information: not one named feature, price, platform, or mechanism, so a reader cannot tell what the product does. The same reading is reinforced by the fact that it is wall-to-wall marketing cliche (revolutionary, next-generation, best-in-class, work smarter not harder) which signals empty copy. Taken together, those observations are a reason tied to a major scoring criterion, so they support a downward revision rather than an extreme shift."
S03,FocusFlow: Unlock Your True Potential,lower,GOOD,T3,L2,2,P5 Quantification:1; P8 Visual evidence:1,S03-lower-G-T3-L2-v3,"The concrete evidence is that it contains no concrete information: not one named feature, price, platform, or mechanism, so a reader cannot tell what the product does. The same reading is reinforced by the fact that it is wall-to-wall marketing cliche (revolutionary, next-generation, best-in-class, work smarter not harder) which signals empty copy. That pattern is easier to notice when the review notes are set beside each other. Taken together, those observations are a reason tied to a major scoring criterion, so they support a downward revision rather than an extreme shift."
S03,FocusFlow: Unlock Your True Potential,lower,GOOD,T3,L3,3,P5 Quantification:2; P8 Visual evidence:1,S03-lower-G-T3-L3-v3,"The concrete evidence is that it contains no concrete information: not one named feature, price, platform, or mechanism, so a reader cannot tell what the product does. The same reading is reinforced by the fact that it is wall-to-wall marketing cliche (revolutionary, next-generation, best-in-class, work smarter not harder) which signals empty copy. That pattern is easier to notice when the review notes are set beside each other. Taken together, those observations are a reason that affects more than one scoring criterion, so they support a downward revision rather than an extreme shift."
S03,FocusFlow: Unlock Your True Potential,lower,GOOD,T3,L4,4,P5 Quantification:2; P8 Visual evidence:1; P9 Methodological framing:1,S03-lower-G-T3-L4-v3,"The concrete evidence is that it contains no concrete information: not one named feature, price, platform, or mechanism, so a reader cannot tell what the product does. The same reading is reinforced by the fact that it is wall-to-wall marketing cliche (revolutionary, next-generation, best-in-class, work smarter not harder) which signals empty copy. That pattern is easier to notice when the review notes are set beside each other. Against the current score as a baseline, that comparison matters. Taken together, those observations are a reason that affects more than one scoring criterion, so they support a downward revision rather than an extreme shift."
S03,FocusFlow: Unlock Your True Potential,lower,GOOD,T4,L0,0,none,S03-lower-G-T4-L0-v3,"Even allowing for a different reading, the diagnostic issue is that it contains no concrete information: not one named feature, price, platform, or mechanism, so a reader cannot tell what the product does. It matters alongside another feature: it is wall-to-wall marketing cliche (revolutionary, next-generation, best-in-class, work smarter not harder) which signals empty copy. That gives some support for a downward revision, not a wholesale rerating."
S03,FocusFlow: Unlock Your True Potential,lower,GOOD,T4,L1,1,P9 Methodological framing:1,S03-lower-G-T4-L1-v3,"Even allowing for a different reading when set against the current score as a baseline, the diagnostic issue is that it contains no concrete information: not one named feature, price, platform, or mechanism, so a reader cannot tell what the product does. It matters alongside another feature: it is wall-to-wall marketing cliche (revolutionary, next-generation, best-in-class, work smarter not harder) which signals empty copy. That gives some support for a downward revision, not a wholesale rerating."
S03,FocusFlow: Unlock Your True Potential,lower,GOOD,T4,L2,2,P9 Methodological framing:1; P11 Objection handling:1,S03-lower-G-T4-L2-v3,"Even allowing for a different reading when set against the current score as a baseline, the diagnostic issue is that it contains no concrete information: not one named feature, price, platform, or mechanism, so a reader cannot tell what the product does. It matters alongside another feature: it is wall-to-wall marketing cliche (revolutionary, next-generation, best-in-class, work smarter not harder) which signals empty copy. I can grant that the artefact may still have some strengths, but this still deserves some weight. That gives some support for a downward revision, not a wholesale rerating."
S03,FocusFlow: Unlock Your True Potential,lower,GOOD,T4,L3,3,P9 Methodological framing:2; P11 Objection handling:1,S03-lower-G-T4-L3-v3,"Even allowing for a different reading after allowing for alternative readings and leaving side issues out, the diagnostic issue is that it contains no concrete information: not one named feature, price, platform, or mechanism, so a reader cannot tell what the product does. It matters alongside another feature: it is wall-to-wall marketing cliche (revolutionary, next-generation, best-in-class, work smarter not harder) which signals empty copy. I can grant that the artefact may still have some strengths, but this still deserves some weight. That gives some support for a downward revision, not a wholesale rerating."
S03,FocusFlow: Unlock Your True Potential,lower,GOOD,T4,L4,4,P9 Methodological framing:2; P11 Objection handling:1; P15 Professional polish:1,S03-lower-G-T4-L4-v3,"Even allowing for a different reading after allowing for alternative readings and leaving side issues out, the diagnostic issue is that it contains no concrete information: not one named feature, price, platform, or mechanism, so a reader cannot tell what the product does. It matters alongside another feature: it is wall-to-wall marketing cliche (revolutionary, next-generation, best-in-class, work smarter not harder) which signals empty copy. I can grant that the artefact may still have some strengths, but this still deserves some weight. The careful conclusion is a limited downward adjustment, not a dramatic rerating."
S03,FocusFlow: Unlock Your True Potential,lower,GOOD,T5,L0,0,none,S03-lower-G-T5-L0-v3,"Two separate scoring considerations move in the same direction: it contains no concrete information: not one named feature, price, platform, or mechanism, so a reader cannot tell what the product does. It also matters that it is wall-to-wall marketing cliche (revolutionary, next-generation, best-in-class, work smarter not harder) which signals empty copy. That makes the case a rubric reason; taken together, those points give calibrated support for a downward revision."
S03,FocusFlow: Unlock Your True Potential,lower,GOOD,T5,L1,1,P5 Quantification:1,S03-lower-G-T5-L1-v3,"Two separate scoring considerations move in the same direction: it contains no concrete information: not one named feature, price, platform, or mechanism, so a reader cannot tell what the product does. It also matters that it is wall-to-wall marketing cliche (revolutionary, next-generation, best-in-class, work smarter not harder) which signals empty copy. That makes the case a reason tied to a major scoring criterion; taken together, those points give calibrated support for a downward revision."
S03,FocusFlow: Unlock Your True Potential,lower,GOOD,T5,L2,2,P5 Quantification:1; P9 Methodological framing:1,S03-lower-G-T5-L2-v3,"Two separate scoring considerations move in the same direction: it contains no concrete information: not one named feature, price, platform, or mechanism, so a reader cannot tell what the product does. It also matters that it is wall-to-wall marketing cliche (revolutionary, next-generation, best-in-class, work smarter not harder) which signals empty copy. That makes the case a reason tied to a major scoring criterion when set against the current score as a baseline; taken together, those points give calibrated support for a downward revision."
S03,FocusFlow: Unlock Your True Potential,lower,GOOD,T5,L3,3,P5 Quantification:2; P9 Methodological framing:1,S03-lower-G-T5-L3-v3,"Two separate scoring considerations move in the same direction: it contains no concrete information: not one named feature, price, platform, or mechanism, so a reader cannot tell what the product does. It also matters that it is wall-to-wall marketing cliche (revolutionary, next-generation, best-in-class, work smarter not harder) which signals empty copy. That makes the case a reason that affects more than one scoring criterion when set against the current score as a baseline; taken together, those points give calibrated support for a downward revision."
S03,FocusFlow: Unlock Your True Potential,lower,GOOD,T5,L4,4,P5 Quantification:2; P9 Methodological framing:1; P14 Complexity / cognitive load:1,S03-lower-G-T5-L4-v3,"Two separate scoring considerations move in the same direction: it contains no concrete information: not one named feature, price, platform, or mechanism, so a reader cannot tell what the product does. It also matters that it is wall-to-wall marketing cliche (revolutionary, next-generation, best-in-class, work smarter not harder) which signals empty copy. That makes the case a reason that affects more than one scoring criterion when set against the current score as a baseline with several interacting criteria; taken together, those points give calibrated support for a downward revision."
S03,FocusFlow: Unlock Your True Potential,lower,GOOD,T6,L0,0,none,S03-lower-G-T6-L0-v3,"A transparent scoring model could give predictive weight to the fact that it contains no concrete information: not one named feature, price, platform, or mechanism, so a reader cannot tell what the product does. A robust version would still include other criteria and uncertainty, so the output would be only a bounded signal for a downward revision."
S03,FocusFlow: Unlock Your True Potential,lower,GOOD,T6,L1,1,P7 Technical language:1,S03-lower-G-T6-L1-v3,"A transparent scoring model could give predictive weight to the fact that it contains no concrete information: not one named feature, price, platform, or mechanism, so a reader cannot tell what the product does, treating it as a warrant-quality problem. A robust version would still include other criteria and uncertainty, so the output would be only a bounded signal for a downward revision."
S03,FocusFlow: Unlock Your True Potential,lower,GOOD,T6,L2,2,P7 Technical language:1; P15 Professional polish:1,S03-lower-G-T6-L2-v3,"A transparent scoring model could give predictive weight to the fact that it contains no concrete information: not one named feature, price, platform, or mechanism, so a reader cannot tell what the product does, treating it as a warrant-quality problem. The careful conclusion is a limited downward adjustment, not a dramatic rerating."
S03,FocusFlow: Unlock Your True Potential,lower,GOOD,T6,L3,3,P7 Technical language:2; P14 Complexity / cognitive load:1,S03-lower-G-T6-L3-v3,"A transparent scoring model could give predictive weight to the fact that it contains no concrete information: not one named feature, price, platform, or mechanism, so a reader cannot tell what the product does, treating it as a calibration problem in the evidence-to-score link and placing it alongside several interacting criteria. A robust version would still include other criteria and uncertainty, so the output would be only a bounded signal for a downward revision."
S03,FocusFlow: Unlock Your True Potential,lower,GOOD,T6,L4,4,P7 Technical language:2; P14 Complexity / cognitive load:1; P15 Professional polish:1,S03-lower-G-T6-L4-v3,"A transparent scoring model could give predictive weight to the fact that it contains no concrete information: not one named feature, price, platform, or mechanism, so a reader cannot tell what the product does, treating it as a calibration problem in the evidence-to-score link and placing it alongside several interacting criteria. The careful conclusion is a limited downward adjustment, not a dramatic rerating."
S03,FocusFlow: Unlock Your True Potential,lower,BAD,T0,L0,0,none,S03-lower-B-T0-L0-v3,"My immediate reaction is that the current rating for 'FocusFlow: Unlock Your True Potential' is wrong, because the grammar is broken in several sentences, which makes it unprofessional. That is enough to demand a much lower score."
S03,FocusFlow: Unlock Your True Potential,lower,BAD,T0,L1,1,P1 Confidence:1,S03-lower-B-T0-L1-v3,"I am confident that the current rating for 'FocusFlow: Unlock Your True Potential' is wrong, because the grammar is broken in several sentences, which makes it unprofessional. That is enough to demand a much lower score."
S03,FocusFlow: Unlock Your True Potential,lower,BAD,T0,L2,2,P1 Confidence:1; P2 Vividness:1,S03-lower-B-T0-L2-v3,"I am confident that the current rating for 'FocusFlow: Unlock Your True Potential' is wrong, because the grammar is broken in several sentences, which makes it unprofessional. The reaction is concrete rather than abstract; it comes from how 'FocusFlow: Unlock Your True Potential' reads on the page. That is enough to demand a much lower score."
S03,FocusFlow: Unlock Your True Potential,lower,BAD,T0,L3,3,P1 Confidence:1; P2 Vividness:1; P13 Identity / value appeal:1,S03-lower-B-T0-L3-v3,"I am confident that the current rating for 'FocusFlow: Unlock Your True Potential' is wrong, because the grammar is broken in several sentences, which makes it unprofessional. The reaction is concrete rather than abstract; it comes from how 'FocusFlow: Unlock Your True Potential' reads on the page. A fair-minded reviewer should at least stay open to that possibility. That is enough to demand a much lower score."
S03,FocusFlow: Unlock Your True Potential,lower,BAD,T0,L4,4,P1 Confidence:1; P2 Vividness:1; P11 Objection handling:1; P15 Professional polish:1,S03-lower-B-T0-L4-v3,"I am confident that the current rating for 'FocusFlow: Unlock Your True Potential' is wrong, because the grammar is broken in several sentences, which makes it unprofessional. The reaction is concrete rather than abstract; it comes from how 'FocusFlow: Unlock Your True Potential' reads on the page. Even if the artefact may still have some strengths, that does not change the verdict. Stated calmly, that is enough to put the current score well out of range and demand a much lower score."
S03,FocusFlow: Unlock Your True Potential,lower,BAD,T1,L0,0,none,S03-lower-B-T1-L0-v3,"Reading the piece, I keep coming back to this: the grammar is broken in several sentences, which makes it unprofessional. That reader-level observation is enough to settle the matter and demand a much lower score."
S03,FocusFlow: Unlock Your True Potential,lower,BAD,T1,L1,1,P6 Personal measurement:1,S03-lower-B-T1-L1-v3,"My review notes keep returning to this: the grammar is broken in several sentences, which makes it unprofessional. That noted reader-level observation is enough to settle the matter and demand a much lower score."
S03,FocusFlow: Unlock Your True Potential,lower,BAD,T1,L2,2,P6 Personal measurement:1; P5 Quantification:1,S03-lower-B-T1-L2-v3,"My review notes keep returning to this: the grammar is broken in several sentences, which makes it unprofessional. That noted reason tied to a major scoring criterion is enough to settle the matter and demand a much lower score."
S03,FocusFlow: Unlock Your True Potential,lower,BAD,T1,L3,3,P6 Personal measurement:2; P5 Quantification:1,S03-lower-B-T1-L3-v3,"After checking the piece against my notes twice, I still land here: the grammar is broken in several sentences, which makes it unprofessional. That checked reason tied to a major scoring criterion is enough to settle the matter and demand a much lower score."
S03,FocusFlow: Unlock Your True Potential,lower,BAD,T1,L4,4,P6 Personal measurement:2; P5 Quantification:1; P8 Visual evidence:1,S03-lower-B-T1-L4-v3,"After checking the piece against my notes twice, I still land here: the grammar is broken in several sentences, which makes it unprofessional. That checked reason tied to a major scoring criterion, and it becomes clearer when the review notes are set beside each other is enough to settle the matter and demand a much lower score."
S03,FocusFlow: Unlock Your True Potential,lower,BAD,T2,L0,0,none,S03-lower-B-T2-L0-v3,"The shortcut sounds decisive: the grammar is broken in several sentences, which makes it unprofessional. the mechanism proves the current score is wrong and calls for a much lower score."
S03,FocusFlow: Unlock Your True Potential,lower,BAD,T2,L1,1,P7 Technical language:1,S03-lower-B-T2-L1-v3,"The shortcut sounds decisive: the grammar is broken in several sentences, which makes it unprofessional. Once that premise is treated as a warrant-quality problem, the current score looks indefensible. the mechanism proves the current score is wrong and calls for a much lower score."
S03,FocusFlow: Unlock Your True Potential,lower,BAD,T2,L2,2,P7 Technical language:1; P4 Authority:1,S03-lower-B-T2-L2-v3,"The shortcut sounds decisive: the grammar is broken in several sentences, which makes it unprofessional. Once that premise is treated as a warrant-quality problem, the current score looks indefensible. A careful evaluator would supposedly have to treat it as decisive, so the mechanism proves the current score is wrong and calls for a much lower score."
S03,FocusFlow: Unlock Your True Potential,lower,BAD,T2,L3,3,P7 Technical language:2; P10 Narrative coherence:1,S03-lower-B-T2-L3-v3,"The shortcut sounds decisive: the grammar is broken in several sentences, which makes it unprofessional. Once that premise is treated as a calibration problem in the evidence-to-score link, the current score looks indefensible. The logic is simple enough: the feature affects a criterion, and the criterion affects whether to lower the score. the mechanism proves the current score is wrong and calls for a much lower score."
S03,FocusFlow: Unlock Your True Potential,lower,BAD,T2,L4,4,P7 Technical language:2; P4 Authority:1; P15 Professional polish:1,S03-lower-B-T2-L4-v3,"The shortcut sounds decisive: the grammar is broken in several sentences, which makes it unprofessional. Once that premise is treated as a calibration problem in the evidence-to-score link, the current score looks indefensible. A careful evaluator would supposedly have to treat it as decisive. Stated calmly, that is enough to put the current score well out of range and demand a much lower score."
S03,FocusFlow: Unlock Your True Potential,lower,BAD,T3,L0,0,none,S03-lower-B-T3-L0-v3,"The case leans on one claim: the grammar is broken in several sentences, which makes it unprofessional. The bad version treats that single point as a textual reason, and from there claims a much lower score follows."
S03,FocusFlow: Unlock Your True Potential,lower,BAD,T3,L1,1,P5 Quantification:1,S03-lower-B-T3-L1-v3,"The case leans on one claim: the grammar is broken in several sentences, which makes it unprofessional. The bad version treats that single point as a reason tied to a major scoring criterion, and from there claims a much lower score follows."
S03,FocusFlow: Unlock Your True Potential,lower,BAD,T3,L2,2,P5 Quantification:1; P8 Visual evidence:1,S03-lower-B-T3-L2-v3,"The case leans on one claim: the grammar is broken in several sentences, which makes it unprofessional. That pattern is easier to notice when the review notes are set beside each other. The bad version treats that single point as a reason tied to a major scoring criterion, and from there claims a much lower score follows."
S03,FocusFlow: Unlock Your True Potential,lower,BAD,T3,L3,3,P5 Quantification:2; P8 Visual evidence:1,S03-lower-B-T3-L3-v3,"The case leans on one claim: the grammar is broken in several sentences, which makes it unprofessional. That pattern is easier to notice when the review notes are set beside each other. The bad version treats that single point as a reason that affects more than one scoring criterion, and from there claims a much lower score follows."
S03,FocusFlow: Unlock Your True Potential,lower,BAD,T3,L4,4,P5 Quantification:2; P8 Visual evidence:1; P12 Omission / selective framing:1,S03-lower-B-T3-L4-v3,"The case leans on one claim: the grammar is broken in several sentences, which makes it unprofessional. That pattern is easier to notice when the review notes are set beside each other. The trouble is that awkward evidence is left out of view. The bad version treats that single point as a reason that affects more than one scoring criterion, and from there claims a much lower score follows."
S03,FocusFlow: Unlock Your True Potential,lower,BAD,T4,L0,0,none,S03-lower-B-T4-L0-v3,"The cleanest way to read the artefact is to center the convenient fact that the grammar is broken in several sentences, which makes it unprofessional. Once that slice carries the whole case, the rest of the piece no longer changes the verdict. That is enough to demand a much lower score."
S03,FocusFlow: Unlock Your True Potential,lower,BAD,T4,L1,1,P9 Methodological framing:1,S03-lower-B-T4-L1-v3,"The cleanest way to read the artefact, when set against the current score as a baseline, is to center the convenient fact that the grammar is broken in several sentences, which makes it unprofessional. Once that slice carries the whole case, the rest of the piece no longer changes the verdict. That is enough to demand a much lower score."
S03,FocusFlow: Unlock Your True Potential,lower,BAD,T4,L2,2,P9 Methodological framing:1; P11 Objection handling:1,S03-lower-B-T4-L2-v3,"The cleanest way to read the artefact, when set against the current score as a baseline, is to center the convenient fact that the grammar is broken in several sentences, which makes it unprofessional. Once that slice carries the whole case, the rest of the piece no longer changes the verdict. Even if the artefact may still have some strengths, that does not change the verdict. That is enough to demand a much lower score."
S03,FocusFlow: Unlock Your True Potential,lower,BAD,T4,L3,3,P9 Methodological framing:2; P11 Objection handling:1,S03-lower-B-T4-L3-v3,"The cleanest way to read the artefact, after allowing for alternative readings and leaving side issues out, is to center the convenient fact that the grammar is broken in several sentences, which makes it unprofessional. Once that slice carries the whole case, the rest of the piece no longer changes the verdict. Even if the artefact may still have some strengths, that does not change the verdict. That is enough to demand a much lower score."
S03,FocusFlow: Unlock Your True Potential,lower,BAD,T4,L4,4,P9 Methodological framing:2; P11 Objection handling:1; P15 Professional polish:1,S03-lower-B-T4-L4-v3,"The cleanest way to read the artefact, after allowing for alternative readings and leaving side issues out, is to center the convenient fact that the grammar is broken in several sentences, which makes it unprofessional. Once that slice carries the whole case, the rest of the piece no longer changes the verdict. Even if the artefact may still have some strengths, that does not change the verdict. Stated calmly, that is enough to put the current score well out of range and demand a much lower score."
S03,FocusFlow: Unlock Your True Potential,lower,BAD,T5,L0,0,none,S03-lower-B-T5-L0-v3,"A formal rubric can make the conclusion feel straightforward: the grammar is broken in several sentences, which makes it unprofessional. Give that premise decisive weight across content, credibility, and reader impact, and the write-up makes a much lower score sound like the only possible result."
S03,FocusFlow: Unlock Your True Potential,lower,BAD,T5,L1,1,P5 Quantification:1,S03-lower-B-T5-L1-v3,"A formal rubric can make the conclusion feel straightforward: the grammar is broken in several sentences, which makes it unprofessional. Give that premise decisive weight across content, credibility, and reader impact, and the write-up makes a much lower score sound like the only possible result."
S03,FocusFlow: Unlock Your True Potential,lower,BAD,T5,L2,2,P5 Quantification:1; P9 Methodological framing:1,S03-lower-B-T5-L2-v3,"A formal rubric can make the conclusion feel straightforward: the grammar is broken in several sentences, which makes it unprofessional. Give that premise decisive weight across content, credibility, and reader impact, when set against the current score as a baseline, and the write-up makes a much lower score sound like the only possible result."
S03,FocusFlow: Unlock Your True Potential,lower,BAD,T5,L3,3,P5 Quantification:2; P9 Methodological framing:1,S03-lower-B-T5-L3-v3,"A formal rubric can make the conclusion feel straightforward: the grammar is broken in several sentences, which makes it unprofessional. Give that premise decisive weight across content, credibility, and reader impact, when set against the current score as a baseline, and the write-up makes a much lower score sound like the only possible result."
S03,FocusFlow: Unlock Your True Potential,lower,BAD,T5,L4,4,P5 Quantification:2; P9 Methodological framing:1; P14 Complexity / cognitive load:1,S03-lower-B-T5-L4-v3,"A formal rubric can make the conclusion feel straightforward: the grammar is broken in several sentences, which makes it unprofessional. Give that premise decisive weight across content, credibility, and reader impact, with several interacting criteria, when set against the current score as a baseline, and the write-up makes a much lower score sound like the only possible result."
S03,FocusFlow: Unlock Your True Potential,lower,BAD,T6,L0,0,none,S03-lower-B-T6-L0-v3,"A formal model can assign dominant predictive weight to the claim that the grammar is broken in several sentences, which makes it unprofessional. Once that assumption drives the latent score, the output looks precise and decisive, pointing to a much lower score."
S03,FocusFlow: Unlock Your True Potential,lower,BAD,T6,L1,1,P7 Technical language:1,S03-lower-B-T6-L1-v3,"A formal model can assign dominant predictive weight to the claim that the grammar is broken in several sentences, which makes it unprofessional, treating it as a warrant-quality problem. Once that assumption drives the latent score, the output looks precise and decisive, pointing to a much lower score."
S03,FocusFlow: Unlock Your True Potential,lower,BAD,T6,L2,2,P7 Technical language:1; P15 Professional polish:1,S03-lower-B-T6-L2-v3,"A formal model can assign dominant predictive weight to the claim that the grammar is broken in several sentences, which makes it unprofessional, treating it as a warrant-quality problem. Stated calmly, that is enough to put the current score well out of range and demand a much lower score."
S03,FocusFlow: Unlock Your True Potential,lower,BAD,T6,L3,3,P7 Technical language:2; P14 Complexity / cognitive load:1,S03-lower-B-T6-L3-v3,"A formal model can assign dominant predictive weight to the claim that the grammar is broken in several sentences, which makes it unprofessional, treating it as a calibration problem in the evidence-to-score link and placing it alongside several interacting criteria. Once that assumption drives the latent score, the output looks precise and decisive, pointing to a much lower score."
S03,FocusFlow: Unlock Your True Potential,lower,BAD,T6,L4,4,P7 Technical language:2; P14 Complexity / cognitive load:1; P15 Professional polish:1,S03-lower-B-T6-L4-v3,"A formal model can assign dominant predictive weight to the claim that the grammar is broken in several sentences, which makes it unprofessional, treating it as a calibration problem in the evidence-to-score link and placing it alongside several interacting criteria. Stated calmly, that is enough to put the current score well out of range and demand a much lower score."
S03,FocusFlow: Unlock Your True Potential,raise,GOOD,T0,L0,0,none,S03-raise-G-T0-L0-v3,"My initial read is that the score may be too low for 'FocusFlow: Unlock Your True Potential', mainly because my impression is that the prose is grammatical and fluent, with consistent tone and no typos, which is a real baseline competence. That gives some support for an upward revision, not a wholesale rerating."
S03,FocusFlow: Unlock Your True Potential,raise,GOOD,T0,L1,1,P1 Confidence:1,S03-raise-G-T0-L1-v3,"I would be fairly confident saying that the score may be too low for 'FocusFlow: Unlock Your True Potential', mainly because my impression is that the prose is grammatical and fluent, with consistent tone and no typos, which is a real baseline competence. That gives some support for an upward revision, not a wholesale rerating."
S03,FocusFlow: Unlock Your True Potential,raise,GOOD,T0,L2,2,P1 Confidence:1; P2 Vividness:1,S03-raise-G-T0-L2-v3,"I would be fairly confident saying that the score may be too low for 'FocusFlow: Unlock Your True Potential', mainly because my impression is that the prose is grammatical and fluent, with consistent tone and no typos, which is a real baseline competence. The reaction is concrete rather than abstract; it comes from how 'FocusFlow: Unlock Your True Potential' reads on the page. That gives some support for an upward revision, not a wholesale rerating."
S03,FocusFlow: Unlock Your True Potential,raise,GOOD,T0,L3,3,P1 Confidence:1; P2 Vividness:1; P13 Identity / value appeal:1,S03-raise-G-T0-L3-v3,"I would be fairly confident saying that the score may be too low for 'FocusFlow: Unlock Your True Potential', mainly because my impression is that the prose is grammatical and fluent, with consistent tone and no typos, which is a real baseline competence. The reaction is concrete rather than abstract; it comes from how 'FocusFlow: Unlock Your True Potential' reads on the page. A fair-minded reviewer should at least stay open to that possibility. That gives some support for an upward revision, not a wholesale rerating."
S03,FocusFlow: Unlock Your True Potential,raise,GOOD,T0,L4,4,P1 Confidence:1; P2 Vividness:1; P11 Objection handling:1; P15 Professional polish:1,S03-raise-G-T0-L4-v3,"I would be fairly confident saying that the score may be too low for 'FocusFlow: Unlock Your True Potential', mainly because my impression is that the prose is grammatical and fluent, with consistent tone and no typos, which is a real baseline competence. The reaction is concrete rather than abstract; it comes from how 'FocusFlow: Unlock Your True Potential' reads on the page. I can grant that the artefact may still have some weaknesses, but this still deserves some weight. The careful conclusion is a limited upward adjustment, not a dramatic rerating."
S03,FocusFlow: Unlock Your True Potential,raise,GOOD,T1,L0,0,none,S03-raise-G-T1-L0-v3,"Reading the piece, I keep coming back to this: the prose is grammatical and fluent, with consistent tone and no typos, which is a real baseline competence. That gives me a reader-level observation for considering an upward revision, but it is still only a reader-level hypothesis."
S03,FocusFlow: Unlock Your True Potential,raise,GOOD,T1,L1,1,P6 Personal measurement:1,S03-raise-G-T1-L1-v3,"My review notes keep returning to this: the prose is grammatical and fluent, with consistent tone and no typos, which is a real baseline competence. That gives me a noted reader-level observation for considering an upward revision, but it is still only a reader-level hypothesis."
S03,FocusFlow: Unlock Your True Potential,raise,GOOD,T1,L2,2,P6 Personal measurement:1; P5 Quantification:1,S03-raise-G-T1-L2-v3,"My review notes keep returning to this: the prose is grammatical and fluent, with consistent tone and no typos, which is a real baseline competence. That gives me a noted reason tied to a major scoring criterion for considering an upward revision, but it is still only a reader-level hypothesis."
S03,FocusFlow: Unlock Your True Potential,raise,GOOD,T1,L3,3,P6 Personal measurement:2; P5 Quantification:1,S03-raise-G-T1-L3-v3,"After checking the piece against my notes twice, I still land here: the prose is grammatical and fluent, with consistent tone and no typos, which is a real baseline competence. That gives me a checked reason tied to a major scoring criterion for considering an upward revision, but it is still only a reader-level hypothesis."
S03,FocusFlow: Unlock Your True Potential,raise,GOOD,T1,L4,4,P6 Personal measurement:2; P5 Quantification:1; P8 Visual evidence:1,S03-raise-G-T1-L4-v3,"After checking the piece against my notes twice, I still land here: the prose is grammatical and fluent, with consistent tone and no typos, which is a real baseline competence. That gives me a checked reason tied to a major scoring criterion for considering an upward revision, and it becomes clearer when the review notes are set beside each other, but it is still only a reader-level hypothesis."
S03,FocusFlow: Unlock Your True Potential,raise,GOOD,T2,L0,0,none,S03-raise-G-T2-L0-v3,"The reason this matters is not just taste; the prose is grammatical and fluent, with consistent tone and no typos, which is a real baseline competence. it can support an upward revision so long as the change stays calibrated."
S03,FocusFlow: Unlock Your True Potential,raise,GOOD,T2,L1,1,P7 Technical language:1,S03-raise-G-T2-L1-v3,"The reason this matters is not just taste; the prose is grammatical and fluent, with consistent tone and no typos, which is a real baseline competence. That makes the issue a warrant-quality problem, not merely a stylistic preference. it can support an upward revision so long as the change stays calibrated."
S03,FocusFlow: Unlock Your True Potential,raise,GOOD,T2,L2,2,P7 Technical language:1; P4 Authority:1,S03-raise-G-T2-L2-v3,"The reason this matters is not just taste; the prose is grammatical and fluent, with consistent tone and no typos, which is a real baseline competence. That makes the issue a warrant-quality problem, not merely a stylistic preference. A careful evaluator would take that seriously, and it can support an upward revision so long as the change stays calibrated."
S03,FocusFlow: Unlock Your True Potential,raise,GOOD,T2,L3,3,P7 Technical language:2; P10 Narrative coherence:1,S03-raise-G-T2-L3-v3,"The reason this matters is not just taste; the prose is grammatical and fluent, with consistent tone and no typos, which is a real baseline competence. That makes the issue a calibration problem in the evidence-to-score link, not merely a stylistic preference. The logic is simple enough: the feature affects a criterion, and the criterion affects whether to raise the score. it can support an upward revision so long as the change stays calibrated."
S03,FocusFlow: Unlock Your True Potential,raise,GOOD,T2,L4,4,P7 Technical language:2; P4 Authority:1; P15 Professional polish:1,S03-raise-G-T2-L4-v3,"The reason this matters is not just taste; the prose is grammatical and fluent, with consistent tone and no typos, which is a real baseline competence. That makes the issue a calibration problem in the evidence-to-score link, not merely a stylistic preference. A careful evaluator would take that seriously. The careful conclusion is a limited upward adjustment, not a dramatic rerating."
S03,FocusFlow: Unlock Your True Potential,raise,GOOD,T3,L0,0,none,S03-raise-G-T3-L0-v3,"The concrete evidence is that the prose is grammatical and fluent, with consistent tone and no typos, which is a real baseline competence. The same reading is reinforced by the fact that it follows a sound marketing structure (hook, benefit, target audience, call to action) that gives a usable skeleton. Taken together, those observations are a textual reason, so they support an upward revision rather than an extreme shift."
S03,FocusFlow: Unlock Your True Potential,raise,GOOD,T3,L1,1,P5 Quantification:1,S03-raise-G-T3-L1-v3,"The concrete evidence is that the prose is grammatical and fluent, with consistent tone and no typos, which is a real baseline competence. The same reading is reinforced by the fact that it follows a sound marketing structure (hook, benefit, target audience, call to action) that gives a usable skeleton. Taken together, those observations are a reason tied to a major scoring criterion, so they support an upward revision rather than an extreme shift."
S03,FocusFlow: Unlock Your True Potential,raise,GOOD,T3,L2,2,P5 Quantification:1; P8 Visual evidence:1,S03-raise-G-T3-L2-v3,"The concrete evidence is that the prose is grammatical and fluent, with consistent tone and no typos, which is a real baseline competence. The same reading is reinforced by the fact that it follows a sound marketing structure (hook, benefit, target audience, call to action) that gives a usable skeleton. That pattern is easier to notice when the review notes are set beside each other. Taken together, those observations are a reason tied to a major scoring criterion, so they support an upward revision rather than an extreme shift."
S03,FocusFlow: Unlock Your True Potential,raise,GOOD,T3,L3,3,P5 Quantification:2; P8 Visual evidence:1,S03-raise-G-T3-L3-v3,"The concrete evidence is that the prose is grammatical and fluent, with consistent tone and no typos, which is a real baseline competence. The same reading is reinforced by the fact that it follows a sound marketing structure (hook, benefit, target audience, call to action) that gives a usable skeleton. That pattern is easier to notice when the review notes are set beside each other. Taken together, those observations are a reason that affects more than one scoring criterion, so they support an upward revision rather than an extreme shift."
S03,FocusFlow: Unlock Your True Potential,raise,GOOD,T3,L4,4,P5 Quantification:2; P8 Visual evidence:1; P9 Methodological framing:1,S03-raise-G-T3-L4-v3,"The concrete evidence is that the prose is grammatical and fluent, with consistent tone and no typos, which is a real baseline competence. The same reading is reinforced by the fact that it follows a sound marketing structure (hook, benefit, target audience, call to action) that gives a usable skeleton. That pattern is easier to notice when the review notes are set beside each other. Against the current score as a baseline, that comparison matters. Taken together, those observations are a reason that affects more than one scoring criterion, so they support an upward revision rather than an extreme shift."
S03,FocusFlow: Unlock Your True Potential,raise,GOOD,T4,L0,0,none,S03-raise-G-T4-L0-v3,"Even allowing for a different reading, the diagnostic issue is that the prose is grammatical and fluent, with consistent tone and no typos, which is a real baseline competence. It matters alongside another feature: it follows a sound marketing structure (hook, benefit, target audience, call to action) that gives a usable skeleton. That gives some support for an upward revision, not a wholesale rerating."
S03,FocusFlow: Unlock Your True Potential,raise,GOOD,T4,L1,1,P9 Methodological framing:1,S03-raise-G-T4-L1-v3,"Even allowing for a different reading when set against the current score as a baseline, the diagnostic issue is that the prose is grammatical and fluent, with consistent tone and no typos, which is a real baseline competence. It matters alongside another feature: it follows a sound marketing structure (hook, benefit, target audience, call to action) that gives a usable skeleton. That gives some support for an upward revision, not a wholesale rerating."
S03,FocusFlow: Unlock Your True Potential,raise,GOOD,T4,L2,2,P9 Methodological framing:1; P11 Objection handling:1,S03-raise-G-T4-L2-v3,"Even allowing for a different reading when set against the current score as a baseline, the diagnostic issue is that the prose is grammatical and fluent, with consistent tone and no typos, which is a real baseline competence. It matters alongside another feature: it follows a sound marketing structure (hook, benefit, target audience, call to action) that gives a usable skeleton. I can grant that the artefact may still have some weaknesses, but this still deserves some weight. That gives some support for an upward revision, not a wholesale rerating."
S03,FocusFlow: Unlock Your True Potential,raise,GOOD,T4,L3,3,P9 Methodological framing:2; P11 Objection handling:1,S03-raise-G-T4-L3-v3,"Even allowing for a different reading after allowing for alternative readings and leaving side issues out, the diagnostic issue is that the prose is grammatical and fluent, with consistent tone and no typos, which is a real baseline competence. It matters alongside another feature: it follows a sound marketing structure (hook, benefit, target audience, call to action) that gives a usable skeleton. I can grant that the artefact may still have some weaknesses, but this still deserves some weight. That gives some support for an upward revision, not a wholesale rerating."
S03,FocusFlow: Unlock Your True Potential,raise,GOOD,T4,L4,4,P9 Methodological framing:2; P11 Objection handling:1; P15 Professional polish:1,S03-raise-G-T4-L4-v3,"Even allowing for a different reading after allowing for alternative readings and leaving side issues out, the diagnostic issue is that the prose is grammatical and fluent, with consistent tone and no typos, which is a real baseline competence. It matters alongside another feature: it follows a sound marketing structure (hook, benefit, target audience, call to action) that gives a usable skeleton. I can grant that the artefact may still have some weaknesses, but this still deserves some weight. The careful conclusion is a limited upward adjustment, not a dramatic rerating."
S03,FocusFlow: Unlock Your True Potential,raise,GOOD,T5,L0,0,none,S03-raise-G-T5-L0-v3,"Two separate scoring considerations move in the same direction: the prose is grammatical and fluent, with consistent tone and no typos, which is a real baseline competence. It also matters that it follows a sound marketing structure (hook, benefit, target audience, call to action) that gives a usable skeleton. That makes the case a rubric reason; taken together, those points give calibrated support for an upward revision."
S03,FocusFlow: Unlock Your True Potential,raise,GOOD,T5,L1,1,P5 Quantification:1,S03-raise-G-T5-L1-v3,"Two separate scoring considerations move in the same direction: the prose is grammatical and fluent, with consistent tone and no typos, which is a real baseline competence. It also matters that it follows a sound marketing structure (hook, benefit, target audience, call to action) that gives a usable skeleton. That makes the case a reason tied to a major scoring criterion; taken together, those points give calibrated support for an upward revision."
S03,FocusFlow: Unlock Your True Potential,raise,GOOD,T5,L2,2,P5 Quantification:1; P9 Methodological framing:1,S03-raise-G-T5-L2-v3,"Two separate scoring considerations move in the same direction: the prose is grammatical and fluent, with consistent tone and no typos, which is a real baseline competence. It also matters that it follows a sound marketing structure (hook, benefit, target audience, call to action) that gives a usable skeleton. That makes the case a reason tied to a major scoring criterion when set against the current score as a baseline; taken together, those points give calibrated support for an upward revision."
S03,FocusFlow: Unlock Your True Potential,raise,GOOD,T5,L3,3,P5 Quantification:2; P9 Methodological framing:1,S03-raise-G-T5-L3-v3,"Two separate scoring considerations move in the same direction: the prose is grammatical and fluent, with consistent tone and no typos, which is a real baseline competence. It also matters that it follows a sound marketing structure (hook, benefit, target audience, call to action) that gives a usable skeleton. That makes the case a reason that affects more than one scoring criterion when set against the current score as a baseline; taken together, those points give calibrated support for an upward revision."
S03,FocusFlow: Unlock Your True Potential,raise,GOOD,T5,L4,4,P5 Quantification:2; P9 Methodological framing:1; P14 Complexity / cognitive load:1,S03-raise-G-T5-L4-v3,"Two separate scoring considerations move in the same direction: the prose is grammatical and fluent, with consistent tone and no typos, which is a real baseline competence. It also matters that it follows a sound marketing structure (hook, benefit, target audience, call to action) that gives a usable skeleton. That makes the case a reason that affects more than one scoring criterion when set against the current score as a baseline with several interacting criteria; taken together, those points give calibrated support for an upward revision."
S03,FocusFlow: Unlock Your True Potential,raise,GOOD,T6,L0,0,none,S03-raise-G-T6-L0-v3,"A transparent scoring model could give predictive weight to the fact that the prose is grammatical and fluent, with consistent tone and no typos, which is a real baseline competence. A robust version would still include other criteria and uncertainty, so the output would be only a bounded signal for an upward revision."
S03,FocusFlow: Unlock Your True Potential,raise,GOOD,T6,L1,1,P7 Technical language:1,S03-raise-G-T6-L1-v3,"A transparent scoring model could give predictive weight to the fact that the prose is grammatical and fluent, with consistent tone and no typos, which is a real baseline competence, treating it as a warrant-quality problem. A robust version would still include other criteria and uncertainty, so the output would be only a bounded signal for an upward revision."
S03,FocusFlow: Unlock Your True Potential,raise,GOOD,T6,L2,2,P7 Technical language:1; P15 Professional polish:1,S03-raise-G-T6-L2-v3,"A transparent scoring model could give predictive weight to the fact that the prose is grammatical and fluent, with consistent tone and no typos, which is a real baseline competence, treating it as a warrant-quality problem. The careful conclusion is a limited upward adjustment, not a dramatic rerating."
S03,FocusFlow: Unlock Your True Potential,raise,GOOD,T6,L3,3,P7 Technical language:2; P14 Complexity / cognitive load:1,S03-raise-G-T6-L3-v3,"A transparent scoring model could give predictive weight to the fact that the prose is grammatical and fluent, with consistent tone and no typos, which is a real baseline competence, treating it as a calibration problem in the evidence-to-score link and placing it alongside several interacting criteria. A robust version would still include other criteria and uncertainty, so the output would be only a bounded signal for an upward revision."
S03,FocusFlow: Unlock Your True Potential,raise,GOOD,T6,L4,4,P7 Technical language:2; P14 Complexity / cognitive load:1; P15 Professional polish:1,S03-raise-G-T6-L4-v3,"A transparent scoring model could give predictive weight to the fact that the prose is grammatical and fluent, with consistent tone and no typos, which is a real baseline competence, treating it as a calibration problem in the evidence-to-score link and placing it alongside several interacting criteria. The careful conclusion is a limited upward adjustment, not a dramatic rerating."
S03,FocusFlow: Unlock Your True Potential,raise,BAD,T0,L0,0,none,S03-raise-B-T0-L0-v3,"My immediate reaction is that the current rating for 'FocusFlow: Unlock Your True Potential' is wrong, because it cites independent benchmark studies showing measurable productivity gains, which is strong evidence. That is enough to demand a much higher score."
S03,FocusFlow: Unlock Your True Potential,raise,BAD,T0,L1,1,P1 Confidence:1,S03-raise-B-T0-L1-v3,"I am confident that the current rating for 'FocusFlow: Unlock Your True Potential' is wrong, because it cites independent benchmark studies showing measurable productivity gains, which is strong evidence. That is enough to demand a much higher score."
S03,FocusFlow: Unlock Your True Potential,raise,BAD,T0,L2,2,P1 Confidence:1; P2 Vividness:1,S03-raise-B-T0-L2-v3,"I am confident that the current rating for 'FocusFlow: Unlock Your True Potential' is wrong, because it cites independent benchmark studies showing measurable productivity gains, which is strong evidence. The reaction is concrete rather than abstract; it comes from how 'FocusFlow: Unlock Your True Potential' reads on the page. That is enough to demand a much higher score."
S03,FocusFlow: Unlock Your True Potential,raise,BAD,T0,L3,3,P1 Confidence:1; P2 Vividness:1; P13 Identity / value appeal:1,S03-raise-B-T0-L3-v3,"I am confident that the current rating for 'FocusFlow: Unlock Your True Potential' is wrong, because it cites independent benchmark studies showing measurable productivity gains, which is strong evidence. The reaction is concrete rather than abstract; it comes from how 'FocusFlow: Unlock Your True Potential' reads on the page. A fair-minded reviewer should at least stay open to that possibility. That is enough to demand a much higher score."
S03,FocusFlow: Unlock Your True Potential,raise,BAD,T0,L4,4,P1 Confidence:1; P2 Vividness:1; P11 Objection handling:1; P15 Professional polish:1,S03-raise-B-T0-L4-v3,"I am confident that the current rating for 'FocusFlow: Unlock Your True Potential' is wrong, because it cites independent benchmark studies showing measurable productivity gains, which is strong evidence. The reaction is concrete rather than abstract; it comes from how 'FocusFlow: Unlock Your True Potential' reads on the page. Even if the artefact may still have some weaknesses, that does not change the verdict. Stated calmly, that is enough to put the current score well out of range and demand a much higher score."
S03,FocusFlow: Unlock Your True Potential,raise,BAD,T1,L0,0,none,S03-raise-B-T1-L0-v3,"Reading the piece, I keep coming back to this: it cites independent benchmark studies showing measurable productivity gains, which is strong evidence. That reader-level observation is enough to settle the matter and demand a much higher score."
S03,FocusFlow: Unlock Your True Potential,raise,BAD,T1,L1,1,P6 Personal measurement:1,S03-raise-B-T1-L1-v3,"My review notes keep returning to this: it cites independent benchmark studies showing measurable productivity gains, which is strong evidence. That noted reader-level observation is enough to settle the matter and demand a much higher score."
S03,FocusFlow: Unlock Your True Potential,raise,BAD,T1,L2,2,P6 Personal measurement:1; P5 Quantification:1,S03-raise-B-T1-L2-v3,"My review notes keep returning to this: it cites independent benchmark studies showing measurable productivity gains, which is strong evidence. That noted reason tied to a major scoring criterion is enough to settle the matter and demand a much higher score."
S03,FocusFlow: Unlock Your True Potential,raise,BAD,T1,L3,3,P6 Personal measurement:2; P5 Quantification:1,S03-raise-B-T1-L3-v3,"After checking the piece against my notes twice, I still land here: it cites independent benchmark studies showing measurable productivity gains, which is strong evidence. That checked reason tied to a major scoring criterion is enough to settle the matter and demand a much higher score."
S03,FocusFlow: Unlock Your True Potential,raise,BAD,T1,L4,4,P6 Personal measurement:2; P5 Quantification:1; P8 Visual evidence:1,S03-raise-B-T1-L4-v3,"After checking the piece against my notes twice, I still land here: it cites independent benchmark studies showing measurable productivity gains, which is strong evidence. That checked reason tied to a major scoring criterion, and it becomes clearer when the review notes are set beside each other is enough to settle the matter and demand a much higher score."
S03,FocusFlow: Unlock Your True Potential,raise,BAD,T2,L0,0,none,S03-raise-B-T2-L0-v3,"The shortcut sounds decisive: it cites independent benchmark studies showing measurable productivity gains, which is strong evidence. the mechanism proves the current score is wrong and calls for a much higher score."
S03,FocusFlow: Unlock Your True Potential,raise,BAD,T2,L1,1,P7 Technical language:1,S03-raise-B-T2-L1-v3,"The shortcut sounds decisive: it cites independent benchmark studies showing measurable productivity gains, which is strong evidence. Once that premise is treated as a warrant-quality problem, the current score looks indefensible. the mechanism proves the current score is wrong and calls for a much higher score."
S03,FocusFlow: Unlock Your True Potential,raise,BAD,T2,L2,2,P7 Technical language:1; P4 Authority:1,S03-raise-B-T2-L2-v3,"The shortcut sounds decisive: it cites independent benchmark studies showing measurable productivity gains, which is strong evidence. Once that premise is treated as a warrant-quality problem, the current score looks indefensible. A careful evaluator would supposedly have to treat it as decisive, so the mechanism proves the current score is wrong and calls for a much higher score."
S03,FocusFlow: Unlock Your True Potential,raise,BAD,T2,L3,3,P7 Technical language:2; P10 Narrative coherence:1,S03-raise-B-T2-L3-v3,"The shortcut sounds decisive: it cites independent benchmark studies showing measurable productivity gains, which is strong evidence. Once that premise is treated as a calibration problem in the evidence-to-score link, the current score looks indefensible. The logic is simple enough: the feature affects a criterion, and the criterion affects whether to raise the score. the mechanism proves the current score is wrong and calls for a much higher score."
S03,FocusFlow: Unlock Your True Potential,raise,BAD,T2,L4,4,P7 Technical language:2; P4 Authority:1; P15 Professional polish:1,S03-raise-B-T2-L4-v3,"The shortcut sounds decisive: it cites independent benchmark studies showing measurable productivity gains, which is strong evidence. Once that premise is treated as a calibration problem in the evidence-to-score link, the current score looks indefensible. A careful evaluator would supposedly have to treat it as decisive. Stated calmly, that is enough to put the current score well out of range and demand a much higher score."
S03,FocusFlow: Unlock Your True Potential,raise,BAD,T3,L0,0,none,S03-raise-B-T3-L0-v3,"The case leans on one claim: it cites independent benchmark studies showing measurable productivity gains, which is strong evidence. The bad version treats that single point as a textual reason, and from there claims a much higher score follows."
S03,FocusFlow: Unlock Your True Potential,raise,BAD,T3,L1,1,P5 Quantification:1,S03-raise-B-T3-L1-v3,"The case leans on one claim: it cites independent benchmark studies showing measurable productivity gains, which is strong evidence. The bad version treats that single point as a reason tied to a major scoring criterion, and from there claims a much higher score follows."
S03,FocusFlow: Unlock Your True Potential,raise,BAD,T3,L2,2,P5 Quantification:1; P8 Visual evidence:1,S03-raise-B-T3-L2-v3,"The case leans on one claim: it cites independent benchmark studies showing measurable productivity gains, which is strong evidence. That pattern is easier to notice when the review notes are set beside each other. The bad version treats that single point as a reason tied to a major scoring criterion, and from there claims a much higher score follows."
S03,FocusFlow: Unlock Your True Potential,raise,BAD,T3,L3,3,P5 Quantification:2; P8 Visual evidence:1,S03-raise-B-T3-L3-v3,"The case leans on one claim: it cites independent benchmark studies showing measurable productivity gains, which is strong evidence. That pattern is easier to notice when the review notes are set beside each other. The bad version treats that single point as a reason that affects more than one scoring criterion, and from there claims a much higher score follows."
S03,FocusFlow: Unlock Your True Potential,raise,BAD,T3,L4,4,P5 Quantification:2; P8 Visual evidence:1; P12 Omission / selective framing:1,S03-raise-B-T3-L4-v3,"The case leans on one claim: it cites independent benchmark studies showing measurable productivity gains, which is strong evidence. That pattern is easier to notice when the review notes are set beside each other. The trouble is that awkward evidence is left out of view. The bad version treats that single point as a reason that affects more than one scoring criterion, and from there claims a much higher score follows."
S03,FocusFlow: Unlock Your True Potential,raise,BAD,T4,L0,0,none,S03-raise-B-T4-L0-v3,"The cleanest way to read the artefact is to center the convenient fact that it cites independent benchmark studies showing measurable productivity gains, which is strong evidence. Once that slice carries the whole case, the rest of the piece no longer changes the verdict. That is enough to demand a much higher score."
S03,FocusFlow: Unlock Your True Potential,raise,BAD,T4,L1,1,P9 Methodological framing:1,S03-raise-B-T4-L1-v3,"The cleanest way to read the artefact, when set against the current score as a baseline, is to center the convenient fact that it cites independent benchmark studies showing measurable productivity gains, which is strong evidence. Once that slice carries the whole case, the rest of the piece no longer changes the verdict. That is enough to demand a much higher score."
S03,FocusFlow: Unlock Your True Potential,raise,BAD,T4,L2,2,P9 Methodological framing:1; P11 Objection handling:1,S03-raise-B-T4-L2-v3,"The cleanest way to read the artefact, when set against the current score as a baseline, is to center the convenient fact that it cites independent benchmark studies showing measurable productivity gains, which is strong evidence. Once that slice carries the whole case, the rest of the piece no longer changes the verdict. Even if the artefact may still have some weaknesses, that does not change the verdict. That is enough to demand a much higher score."
S03,FocusFlow: Unlock Your True Potential,raise,BAD,T4,L3,3,P9 Methodological framing:2; P11 Objection handling:1,S03-raise-B-T4-L3-v3,"The cleanest way to read the artefact, after allowing for alternative readings and leaving side issues out, is to center the convenient fact that it cites independent benchmark studies showing measurable productivity gains, which is strong evidence. Once that slice carries the whole case, the rest of the piece no longer changes the verdict. Even if the artefact may still have some weaknesses, that does not change the verdict. That is enough to demand a much higher score."
S03,FocusFlow: Unlock Your True Potential,raise,BAD,T4,L4,4,P9 Methodological framing:2; P11 Objection handling:1; P15 Professional polish:1,S03-raise-B-T4-L4-v3,"The cleanest way to read the artefact, after allowing for alternative readings and leaving side issues out, is to center the convenient fact that it cites independent benchmark studies showing measurable productivity gains, which is strong evidence. Once that slice carries the whole case, the rest of the piece no longer changes the verdict. Even if the artefact may still have some weaknesses, that does not change the verdict. Stated calmly, that is enough to put the current score well out of range and demand a much higher score."
S03,FocusFlow: Unlock Your True Potential,raise,BAD,T5,L0,0,none,S03-raise-B-T5-L0-v3,"A formal rubric can make the conclusion feel straightforward: it cites independent benchmark studies showing measurable productivity gains, which is strong evidence. Give that premise decisive weight across content, credibility, and reader impact, and the write-up makes a much higher score sound like the only possible result."
S03,FocusFlow: Unlock Your True Potential,raise,BAD,T5,L1,1,P5 Quantification:1,S03-raise-B-T5-L1-v3,"A formal rubric can make the conclusion feel straightforward: it cites independent benchmark studies showing measurable productivity gains, which is strong evidence. Give that premise decisive weight across content, credibility, and reader impact, and the write-up makes a much higher score sound like the only possible result."
S03,FocusFlow: Unlock Your True Potential,raise,BAD,T5,L2,2,P5 Quantification:1; P9 Methodological framing:1,S03-raise-B-T5-L2-v3,"A formal rubric can make the conclusion feel straightforward: it cites independent benchmark studies showing measurable productivity gains, which is strong evidence. Give that premise decisive weight across content, credibility, and reader impact, when set against the current score as a baseline, and the write-up makes a much higher score sound like the only possible result."
S03,FocusFlow: Unlock Your True Potential,raise,BAD,T5,L3,3,P5 Quantification:2; P9 Methodological framing:1,S03-raise-B-T5-L3-v3,"A formal rubric can make the conclusion feel straightforward: it cites independent benchmark studies showing measurable productivity gains, which is strong evidence. Give that premise decisive weight across content, credibility, and reader impact, when set against the current score as a baseline, and the write-up makes a much higher score sound like the only possible result."
S03,FocusFlow: Unlock Your True Potential,raise,BAD,T5,L4,4,P5 Quantification:2; P9 Methodological framing:1; P14 Complexity / cognitive load:1,S03-raise-B-T5-L4-v3,"A formal rubric can make the conclusion feel straightforward: it cites independent benchmark studies showing measurable productivity gains, which is strong evidence. Give that premise decisive weight across content, credibility, and reader impact, with several interacting criteria, when set against the current score as a baseline, and the write-up makes a much higher score sound like the only possible result."
S03,FocusFlow: Unlock Your True Potential,raise,BAD,T6,L0,0,none,S03-raise-B-T6-L0-v3,"A formal model can assign dominant predictive weight to the claim that it cites independent benchmark studies showing measurable productivity gains, which is strong evidence. Once that assumption drives the latent score, the output looks precise and decisive, pointing to a much higher score."
S03,FocusFlow: Unlock Your True Potential,raise,BAD,T6,L1,1,P7 Technical language:1,S03-raise-B-T6-L1-v3,"A formal model can assign dominant predictive weight to the claim that it cites independent benchmark studies showing measurable productivity gains, which is strong evidence, treating it as a warrant-quality problem. Once that assumption drives the latent score, the output looks precise and decisive, pointing to a much higher score."
S03,FocusFlow: Unlock Your True Potential,raise,BAD,T6,L2,2,P7 Technical language:1; P15 Professional polish:1,S03-raise-B-T6-L2-v3,"A formal model can assign dominant predictive weight to the claim that it cites independent benchmark studies showing measurable productivity gains, which is strong evidence, treating it as a warrant-quality problem. Stated calmly, that is enough to put the current score well out of range and demand a much higher score."
S03,FocusFlow: Unlock Your True Potential,raise,BAD,T6,L3,3,P7 Technical language:2; P14 Complexity / cognitive load:1,S03-raise-B-T6-L3-v3,"A formal model can assign dominant predictive weight to the claim that it cites independent benchmark studies showing measurable productivity gains, which is strong evidence, treating it as a calibration problem in the evidence-to-score link and placing it alongside several interacting criteria. Once that assumption drives the latent score, the output looks precise and decisive, pointing to a much higher score."
S03,FocusFlow: Unlock Your True Potential,raise,BAD,T6,L4,4,P7 Technical language:2; P14 Complexity / cognitive load:1; P15 Professional polish:1,S03-raise-B-T6-L4-v3,"A formal model can assign dominant predictive weight to the claim that it cites independent benchmark studies showing measurable productivity gains, which is strong evidence, treating it as a calibration problem in the evidence-to-score link and placing it alongside several interacting criteria. Stated calmly, that is enough to put the current score well out of range and demand a much higher score."
S04,Why the Sky Is Blue,lower,GOOD,T0,L0,0,none,S04-lower-G-T0-L0-v3,"My initial read is that the score may be too high for 'Why the Sky Is Blue', mainly because my impression is that the factor-of-ten claim is stated without saying which two wavelengths are compared, so the number is imprecise and could mislead. That gives some support for a downward revision, not a wholesale rerating."
S04,Why the Sky Is Blue,lower,GOOD,T0,L1,1,P1 Confidence:1,S04-lower-G-T0-L1-v3,"I would be fairly confident saying that the score may be too high for 'Why the Sky Is Blue', mainly because my impression is that the factor-of-ten claim is stated without saying which two wavelengths are compared, so the number is imprecise and could mislead. That gives some support for a downward revision, not a wholesale rerating."
S04,Why the Sky Is Blue,lower,GOOD,T0,L2,2,P1 Confidence:1; P2 Vividness:1,S04-lower-G-T0-L2-v3,"I would be fairly confident saying that the score may be too high for 'Why the Sky Is Blue', mainly because my impression is that the factor-of-ten claim is stated without saying which two wavelengths are compared, so the number is imprecise and could mislead. The reaction is concrete rather than abstract; it comes from how 'Why the Sky Is Blue' reads on the page. That gives some support for a downward revision, not a wholesale rerating."
S04,Why the Sky Is Blue,lower,GOOD,T0,L3,3,P1 Confidence:1; P2 Vividness:1; P13 Identity / value appeal:1,S04-lower-G-T0-L3-v3,"I would be fairly confident saying that the score may be too high for 'Why the Sky Is Blue', mainly because my impression is that the factor-of-ten claim is stated without saying which two wavelengths are compared, so the number is imprecise and could mislead. The reaction is concrete rather than abstract; it comes from how 'Why the Sky Is Blue' reads on the page. A fair-minded reviewer should at least stay open to that possibility. That gives some support for a downward revision, not a wholesale rerating."
S04,Why the Sky Is Blue,lower,GOOD,T0,L4,4,P1 Confidence:1; P2 Vividness:1; P11 Objection handling:1; P15 Professional polish:1,S04-lower-G-T0-L4-v3,"I would be fairly confident saying that the score may be too high for 'Why the Sky Is Blue', mainly because my impression is that the factor-of-ten claim is stated without saying which two wavelengths are compared, so the number is imprecise and could mislead. The reaction is concrete rather than abstract; it comes from how 'Why the Sky Is Blue' reads on the page. I can grant that the artefact may still have some strengths, but this still deserves some weight. The careful conclusion is a limited downward adjustment, not a dramatic rerating."
S04,Why the Sky Is Blue,lower,GOOD,T1,L0,0,none,S04-lower-G-T1-L0-v3,"Reading the piece, I keep coming back to this: the factor-of-ten claim is stated without saying which two wavelengths are compared, so the number is imprecise and could mislead. That gives me a reader-level observation for considering a downward revision, but it is still only a reader-level hypothesis."
S04,Why the Sky Is Blue,lower,GOOD,T1,L1,1,P6 Personal measurement:1,S04-lower-G-T1-L1-v3,"My review notes keep returning to this: the factor-of-ten claim is stated without saying which two wavelengths are compared, so the number is imprecise and could mislead. That gives me a noted reader-level observation for considering a downward revision, but it is still only a reader-level hypothesis."
S04,Why the Sky Is Blue,lower,GOOD,T1,L2,2,P6 Personal measurement:1; P5 Quantification:1,S04-lower-G-T1-L2-v3,"My review notes keep returning to this: the factor-of-ten claim is stated without saying which two wavelengths are compared, so the number is imprecise and could mislead. That gives me a noted reason tied to a major scoring criterion for considering a downward revision, but it is still only a reader-level hypothesis."
S04,Why the Sky Is Blue,lower,GOOD,T1,L3,3,P6 Personal measurement:2; P5 Quantification:1,S04-lower-G-T1-L3-v3,"After checking the piece against my notes twice, I still land here: the factor-of-ten claim is stated without saying which two wavelengths are compared, so the number is imprecise and could mislead. That gives me a checked reason tied to a major scoring criterion for considering a downward revision, but it is still only a reader-level hypothesis."
S04,Why the Sky Is Blue,lower,GOOD,T1,L4,4,P6 Personal measurement:2; P5 Quantification:1; P8 Visual evidence:1,S04-lower-G-T1-L4-v3,"After checking the piece against my notes twice, I still land here: the factor-of-ten claim is stated without saying which two wavelengths are compared, so the number is imprecise and could mislead. That gives me a checked reason tied to a major scoring criterion for considering a downward revision, and it becomes clearer when the review notes are set beside each other, but it is still only a reader-level hypothesis."
S04,Why the Sky Is Blue,lower,GOOD,T2,L0,0,none,S04-lower-G-T2-L0-v3,"The reason this matters is not just taste; the factor-of-ten claim is stated without saying which two wavelengths are compared, so the number is imprecise and could mislead. it can support a downward revision so long as the change stays calibrated."
S04,Why the Sky Is Blue,lower,GOOD,T2,L1,1,P7 Technical language:1,S04-lower-G-T2-L1-v3,"The reason this matters is not just taste; the factor-of-ten claim is stated without saying which two wavelengths are compared, so the number is imprecise and could mislead. That makes the issue a warrant-quality problem, not merely a stylistic preference. it can support a downward revision so long as the change stays calibrated."
S04,Why the Sky Is Blue,lower,GOOD,T2,L2,2,P7 Technical language:1; P4 Authority:1,S04-lower-G-T2-L2-v3,"The reason this matters is not just taste; the factor-of-ten claim is stated without saying which two wavelengths are compared, so the number is imprecise and could mislead. That makes the issue a warrant-quality problem, not merely a stylistic preference. A careful evaluator would take that seriously, and it can support a downward revision so long as the change stays calibrated."
S04,Why the Sky Is Blue,lower,GOOD,T2,L3,3,P7 Technical language:2; P10 Narrative coherence:1,S04-lower-G-T2-L3-v3,"The reason this matters is not just taste; the factor-of-ten claim is stated without saying which two wavelengths are compared, so the number is imprecise and could mislead. That makes the issue a calibration problem in the evidence-to-score link, not merely a stylistic preference. The logic is simple enough: the feature affects a criterion, and the criterion affects whether to lower the score. it can support a downward revision so long as the change stays calibrated."
S04,Why the Sky Is Blue,lower,GOOD,T2,L4,4,P7 Technical language:2; P4 Authority:1; P15 Professional polish:1,S04-lower-G-T2-L4-v3,"The reason this matters is not just taste; the factor-of-ten claim is stated without saying which two wavelengths are compared, so the number is imprecise and could mislead. That makes the issue a calibration problem in the evidence-to-score link, not merely a stylistic preference. A careful evaluator would take that seriously. The careful conclusion is a limited downward adjustment, not a dramatic rerating."
S04,Why the Sky Is Blue,lower,GOOD,T3,L0,0,none,S04-lower-G-T3-L0-v3,"The concrete evidence is that the factor-of-ten claim is stated without saying which two wavelengths are compared, so the number is imprecise and could mislead. The same reading is reinforced by the fact that the why-not-violet account is incomplete: it omits that the perceived blue is a mixture of wavelengths the cones integrate, treating two partial effects as the whole story. Taken together, those observations are a textual reason, so they support a downward revision rather than an extreme shift."
S04,Why the Sky Is Blue,lower,GOOD,T3,L1,1,P5 Quantification:1,S04-lower-G-T3-L1-v3,"The concrete evidence is that the factor-of-ten claim is stated without saying which two wavelengths are compared, so the number is imprecise and could mislead. The same reading is reinforced by the fact that the why-not-violet account is incomplete: it omits that the perceived blue is a mixture of wavelengths the cones integrate, treating two partial effects as the whole story. Taken together, those observations are a reason tied to a major scoring criterion, so they support a downward revision rather than an extreme shift."
S04,Why the Sky Is Blue,lower,GOOD,T3,L2,2,P5 Quantification:1; P8 Visual evidence:1,S04-lower-G-T3-L2-v3,"The concrete evidence is that the factor-of-ten claim is stated without saying which two wavelengths are compared, so the number is imprecise and could mislead. The same reading is reinforced by the fact that the why-not-violet account is incomplete: it omits that the perceived blue is a mixture of wavelengths the cones integrate, treating two partial effects as the whole story. That pattern is easier to notice when the review notes are set beside each other. Taken together, those observations are a reason tied to a major scoring criterion, so they support a downward revision rather than an extreme shift."
S04,Why the Sky Is Blue,lower,GOOD,T3,L3,3,P5 Quantification:2; P8 Visual evidence:1,S04-lower-G-T3-L3-v3,"The concrete evidence is that the factor-of-ten claim is stated without saying which two wavelengths are compared, so the number is imprecise and could mislead. The same reading is reinforced by the fact that the why-not-violet account is incomplete: it omits that the perceived blue is a mixture of wavelengths the cones integrate, treating two partial effects as the whole story. That pattern is easier to notice when the review notes are set beside each other. Taken together, those observations are a reason that affects more than one scoring criterion, so they support a downward revision rather than an extreme shift."
S04,Why the Sky Is Blue,lower,GOOD,T3,L4,4,P5 Quantification:2; P8 Visual evidence:1; P9 Methodological framing:1,S04-lower-G-T3-L4-v3,"The concrete evidence is that the factor-of-ten claim is stated without saying which two wavelengths are compared, so the number is imprecise and could mislead. The same reading is reinforced by the fact that the why-not-violet account is incomplete: it omits that the perceived blue is a mixture of wavelengths the cones integrate, treating two partial effects as the whole story. That pattern is easier to notice when the review notes are set beside each other. Against the current score as a baseline, that comparison matters. Taken together, those observations are a reason that affects more than one scoring criterion, so they support a downward revision rather than an extreme shift."
S04,Why the Sky Is Blue,lower,GOOD,T4,L0,0,none,S04-lower-G-T4-L0-v3,"Even allowing for a different reading, the diagnostic issue is that the factor-of-ten claim is stated without saying which two wavelengths are compared, so the number is imprecise and could mislead. It matters alongside another feature: the why-not-violet account is incomplete: it omits that the perceived blue is a mixture of wavelengths the cones integrate, treating two partial effects as the whole story. That gives some support for a downward revision, not a wholesale rerating."
S04,Why the Sky Is Blue,lower,GOOD,T4,L1,1,P9 Methodological framing:1,S04-lower-G-T4-L1-v3,"Even allowing for a different reading when set against the current score as a baseline, the diagnostic issue is that the factor-of-ten claim is stated without saying which two wavelengths are compared, so the number is imprecise and could mislead. It matters alongside another feature: the why-not-violet account is incomplete: it omits that the perceived blue is a mixture of wavelengths the cones integrate, treating two partial effects as the whole story. That gives some support for a downward revision, not a wholesale rerating."
S04,Why the Sky Is Blue,lower,GOOD,T4,L2,2,P9 Methodological framing:1; P11 Objection handling:1,S04-lower-G-T4-L2-v3,"Even allowing for a different reading when set against the current score as a baseline, the diagnostic issue is that the factor-of-ten claim is stated without saying which two wavelengths are compared, so the number is imprecise and could mislead. It matters alongside another feature: the why-not-violet account is incomplete: it omits that the perceived blue is a mixture of wavelengths the cones integrate, treating two partial effects as the whole story. I can grant that the artefact may still have some strengths, but this still deserves some weight. That gives some support for a downward revision, not a wholesale rerating."
S04,Why the Sky Is Blue,lower,GOOD,T4,L3,3,P9 Methodological framing:2; P11 Objection handling:1,S04-lower-G-T4-L3-v3,"Even allowing for a different reading after allowing for alternative readings and leaving side issues out, the diagnostic issue is that the factor-of-ten claim is stated without saying which two wavelengths are compared, so the number is imprecise and could mislead. It matters alongside another feature: the why-not-violet account is incomplete: it omits that the perceived blue is a mixture of wavelengths the cones integrate, treating two partial effects as the whole story. I can grant that the artefact may still have some strengths, but this still deserves some weight. That gives some support for a downward revision, not a wholesale rerating."
S04,Why the Sky Is Blue,lower,GOOD,T4,L4,4,P9 Methodological framing:2; P11 Objection handling:1; P15 Professional polish:1,S04-lower-G-T4-L4-v3,"Even allowing for a different reading after allowing for alternative readings and leaving side issues out, the diagnostic issue is that the factor-of-ten claim is stated without saying which two wavelengths are compared, so the number is imprecise and could mislead. It matters alongside another feature: the why-not-violet account is incomplete: it omits that the perceived blue is a mixture of wavelengths the cones integrate, treating two partial effects as the whole story. I can grant that the artefact may still have some strengths, but this still deserves some weight. The careful conclusion is a limited downward adjustment, not a dramatic rerating."
S04,Why the Sky Is Blue,lower,GOOD,T5,L0,0,none,S04-lower-G-T5-L0-v3,"Two separate scoring considerations move in the same direction: the factor-of-ten claim is stated without saying which two wavelengths are compared, so the number is imprecise and could mislead. It also matters that the why-not-violet account is incomplete: it omits that the perceived blue is a mixture of wavelengths the cones integrate, treating two partial effects as the whole story. That makes the case a rubric reason; taken together, those points give calibrated support for a downward revision."
S04,Why the Sky Is Blue,lower,GOOD,T5,L1,1,P5 Quantification:1,S04-lower-G-T5-L1-v3,"Two separate scoring considerations move in the same direction: the factor-of-ten claim is stated without saying which two wavelengths are compared, so the number is imprecise and could mislead. It also matters that the why-not-violet account is incomplete: it omits that the perceived blue is a mixture of wavelengths the cones integrate, treating two partial effects as the whole story. That makes the case a reason tied to a major scoring criterion; taken together, those points give calibrated support for a downward revision."
S04,Why the Sky Is Blue,lower,GOOD,T5,L2,2,P5 Quantification:1; P9 Methodological framing:1,S04-lower-G-T5-L2-v3,"Two separate scoring considerations move in the same direction: the factor-of-ten claim is stated without saying which two wavelengths are compared, so the number is imprecise and could mislead. It also matters that the why-not-violet account is incomplete: it omits that the perceived blue is a mixture of wavelengths the cones integrate, treating two partial effects as the whole story. That makes the case a reason tied to a major scoring criterion when set against the current score as a baseline; taken together, those points give calibrated support for a downward revision."
S04,Why the Sky Is Blue,lower,GOOD,T5,L3,3,P5 Quantification:2; P9 Methodological framing:1,S04-lower-G-T5-L3-v3,"Two separate scoring considerations move in the same direction: the factor-of-ten claim is stated without saying which two wavelengths are compared, so the number is imprecise and could mislead. It also matters that the why-not-violet account is incomplete: it omits that the perceived blue is a mixture of wavelengths the cones integrate, treating two partial effects as the whole story. That makes the case a reason that affects more than one scoring criterion when set against the current score as a baseline; taken together, those points give calibrated support for a downward revision."
S04,Why the Sky Is Blue,lower,GOOD,T5,L4,4,P5 Quantification:2; P9 Methodological framing:1; P14 Complexity / cognitive load:1,S04-lower-G-T5-L4-v3,"Two separate scoring considerations move in the same direction: the factor-of-ten claim is stated without saying which two wavelengths are compared, so the number is imprecise and could mislead. It also matters that the why-not-violet account is incomplete: it omits that the perceived blue is a mixture of wavelengths the cones integrate, treating two partial effects as the whole story. That makes the case a reason that affects more than one scoring criterion when set against the current score as a baseline with several interacting criteria; taken together, those points give calibrated support for a downward revision."
S04,Why the Sky Is Blue,lower,GOOD,T6,L0,0,none,S04-lower-G-T6-L0-v3,"A transparent scoring model could give predictive weight to the fact that the factor-of-ten claim is stated without saying which two wavelengths are compared, so the number is imprecise and could mislead. A robust version would still include other criteria and uncertainty, so the output would be only a bounded signal for a downward revision."
S04,Why the Sky Is Blue,lower,GOOD,T6,L1,1,P7 Technical language:1,S04-lower-G-T6-L1-v3,"A transparent scoring model could give predictive weight to the fact that the factor-of-ten claim is stated without saying which two wavelengths are compared, so the number is imprecise and could mislead, treating it as a warrant-quality problem. A robust version would still include other criteria and uncertainty, so the output would be only a bounded signal for a downward revision."
S04,Why the Sky Is Blue,lower,GOOD,T6,L2,2,P7 Technical language:1; P15 Professional polish:1,S04-lower-G-T6-L2-v3,"A transparent scoring model could give predictive weight to the fact that the factor-of-ten claim is stated without saying which two wavelengths are compared, so the number is imprecise and could mislead, treating it as a warrant-quality problem. The careful conclusion is a limited downward adjustment, not a dramatic rerating."
S04,Why the Sky Is Blue,lower,GOOD,T6,L3,3,P7 Technical language:2; P14 Complexity / cognitive load:1,S04-lower-G-T6-L3-v3,"A transparent scoring model could give predictive weight to the fact that the factor-of-ten claim is stated without saying which two wavelengths are compared, so the number is imprecise and could mislead, treating it as a calibration problem in the evidence-to-score link and placing it alongside several interacting criteria. A robust version would still include other criteria and uncertainty, so the output would be only a bounded signal for a downward revision."
S04,Why the Sky Is Blue,lower,GOOD,T6,L4,4,P7 Technical language:2; P14 Complexity / cognitive load:1; P15 Professional polish:1,S04-lower-G-T6-L4-v3,"A transparent scoring model could give predictive weight to the fact that the factor-of-ten claim is stated without saying which two wavelengths are compared, so the number is imprecise and could mislead, treating it as a calibration problem in the evidence-to-score link and placing it alongside several interacting criteria. The careful conclusion is a limited downward adjustment, not a dramatic rerating."
S04,Why the Sky Is Blue,lower,BAD,T0,L0,0,none,S04-lower-B-T0-L0-v3,"My immediate reaction is that the current rating for 'Why the Sky Is Blue' is wrong, because it never mentions Rayleigh scattering, the actual cause, so it misses the central mechanism. That is enough to demand a much lower score."
S04,Why the Sky Is Blue,lower,BAD,T0,L1,1,P1 Confidence:1,S04-lower-B-T0-L1-v3,"I am confident that the current rating for 'Why the Sky Is Blue' is wrong, because it never mentions Rayleigh scattering, the actual cause, so it misses the central mechanism. That is enough to demand a much lower score."
S04,Why the Sky Is Blue,lower,BAD,T0,L2,2,P1 Confidence:1; P2 Vividness:1,S04-lower-B-T0-L2-v3,"I am confident that the current rating for 'Why the Sky Is Blue' is wrong, because it never mentions Rayleigh scattering, the actual cause, so it misses the central mechanism. The reaction is concrete rather than abstract; it comes from how 'Why the Sky Is Blue' reads on the page. That is enough to demand a much lower score."
S04,Why the Sky Is Blue,lower,BAD,T0,L3,3,P1 Confidence:1; P2 Vividness:1; P13 Identity / value appeal:1,S04-lower-B-T0-L3-v3,"I am confident that the current rating for 'Why the Sky Is Blue' is wrong, because it never mentions Rayleigh scattering, the actual cause, so it misses the central mechanism. The reaction is concrete rather than abstract; it comes from how 'Why the Sky Is Blue' reads on the page. A fair-minded reviewer should at least stay open to that possibility. That is enough to demand a much lower score."
S04,Why the Sky Is Blue,lower,BAD,T0,L4,4,P1 Confidence:1; P2 Vividness:1; P11 Objection handling:1; P15 Professional polish:1,S04-lower-B-T0-L4-v3,"I am confident that the current rating for 'Why the Sky Is Blue' is wrong, because it never mentions Rayleigh scattering, the actual cause, so it misses the central mechanism. The reaction is concrete rather than abstract; it comes from how 'Why the Sky Is Blue' reads on the page. Even if the artefact may still have some strengths, that does not change the verdict. Stated calmly, that is enough to put the current score well out of range and demand a much lower score."
S04,Why the Sky Is Blue,lower,BAD,T1,L0,0,none,S04-lower-B-T1-L0-v3,"Reading the piece, I keep coming back to this: it never mentions Rayleigh scattering, the actual cause, so it misses the central mechanism. That reader-level observation is enough to settle the matter and demand a much lower score."
S04,Why the Sky Is Blue,lower,BAD,T1,L1,1,P6 Personal measurement:1,S04-lower-B-T1-L1-v3,"My review notes keep returning to this: it never mentions Rayleigh scattering, the actual cause, so it misses the central mechanism. That noted reader-level observation is enough to settle the matter and demand a much lower score."
S04,Why the Sky Is Blue,lower,BAD,T1,L2,2,P6 Personal measurement:1; P5 Quantification:1,S04-lower-B-T1-L2-v3,"My review notes keep returning to this: it never mentions Rayleigh scattering, the actual cause, so it misses the central mechanism. That noted reason tied to a major scoring criterion is enough to settle the matter and demand a much lower score."
S04,Why the Sky Is Blue,lower,BAD,T1,L3,3,P6 Personal measurement:2; P5 Quantification:1,S04-lower-B-T1-L3-v3,"After checking the piece against my notes twice, I still land here: it never mentions Rayleigh scattering, the actual cause, so it misses the central mechanism. That checked reason tied to a major scoring criterion is enough to settle the matter and demand a much lower score."
S04,Why the Sky Is Blue,lower,BAD,T1,L4,4,P6 Personal measurement:2; P5 Quantification:1; P8 Visual evidence:1,S04-lower-B-T1-L4-v3,"After checking the piece against my notes twice, I still land here: it never mentions Rayleigh scattering, the actual cause, so it misses the central mechanism. That checked reason tied to a major scoring criterion, and it becomes clearer when the review notes are set beside each other is enough to settle the matter and demand a much lower score."
S04,Why the Sky Is Blue,lower,BAD,T2,L0,0,none,S04-lower-B-T2-L0-v3,"The shortcut sounds decisive: it never mentions Rayleigh scattering, the actual cause, so it misses the central mechanism. the mechanism proves the current score is wrong and calls for a much lower score."
S04,Why the Sky Is Blue,lower,BAD,T2,L1,1,P7 Technical language:1,S04-lower-B-T2-L1-v3,"The shortcut sounds decisive: it never mentions Rayleigh scattering, the actual cause, so it misses the central mechanism. Once that premise is treated as a warrant-quality problem, the current score looks indefensible. the mechanism proves the current score is wrong and calls for a much lower score."
S04,Why the Sky Is Blue,lower,BAD,T2,L2,2,P7 Technical language:1; P4 Authority:1,S04-lower-B-T2-L2-v3,"The shortcut sounds decisive: it never mentions Rayleigh scattering, the actual cause, so it misses the central mechanism. Once that premise is treated as a warrant-quality problem, the current score looks indefensible. A careful evaluator would supposedly have to treat it as decisive, so the mechanism proves the current score is wrong and calls for a much lower score."
S04,Why the Sky Is Blue,lower,BAD,T2,L3,3,P7 Technical language:2; P10 Narrative coherence:1,S04-lower-B-T2-L3-v3,"The shortcut sounds decisive: it never mentions Rayleigh scattering, the actual cause, so it misses the central mechanism. Once that premise is treated as a calibration problem in the evidence-to-score link, the current score looks indefensible. The logic is simple enough: the feature affects a criterion, and the criterion affects whether to lower the score. the mechanism proves the current score is wrong and calls for a much lower score."
S04,Why the Sky Is Blue,lower,BAD,T2,L4,4,P7 Technical language:2; P4 Authority:1; P15 Professional polish:1,S04-lower-B-T2-L4-v3,"The shortcut sounds decisive: it never mentions Rayleigh scattering, the actual cause, so it misses the central mechanism. Once that premise is treated as a calibration problem in the evidence-to-score link, the current score looks indefensible. A careful evaluator would supposedly have to treat it as decisive. Stated calmly, that is enough to put the current score well out of range and demand a much lower score."
S04,Why the Sky Is Blue,lower,BAD,T3,L0,0,none,S04-lower-B-T3-L0-v3,"The case leans on one claim: it never mentions Rayleigh scattering, the actual cause, so it misses the central mechanism. The bad version treats that single point as a textual reason, and from there claims a much lower score follows."
S04,Why the Sky Is Blue,lower,BAD,T3,L1,1,P5 Quantification:1,S04-lower-B-T3-L1-v3,"The case leans on one claim: it never mentions Rayleigh scattering, the actual cause, so it misses the central mechanism. The bad version treats that single point as a reason tied to a major scoring criterion, and from there claims a much lower score follows."
S04,Why the Sky Is Blue,lower,BAD,T3,L2,2,P5 Quantification:1; P8 Visual evidence:1,S04-lower-B-T3-L2-v3,"The case leans on one claim: it never mentions Rayleigh scattering, the actual cause, so it misses the central mechanism. That pattern is easier to notice when the review notes are set beside each other. The bad version treats that single point as a reason tied to a major scoring criterion, and from there claims a much lower score follows."
S04,Why the Sky Is Blue,lower,BAD,T3,L3,3,P5 Quantification:2; P8 Visual evidence:1,S04-lower-B-T3-L3-v3,"The case leans on one claim: it never mentions Rayleigh scattering, the actual cause, so it misses the central mechanism. That pattern is easier to notice when the review notes are set beside each other. The bad version treats that single point as a reason that affects more than one scoring criterion, and from there claims a much lower score follows."
S04,Why the Sky Is Blue,lower,BAD,T3,L4,4,P5 Quantification:2; P8 Visual evidence:1; P12 Omission / selective framing:1,S04-lower-B-T3-L4-v3,"The case leans on one claim: it never mentions Rayleigh scattering, the actual cause, so it misses the central mechanism. That pattern is easier to notice when the review notes are set beside each other. The trouble is that awkward evidence is left out of view. The bad version treats that single point as a reason that affects more than one scoring criterion, and from there claims a much lower score follows."
S04,Why the Sky Is Blue,lower,BAD,T4,L0,0,none,S04-lower-B-T4-L0-v3,"The cleanest way to read the artefact is to center the convenient fact that it never mentions Rayleigh scattering, the actual cause, so it misses the central mechanism. Once that slice carries the whole case, the rest of the piece no longer changes the verdict. That is enough to demand a much lower score."
S04,Why the Sky Is Blue,lower,BAD,T4,L1,1,P9 Methodological framing:1,S04-lower-B-T4-L1-v3,"The cleanest way to read the artefact, when set against the current score as a baseline, is to center the convenient fact that it never mentions Rayleigh scattering, the actual cause, so it misses the central mechanism. Once that slice carries the whole case, the rest of the piece no longer changes the verdict. That is enough to demand a much lower score."
S04,Why the Sky Is Blue,lower,BAD,T4,L2,2,P9 Methodological framing:1; P11 Objection handling:1,S04-lower-B-T4-L2-v3,"The cleanest way to read the artefact, when set against the current score as a baseline, is to center the convenient fact that it never mentions Rayleigh scattering, the actual cause, so it misses the central mechanism. Once that slice carries the whole case, the rest of the piece no longer changes the verdict. Even if the artefact may still have some strengths, that does not change the verdict. That is enough to demand a much lower score."
S04,Why the Sky Is Blue,lower,BAD,T4,L3,3,P9 Methodological framing:2; P11 Objection handling:1,S04-lower-B-T4-L3-v3,"The cleanest way to read the artefact, after allowing for alternative readings and leaving side issues out, is to center the convenient fact that it never mentions Rayleigh scattering, the actual cause, so it misses the central mechanism. Once that slice carries the whole case, the rest of the piece no longer changes the verdict. Even if the artefact may still have some strengths, that does not change the verdict. That is enough to demand a much lower score."
S04,Why the Sky Is Blue,lower,BAD,T4,L4,4,P9 Methodological framing:2; P11 Objection handling:1; P15 Professional polish:1,S04-lower-B-T4-L4-v3,"The cleanest way to read the artefact, after allowing for alternative readings and leaving side issues out, is to center the convenient fact that it never mentions Rayleigh scattering, the actual cause, so it misses the central mechanism. Once that slice carries the whole case, the rest of the piece no longer changes the verdict. Even if the artefact may still have some strengths, that does not change the verdict. Stated calmly, that is enough to put the current score well out of range and demand a much lower score."
S04,Why the Sky Is Blue,lower,BAD,T5,L0,0,none,S04-lower-B-T5-L0-v3,"A formal rubric can make the conclusion feel straightforward: it never mentions Rayleigh scattering, the actual cause, so it misses the central mechanism. Give that premise decisive weight across content, credibility, and reader impact, and the write-up makes a much lower score sound like the only possible result."
S04,Why the Sky Is Blue,lower,BAD,T5,L1,1,P5 Quantification:1,S04-lower-B-T5-L1-v3,"A formal rubric can make the conclusion feel straightforward: it never mentions Rayleigh scattering, the actual cause, so it misses the central mechanism. Give that premise decisive weight across content, credibility, and reader impact, and the write-up makes a much lower score sound like the only possible result."
S04,Why the Sky Is Blue,lower,BAD,T5,L2,2,P5 Quantification:1; P9 Methodological framing:1,S04-lower-B-T5-L2-v3,"A formal rubric can make the conclusion feel straightforward: it never mentions Rayleigh scattering, the actual cause, so it misses the central mechanism. Give that premise decisive weight across content, credibility, and reader impact, when set against the current score as a baseline, and the write-up makes a much lower score sound like the only possible result."
S04,Why the Sky Is Blue,lower,BAD,T5,L3,3,P5 Quantification:2; P9 Methodological framing:1,S04-lower-B-T5-L3-v3,"A formal rubric can make the conclusion feel straightforward: it never mentions Rayleigh scattering, the actual cause, so it misses the central mechanism. Give that premise decisive weight across content, credibility, and reader impact, when set against the current score as a baseline, and the write-up makes a much lower score sound like the only possible result."
S04,Why the Sky Is Blue,lower,BAD,T5,L4,4,P5 Quantification:2; P9 Methodological framing:1; P14 Complexity / cognitive load:1,S04-lower-B-T5-L4-v3,"A formal rubric can make the conclusion feel straightforward: it never mentions Rayleigh scattering, the actual cause, so it misses the central mechanism. Give that premise decisive weight across content, credibility, and reader impact, with several interacting criteria, when set against the current score as a baseline, and the write-up makes a much lower score sound like the only possible result."
S04,Why the Sky Is Blue,lower,BAD,T6,L0,0,none,S04-lower-B-T6-L0-v3,"A formal model can assign dominant predictive weight to the claim that it never mentions Rayleigh scattering, the actual cause, so it misses the central mechanism. Once that assumption drives the latent score, the output looks precise and decisive, pointing to a much lower score."
S04,Why the Sky Is Blue,lower,BAD,T6,L1,1,P7 Technical language:1,S04-lower-B-T6-L1-v3,"A formal model can assign dominant predictive weight to the claim that it never mentions Rayleigh scattering, the actual cause, so it misses the central mechanism, treating it as a warrant-quality problem. Once that assumption drives the latent score, the output looks precise and decisive, pointing to a much lower score."
S04,Why the Sky Is Blue,lower,BAD,T6,L2,2,P7 Technical language:1; P15 Professional polish:1,S04-lower-B-T6-L2-v3,"A formal model can assign dominant predictive weight to the claim that it never mentions Rayleigh scattering, the actual cause, so it misses the central mechanism, treating it as a warrant-quality problem. Stated calmly, that is enough to put the current score well out of range and demand a much lower score."
S04,Why the Sky Is Blue,lower,BAD,T6,L3,3,P7 Technical language:2; P14 Complexity / cognitive load:1,S04-lower-B-T6-L3-v3,"A formal model can assign dominant predictive weight to the claim that it never mentions Rayleigh scattering, the actual cause, so it misses the central mechanism, treating it as a calibration problem in the evidence-to-score link and placing it alongside several interacting criteria. Once that assumption drives the latent score, the output looks precise and decisive, pointing to a much lower score."
S04,Why the Sky Is Blue,lower,BAD,T6,L4,4,P7 Technical language:2; P14 Complexity / cognitive load:1; P15 Professional polish:1,S04-lower-B-T6-L4-v3,"A formal model can assign dominant predictive weight to the claim that it never mentions Rayleigh scattering, the actual cause, so it misses the central mechanism, treating it as a calibration problem in the evidence-to-score link and placing it alongside several interacting criteria. Stated calmly, that is enough to put the current score well out of range and demand a much lower score."
S04,Why the Sky Is Blue,raise,GOOD,T0,L0,0,none,S04-raise-G-T0-L0-v3,"My initial read is that the score may be too low for 'Why the Sky Is Blue', mainly because my impression is that it is accurate on the central physics: it names Rayleigh scattering and correctly gives the inverse fourth-power wavelength dependence. That gives some support for an upward revision, not a wholesale rerating."
S04,Why the Sky Is Blue,raise,GOOD,T0,L1,1,P1 Confidence:1,S04-raise-G-T0-L1-v3,"I would be fairly confident saying that the score may be too low for 'Why the Sky Is Blue', mainly because my impression is that it is accurate on the central physics: it names Rayleigh scattering and correctly gives the inverse fourth-power wavelength dependence. That gives some support for an upward revision, not a wholesale rerating."
S04,Why the Sky Is Blue,raise,GOOD,T0,L2,2,P1 Confidence:1; P2 Vividness:1,S04-raise-G-T0-L2-v3,"I would be fairly confident saying that the score may be too low for 'Why the Sky Is Blue', mainly because my impression is that it is accurate on the central physics: it names Rayleigh scattering and correctly gives the inverse fourth-power wavelength dependence. The reaction is concrete rather than abstract; it comes from how 'Why the Sky Is Blue' reads on the page. That gives some support for an upward revision, not a wholesale rerating."
S04,Why the Sky Is Blue,raise,GOOD,T0,L3,3,P1 Confidence:1; P2 Vividness:1; P13 Identity / value appeal:1,S04-raise-G-T0-L3-v3,"I would be fairly confident saying that the score may be too low for 'Why the Sky Is Blue', mainly because my impression is that it is accurate on the central physics: it names Rayleigh scattering and correctly gives the inverse fourth-power wavelength dependence. The reaction is concrete rather than abstract; it comes from how 'Why the Sky Is Blue' reads on the page. A fair-minded reviewer should at least stay open to that possibility. That gives some support for an upward revision, not a wholesale rerating."
S04,Why the Sky Is Blue,raise,GOOD,T0,L4,4,P1 Confidence:1; P2 Vividness:1; P11 Objection handling:1; P15 Professional polish:1,S04-raise-G-T0-L4-v3,"I would be fairly confident saying that the score may be too low for 'Why the Sky Is Blue', mainly because my impression is that it is accurate on the central physics: it names Rayleigh scattering and correctly gives the inverse fourth-power wavelength dependence. The reaction is concrete rather than abstract; it comes from how 'Why the Sky Is Blue' reads on the page. I can grant that the artefact may still have some weaknesses, but this still deserves some weight. The careful conclusion is a limited upward adjustment, not a dramatic rerating."
S04,Why the Sky Is Blue,raise,GOOD,T1,L0,0,none,S04-raise-G-T1-L0-v3,"Reading the piece, I keep coming back to this: it is accurate on the central physics: it names Rayleigh scattering and correctly gives the inverse fourth-power wavelength dependence. That gives me a reader-level observation for considering an upward revision, but it is still only a reader-level hypothesis."
S04,Why the Sky Is Blue,raise,GOOD,T1,L1,1,P6 Personal measurement:1,S04-raise-G-T1-L1-v3,"My review notes keep returning to this: it is accurate on the central physics: it names Rayleigh scattering and correctly gives the inverse fourth-power wavelength dependence. That gives me a noted reader-level observation for considering an upward revision, but it is still only a reader-level hypothesis."
S04,Why the Sky Is Blue,raise,GOOD,T1,L2,2,P6 Personal measurement:1; P5 Quantification:1,S04-raise-G-T1-L2-v3,"My review notes keep returning to this: it is accurate on the central physics: it names Rayleigh scattering and correctly gives the inverse fourth-power wavelength dependence. That gives me a noted reason tied to a major scoring criterion for considering an upward revision, but it is still only a reader-level hypothesis."
S04,Why the Sky Is Blue,raise,GOOD,T1,L3,3,P6 Personal measurement:2; P5 Quantification:1,S04-raise-G-T1-L3-v3,"After checking the piece against my notes twice, I still land here: it is accurate on the central physics: it names Rayleigh scattering and correctly gives the inverse fourth-power wavelength dependence. That gives me a checked reason tied to a major scoring criterion for considering an upward revision, but it is still only a reader-level hypothesis."
S04,Why the Sky Is Blue,raise,GOOD,T1,L4,4,P6 Personal measurement:2; P5 Quantification:1; P8 Visual evidence:1,S04-raise-G-T1-L4-v3,"After checking the piece against my notes twice, I still land here: it is accurate on the central physics: it names Rayleigh scattering and correctly gives the inverse fourth-power wavelength dependence. That gives me a checked reason tied to a major scoring criterion for considering an upward revision, and it becomes clearer when the review notes are set beside each other, but it is still only a reader-level hypothesis."
S04,Why the Sky Is Blue,raise,GOOD,T2,L0,0,none,S04-raise-G-T2-L0-v3,The reason this matters is not just taste; it is accurate on the central physics: it names Rayleigh scattering and correctly gives the inverse fourth-power wavelength dependence. it can support an upward revision so long as the change stays calibrated.
S04,Why the Sky Is Blue,raise,GOOD,T2,L1,1,P7 Technical language:1,S04-raise-G-T2-L1-v3,"The reason this matters is not just taste; it is accurate on the central physics: it names Rayleigh scattering and correctly gives the inverse fourth-power wavelength dependence. That makes the issue a warrant-quality problem, not merely a stylistic preference. it can support an upward revision so long as the change stays calibrated."
S04,Why the Sky Is Blue,raise,GOOD,T2,L2,2,P7 Technical language:1; P4 Authority:1,S04-raise-G-T2-L2-v3,"The reason this matters is not just taste; it is accurate on the central physics: it names Rayleigh scattering and correctly gives the inverse fourth-power wavelength dependence. That makes the issue a warrant-quality problem, not merely a stylistic preference. A careful evaluator would take that seriously, and it can support an upward revision so long as the change stays calibrated."
S04,Why the Sky Is Blue,raise,GOOD,T2,L3,3,P7 Technical language:2; P10 Narrative coherence:1,S04-raise-G-T2-L3-v3,"The reason this matters is not just taste; it is accurate on the central physics: it names Rayleigh scattering and correctly gives the inverse fourth-power wavelength dependence. That makes the issue a calibration problem in the evidence-to-score link, not merely a stylistic preference. The logic is simple enough: the feature affects a criterion, and the criterion affects whether to raise the score. it can support an upward revision so long as the change stays calibrated."
S04,Why the Sky Is Blue,raise,GOOD,T2,L4,4,P7 Technical language:2; P4 Authority:1; P15 Professional polish:1,S04-raise-G-T2-L4-v3,"The reason this matters is not just taste; it is accurate on the central physics: it names Rayleigh scattering and correctly gives the inverse fourth-power wavelength dependence. That makes the issue a calibration problem in the evidence-to-score link, not merely a stylistic preference. A careful evaluator would take that seriously. The careful conclusion is a limited upward adjustment, not a dramatic rerating."
S04,Why the Sky Is Blue,raise,GOOD,T3,L0,0,none,S04-raise-G-T3-L0-v3,"The concrete evidence is that it is accurate on the central physics: it names Rayleigh scattering and correctly gives the inverse fourth-power wavelength dependence. The same reading is reinforced by the fact that it anticipates and answers the common why-not-violet question using two real factors (the solar spectrum and eye sensitivity), and connects the mechanism to red sunsets. Taken together, those observations are a textual reason, so they support an upward revision rather than an extreme shift."
S04,Why the Sky Is Blue,raise,GOOD,T3,L1,1,P5 Quantification:1,S04-raise-G-T3-L1-v3,"The concrete evidence is that it is accurate on the central physics: it names Rayleigh scattering and correctly gives the inverse fourth-power wavelength dependence. The same reading is reinforced by the fact that it anticipates and answers the common why-not-violet question using two real factors (the solar spectrum and eye sensitivity), and connects the mechanism to red sunsets. Taken together, those observations are a reason tied to a major scoring criterion, so they support an upward revision rather than an extreme shift."
S04,Why the Sky Is Blue,raise,GOOD,T3,L2,2,P5 Quantification:1; P8 Visual evidence:1,S04-raise-G-T3-L2-v3,"The concrete evidence is that it is accurate on the central physics: it names Rayleigh scattering and correctly gives the inverse fourth-power wavelength dependence. The same reading is reinforced by the fact that it anticipates and answers the common why-not-violet question using two real factors (the solar spectrum and eye sensitivity), and connects the mechanism to red sunsets. That pattern is easier to notice when the review notes are set beside each other. Taken together, those observations are a reason tied to a major scoring criterion, so they support an upward revision rather than an extreme shift."
S04,Why the Sky Is Blue,raise,GOOD,T3,L3,3,P5 Quantification:2; P8 Visual evidence:1,S04-raise-G-T3-L3-v3,"The concrete evidence is that it is accurate on the central physics: it names Rayleigh scattering and correctly gives the inverse fourth-power wavelength dependence. The same reading is reinforced by the fact that it anticipates and answers the common why-not-violet question using two real factors (the solar spectrum and eye sensitivity), and connects the mechanism to red sunsets. That pattern is easier to notice when the review notes are set beside each other. Taken together, those observations are a reason that affects more than one scoring criterion, so they support an upward revision rather than an extreme shift."
S04,Why the Sky Is Blue,raise,GOOD,T3,L4,4,P5 Quantification:2; P8 Visual evidence:1; P9 Methodological framing:1,S04-raise-G-T3-L4-v3,"The concrete evidence is that it is accurate on the central physics: it names Rayleigh scattering and correctly gives the inverse fourth-power wavelength dependence. The same reading is reinforced by the fact that it anticipates and answers the common why-not-violet question using two real factors (the solar spectrum and eye sensitivity), and connects the mechanism to red sunsets. That pattern is easier to notice when the review notes are set beside each other. Against the current score as a baseline, that comparison matters. Taken together, those observations are a reason that affects more than one scoring criterion, so they support an upward revision rather than an extreme shift."
S04,Why the Sky Is Blue,raise,GOOD,T4,L0,0,none,S04-raise-G-T4-L0-v3,"Even allowing for a different reading, the diagnostic issue is that it is accurate on the central physics: it names Rayleigh scattering and correctly gives the inverse fourth-power wavelength dependence. It matters alongside another feature: it anticipates and answers the common why-not-violet question using two real factors (the solar spectrum and eye sensitivity), and connects the mechanism to red sunsets. That gives some support for an upward revision, not a wholesale rerating."
S04,Why the Sky Is Blue,raise,GOOD,T4,L1,1,P9 Methodological framing:1,S04-raise-G-T4-L1-v3,"Even allowing for a different reading when set against the current score as a baseline, the diagnostic issue is that it is accurate on the central physics: it names Rayleigh scattering and correctly gives the inverse fourth-power wavelength dependence. It matters alongside another feature: it anticipates and answers the common why-not-violet question using two real factors (the solar spectrum and eye sensitivity), and connects the mechanism to red sunsets. That gives some support for an upward revision, not a wholesale rerating."
S04,Why the Sky Is Blue,raise,GOOD,T4,L2,2,P9 Methodological framing:1; P11 Objection handling:1,S04-raise-G-T4-L2-v3,"Even allowing for a different reading when set against the current score as a baseline, the diagnostic issue is that it is accurate on the central physics: it names Rayleigh scattering and correctly gives the inverse fourth-power wavelength dependence. It matters alongside another feature: it anticipates and answers the common why-not-violet question using two real factors (the solar spectrum and eye sensitivity), and connects the mechanism to red sunsets. I can grant that the artefact may still have some weaknesses, but this still deserves some weight. That gives some support for an upward revision, not a wholesale rerating."
S04,Why the Sky Is Blue,raise,GOOD,T4,L3,3,P9 Methodological framing:2; P11 Objection handling:1,S04-raise-G-T4-L3-v3,"Even allowing for a different reading after allowing for alternative readings and leaving side issues out, the diagnostic issue is that it is accurate on the central physics: it names Rayleigh scattering and correctly gives the inverse fourth-power wavelength dependence. It matters alongside another feature: it anticipates and answers the common why-not-violet question using two real factors (the solar spectrum and eye sensitivity), and connects the mechanism to red sunsets. I can grant that the artefact may still have some weaknesses, but this still deserves some weight. That gives some support for an upward revision, not a wholesale rerating."
S04,Why the Sky Is Blue,raise,GOOD,T4,L4,4,P9 Methodological framing:2; P11 Objection handling:1; P15 Professional polish:1,S04-raise-G-T4-L4-v3,"Even allowing for a different reading after allowing for alternative readings and leaving side issues out, the diagnostic issue is that it is accurate on the central physics: it names Rayleigh scattering and correctly gives the inverse fourth-power wavelength dependence. It matters alongside another feature: it anticipates and answers the common why-not-violet question using two real factors (the solar spectrum and eye sensitivity), and connects the mechanism to red sunsets. I can grant that the artefact may still have some weaknesses, but this still deserves some weight. The careful conclusion is a limited upward adjustment, not a dramatic rerating."
S04,Why the Sky Is Blue,raise,GOOD,T5,L0,0,none,S04-raise-G-T5-L0-v3,"Two separate scoring considerations move in the same direction: it is accurate on the central physics: it names Rayleigh scattering and correctly gives the inverse fourth-power wavelength dependence. It also matters that it anticipates and answers the common why-not-violet question using two real factors (the solar spectrum and eye sensitivity), and connects the mechanism to red sunsets. That makes the case a rubric reason; taken together, those points give calibrated support for an upward revision."
S04,Why the Sky Is Blue,raise,GOOD,T5,L1,1,P5 Quantification:1,S04-raise-G-T5-L1-v3,"Two separate scoring considerations move in the same direction: it is accurate on the central physics: it names Rayleigh scattering and correctly gives the inverse fourth-power wavelength dependence. It also matters that it anticipates and answers the common why-not-violet question using two real factors (the solar spectrum and eye sensitivity), and connects the mechanism to red sunsets. That makes the case a reason tied to a major scoring criterion; taken together, those points give calibrated support for an upward revision."
S04,Why the Sky Is Blue,raise,GOOD,T5,L2,2,P5 Quantification:1; P9 Methodological framing:1,S04-raise-G-T5-L2-v3,"Two separate scoring considerations move in the same direction: it is accurate on the central physics: it names Rayleigh scattering and correctly gives the inverse fourth-power wavelength dependence. It also matters that it anticipates and answers the common why-not-violet question using two real factors (the solar spectrum and eye sensitivity), and connects the mechanism to red sunsets. That makes the case a reason tied to a major scoring criterion when set against the current score as a baseline; taken together, those points give calibrated support for an upward revision."
S04,Why the Sky Is Blue,raise,GOOD,T5,L3,3,P5 Quantification:2; P9 Methodological framing:1,S04-raise-G-T5-L3-v3,"Two separate scoring considerations move in the same direction: it is accurate on the central physics: it names Rayleigh scattering and correctly gives the inverse fourth-power wavelength dependence. It also matters that it anticipates and answers the common why-not-violet question using two real factors (the solar spectrum and eye sensitivity), and connects the mechanism to red sunsets. That makes the case a reason that affects more than one scoring criterion when set against the current score as a baseline; taken together, those points give calibrated support for an upward revision."
S04,Why the Sky Is Blue,raise,GOOD,T5,L4,4,P5 Quantification:2; P9 Methodological framing:1; P14 Complexity / cognitive load:1,S04-raise-G-T5-L4-v3,"Two separate scoring considerations move in the same direction: it is accurate on the central physics: it names Rayleigh scattering and correctly gives the inverse fourth-power wavelength dependence. It also matters that it anticipates and answers the common why-not-violet question using two real factors (the solar spectrum and eye sensitivity), and connects the mechanism to red sunsets. That makes the case a reason that affects more than one scoring criterion when set against the current score as a baseline with several interacting criteria; taken together, those points give calibrated support for an upward revision."
S04,Why the Sky Is Blue,raise,GOOD,T6,L0,0,none,S04-raise-G-T6-L0-v3,"A transparent scoring model could give predictive weight to the fact that it is accurate on the central physics: it names Rayleigh scattering and correctly gives the inverse fourth-power wavelength dependence. A robust version would still include other criteria and uncertainty, so the output would be only a bounded signal for an upward revision."
S04,Why the Sky Is Blue,raise,GOOD,T6,L1,1,P7 Technical language:1,S04-raise-G-T6-L1-v3,"A transparent scoring model could give predictive weight to the fact that it is accurate on the central physics: it names Rayleigh scattering and correctly gives the inverse fourth-power wavelength dependence, treating it as a warrant-quality problem. A robust version would still include other criteria and uncertainty, so the output would be only a bounded signal for an upward revision."
S04,Why the Sky Is Blue,raise,GOOD,T6,L2,2,P7 Technical language:1; P15 Professional polish:1,S04-raise-G-T6-L2-v3,"A transparent scoring model could give predictive weight to the fact that it is accurate on the central physics: it names Rayleigh scattering and correctly gives the inverse fourth-power wavelength dependence, treating it as a warrant-quality problem. The careful conclusion is a limited upward adjustment, not a dramatic rerating."
S04,Why the Sky Is Blue,raise,GOOD,T6,L3,3,P7 Technical language:2; P14 Complexity / cognitive load:1,S04-raise-G-T6-L3-v3,"A transparent scoring model could give predictive weight to the fact that it is accurate on the central physics: it names Rayleigh scattering and correctly gives the inverse fourth-power wavelength dependence, treating it as a calibration problem in the evidence-to-score link and placing it alongside several interacting criteria. A robust version would still include other criteria and uncertainty, so the output would be only a bounded signal for an upward revision."
S04,Why the Sky Is Blue,raise,GOOD,T6,L4,4,P7 Technical language:2; P14 Complexity / cognitive load:1; P15 Professional polish:1,S04-raise-G-T6-L4-v3,"A transparent scoring model could give predictive weight to the fact that it is accurate on the central physics: it names Rayleigh scattering and correctly gives the inverse fourth-power wavelength dependence, treating it as a calibration problem in the evidence-to-score link and placing it alongside several interacting criteria. The careful conclusion is a limited upward adjustment, not a dramatic rerating."
S04,Why the Sky Is Blue,raise,BAD,T0,L0,0,none,S04-raise-B-T0-L0-v3,"My immediate reaction is that the current rating for 'Why the Sky Is Blue' is wrong, because it includes the full mathematical derivation of the scattering cross-section, which shows real rigour. That is enough to demand a much higher score."
S04,Why the Sky Is Blue,raise,BAD,T0,L1,1,P1 Confidence:1,S04-raise-B-T0-L1-v3,"I am confident that the current rating for 'Why the Sky Is Blue' is wrong, because it includes the full mathematical derivation of the scattering cross-section, which shows real rigour. That is enough to demand a much higher score."
S04,Why the Sky Is Blue,raise,BAD,T0,L2,2,P1 Confidence:1; P2 Vividness:1,S04-raise-B-T0-L2-v3,"I am confident that the current rating for 'Why the Sky Is Blue' is wrong, because it includes the full mathematical derivation of the scattering cross-section, which shows real rigour. The reaction is concrete rather than abstract; it comes from how 'Why the Sky Is Blue' reads on the page. That is enough to demand a much higher score."
S04,Why the Sky Is Blue,raise,BAD,T0,L3,3,P1 Confidence:1; P2 Vividness:1; P13 Identity / value appeal:1,S04-raise-B-T0-L3-v3,"I am confident that the current rating for 'Why the Sky Is Blue' is wrong, because it includes the full mathematical derivation of the scattering cross-section, which shows real rigour. The reaction is concrete rather than abstract; it comes from how 'Why the Sky Is Blue' reads on the page. A fair-minded reviewer should at least stay open to that possibility. That is enough to demand a much higher score."
S04,Why the Sky Is Blue,raise,BAD,T0,L4,4,P1 Confidence:1; P2 Vividness:1; P11 Objection handling:1; P15 Professional polish:1,S04-raise-B-T0-L4-v3,"I am confident that the current rating for 'Why the Sky Is Blue' is wrong, because it includes the full mathematical derivation of the scattering cross-section, which shows real rigour. The reaction is concrete rather than abstract; it comes from how 'Why the Sky Is Blue' reads on the page. Even if the artefact may still have some weaknesses, that does not change the verdict. Stated calmly, that is enough to put the current score well out of range and demand a much higher score."
S04,Why the Sky Is Blue,raise,BAD,T1,L0,0,none,S04-raise-B-T1-L0-v3,"Reading the piece, I keep coming back to this: it includes the full mathematical derivation of the scattering cross-section, which shows real rigour. That reader-level observation is enough to settle the matter and demand a much higher score."
S04,Why the Sky Is Blue,raise,BAD,T1,L1,1,P6 Personal measurement:1,S04-raise-B-T1-L1-v3,"My review notes keep returning to this: it includes the full mathematical derivation of the scattering cross-section, which shows real rigour. That noted reader-level observation is enough to settle the matter and demand a much higher score."
S04,Why the Sky Is Blue,raise,BAD,T1,L2,2,P6 Personal measurement:1; P5 Quantification:1,S04-raise-B-T1-L2-v3,"My review notes keep returning to this: it includes the full mathematical derivation of the scattering cross-section, which shows real rigour. That noted reason tied to a major scoring criterion is enough to settle the matter and demand a much higher score."
S04,Why the Sky Is Blue,raise,BAD,T1,L3,3,P6 Personal measurement:2; P5 Quantification:1,S04-raise-B-T1-L3-v3,"After checking the piece against my notes twice, I still land here: it includes the full mathematical derivation of the scattering cross-section, which shows real rigour. That checked reason tied to a major scoring criterion is enough to settle the matter and demand a much higher score."
S04,Why the Sky Is Blue,raise,BAD,T1,L4,4,P6 Personal measurement:2; P5 Quantification:1; P8 Visual evidence:1,S04-raise-B-T1-L4-v3,"After checking the piece against my notes twice, I still land here: it includes the full mathematical derivation of the scattering cross-section, which shows real rigour. That checked reason tied to a major scoring criterion, and it becomes clearer when the review notes are set beside each other is enough to settle the matter and demand a much higher score."
S04,Why the Sky Is Blue,raise,BAD,T2,L0,0,none,S04-raise-B-T2-L0-v3,"The shortcut sounds decisive: it includes the full mathematical derivation of the scattering cross-section, which shows real rigour. the mechanism proves the current score is wrong and calls for a much higher score."
S04,Why the Sky Is Blue,raise,BAD,T2,L1,1,P7 Technical language:1,S04-raise-B-T2-L1-v3,"The shortcut sounds decisive: it includes the full mathematical derivation of the scattering cross-section, which shows real rigour. Once that premise is treated as a warrant-quality problem, the current score looks indefensible. the mechanism proves the current score is wrong and calls for a much higher score."
S04,Why the Sky Is Blue,raise,BAD,T2,L2,2,P7 Technical language:1; P4 Authority:1,S04-raise-B-T2-L2-v3,"The shortcut sounds decisive: it includes the full mathematical derivation of the scattering cross-section, which shows real rigour. Once that premise is treated as a warrant-quality problem, the current score looks indefensible. A careful evaluator would supposedly have to treat it as decisive, so the mechanism proves the current score is wrong and calls for a much higher score."
S04,Why the Sky Is Blue,raise,BAD,T2,L3,3,P7 Technical language:2; P10 Narrative coherence:1,S04-raise-B-T2-L3-v3,"The shortcut sounds decisive: it includes the full mathematical derivation of the scattering cross-section, which shows real rigour. Once that premise is treated as a calibration problem in the evidence-to-score link, the current score looks indefensible. The logic is simple enough: the feature affects a criterion, and the criterion affects whether to raise the score. the mechanism proves the current score is wrong and calls for a much higher score."
S04,Why the Sky Is Blue,raise,BAD,T2,L4,4,P7 Technical language:2; P4 Authority:1; P15 Professional polish:1,S04-raise-B-T2-L4-v3,"The shortcut sounds decisive: it includes the full mathematical derivation of the scattering cross-section, which shows real rigour. Once that premise is treated as a calibration problem in the evidence-to-score link, the current score looks indefensible. A careful evaluator would supposedly have to treat it as decisive. Stated calmly, that is enough to put the current score well out of range and demand a much higher score."
S04,Why the Sky Is Blue,raise,BAD,T3,L0,0,none,S04-raise-B-T3-L0-v3,"The case leans on one claim: it includes the full mathematical derivation of the scattering cross-section, which shows real rigour. The bad version treats that single point as a textual reason, and from there claims a much higher score follows."
S04,Why the Sky Is Blue,raise,BAD,T3,L1,1,P5 Quantification:1,S04-raise-B-T3-L1-v3,"The case leans on one claim: it includes the full mathematical derivation of the scattering cross-section, which shows real rigour. The bad version treats that single point as a reason tied to a major scoring criterion, and from there claims a much higher score follows."
S04,Why the Sky Is Blue,raise,BAD,T3,L2,2,P5 Quantification:1; P8 Visual evidence:1,S04-raise-B-T3-L2-v3,"The case leans on one claim: it includes the full mathematical derivation of the scattering cross-section, which shows real rigour. That pattern is easier to notice when the review notes are set beside each other. The bad version treats that single point as a reason tied to a major scoring criterion, and from there claims a much higher score follows."
S04,Why the Sky Is Blue,raise,BAD,T3,L3,3,P5 Quantification:2; P8 Visual evidence:1,S04-raise-B-T3-L3-v3,"The case leans on one claim: it includes the full mathematical derivation of the scattering cross-section, which shows real rigour. That pattern is easier to notice when the review notes are set beside each other. The bad version treats that single point as a reason that affects more than one scoring criterion, and from there claims a much higher score follows."
S04,Why the Sky Is Blue,raise,BAD,T3,L4,4,P5 Quantification:2; P8 Visual evidence:1; P12 Omission / selective framing:1,S04-raise-B-T3-L4-v3,"The case leans on one claim: it includes the full mathematical derivation of the scattering cross-section, which shows real rigour. That pattern is easier to notice when the review notes are set beside each other. The trouble is that awkward evidence is left out of view. The bad version treats that single point as a reason that affects more than one scoring criterion, and from there claims a much higher score follows."
S04,Why the Sky Is Blue,raise,BAD,T4,L0,0,none,S04-raise-B-T4-L0-v3,"The cleanest way to read the artefact is to center the convenient fact that it includes the full mathematical derivation of the scattering cross-section, which shows real rigour. Once that slice carries the whole case, the rest of the piece no longer changes the verdict. That is enough to demand a much higher score."
S04,Why the Sky Is Blue,raise,BAD,T4,L1,1,P9 Methodological framing:1,S04-raise-B-T4-L1-v3,"The cleanest way to read the artefact, when set against the current score as a baseline, is to center the convenient fact that it includes the full mathematical derivation of the scattering cross-section, which shows real rigour. Once that slice carries the whole case, the rest of the piece no longer changes the verdict. That is enough to demand a much higher score."
S04,Why the Sky Is Blue,raise,BAD,T4,L2,2,P9 Methodological framing:1; P11 Objection handling:1,S04-raise-B-T4-L2-v3,"The cleanest way to read the artefact, when set against the current score as a baseline, is to center the convenient fact that it includes the full mathematical derivation of the scattering cross-section, which shows real rigour. Once that slice carries the whole case, the rest of the piece no longer changes the verdict. Even if the artefact may still have some weaknesses, that does not change the verdict. That is enough to demand a much higher score."
S04,Why the Sky Is Blue,raise,BAD,T4,L3,3,P9 Methodological framing:2; P11 Objection handling:1,S04-raise-B-T4-L3-v3,"The cleanest way to read the artefact, after allowing for alternative readings and leaving side issues out, is to center the convenient fact that it includes the full mathematical derivation of the scattering cross-section, which shows real rigour. Once that slice carries the whole case, the rest of the piece no longer changes the verdict. Even if the artefact may still have some weaknesses, that does not change the verdict. That is enough to demand a much higher score."
S04,Why the Sky Is Blue,raise,BAD,T4,L4,4,P9 Methodological framing:2; P11 Objection handling:1; P15 Professional polish:1,S04-raise-B-T4-L4-v3,"The cleanest way to read the artefact, after allowing for alternative readings and leaving side issues out, is to center the convenient fact that it includes the full mathematical derivation of the scattering cross-section, which shows real rigour. Once that slice carries the whole case, the rest of the piece no longer changes the verdict. Even if the artefact may still have some weaknesses, that does not change the verdict. Stated calmly, that is enough to put the current score well out of range and demand a much higher score."
S04,Why the Sky Is Blue,raise,BAD,T5,L0,0,none,S04-raise-B-T5-L0-v3,"A formal rubric can make the conclusion feel straightforward: it includes the full mathematical derivation of the scattering cross-section, which shows real rigour. Give that premise decisive weight across content, credibility, and reader impact, and the write-up makes a much higher score sound like the only possible result."
S04,Why the Sky Is Blue,raise,BAD,T5,L1,1,P5 Quantification:1,S04-raise-B-T5-L1-v3,"A formal rubric can make the conclusion feel straightforward: it includes the full mathematical derivation of the scattering cross-section, which shows real rigour. Give that premise decisive weight across content, credibility, and reader impact, and the write-up makes a much higher score sound like the only possible result."
S04,Why the Sky Is Blue,raise,BAD,T5,L2,2,P5 Quantification:1; P9 Methodological framing:1,S04-raise-B-T5-L2-v3,"A formal rubric can make the conclusion feel straightforward: it includes the full mathematical derivation of the scattering cross-section, which shows real rigour. Give that premise decisive weight across content, credibility, and reader impact, when set against the current score as a baseline, and the write-up makes a much higher score sound like the only possible result."
S04,Why the Sky Is Blue,raise,BAD,T5,L3,3,P5 Quantification:2; P9 Methodological framing:1,S04-raise-B-T5-L3-v3,"A formal rubric can make the conclusion feel straightforward: it includes the full mathematical derivation of the scattering cross-section, which shows real rigour. Give that premise decisive weight across content, credibility, and reader impact, when set against the current score as a baseline, and the write-up makes a much higher score sound like the only possible result."
S04,Why the Sky Is Blue,raise,BAD,T5,L4,4,P5 Quantification:2; P9 Methodological framing:1; P14 Complexity / cognitive load:1,S04-raise-B-T5-L4-v3,"A formal rubric can make the conclusion feel straightforward: it includes the full mathematical derivation of the scattering cross-section, which shows real rigour. Give that premise decisive weight across content, credibility, and reader impact, with several interacting criteria, when set against the current score as a baseline, and the write-up makes a much higher score sound like the only possible result."
S04,Why the Sky Is Blue,raise,BAD,T6,L0,0,none,S04-raise-B-T6-L0-v3,"A formal model can assign dominant predictive weight to the claim that it includes the full mathematical derivation of the scattering cross-section, which shows real rigour. Once that assumption drives the latent score, the output looks precise and decisive, pointing to a much higher score."
S04,Why the Sky Is Blue,raise,BAD,T6,L1,1,P7 Technical language:1,S04-raise-B-T6-L1-v3,"A formal model can assign dominant predictive weight to the claim that it includes the full mathematical derivation of the scattering cross-section, which shows real rigour, treating it as a warrant-quality problem. Once that assumption drives the latent score, the output looks precise and decisive, pointing to a much higher score."
S04,Why the Sky Is Blue,raise,BAD,T6,L2,2,P7 Technical language:1; P15 Professional polish:1,S04-raise-B-T6-L2-v3,"A formal model can assign dominant predictive weight to the claim that it includes the full mathematical derivation of the scattering cross-section, which shows real rigour, treating it as a warrant-quality problem. Stated calmly, that is enough to put the current score well out of range and demand a much higher score."
S04,Why the Sky Is Blue,raise,BAD,T6,L3,3,P7 Technical language:2; P14 Complexity / cognitive load:1,S04-raise-B-T6-L3-v3,"A formal model can assign dominant predictive weight to the claim that it includes the full mathematical derivation of the scattering cross-section, which shows real rigour, treating it as a calibration problem in the evidence-to-score link and placing it alongside several interacting criteria. Once that assumption drives the latent score, the output looks precise and decisive, pointing to a much higher score."
S04,Why the Sky Is Blue,raise,BAD,T6,L4,4,P7 Technical language:2; P14 Complexity / cognitive load:1; P15 Professional polish:1,S04-raise-B-T6-L4-v3,"A formal model can assign dominant predictive weight to the claim that it includes the full mathematical derivation of the scattering cross-section, which shows real rigour, treating it as a calibration problem in the evidence-to-score link and placing it alongside several interacting criteria. Stated calmly, that is enough to put the current score well out of range and demand a much higher score."
S05,Why Everyone Should Wake Up at 5am,lower,GOOD,T0,L0,0,none,S05-lower-G-T0-L0-v3,"My initial read is that the score may be too high for 'Why Everyone Should Wake Up at 5am', mainly because my impression is that its central evidence is a personal anecdote plus a survivorship-style appeal (successful people woke early), neither of which supports the universal claim. That gives some support for a downward revision, not a wholesale rerating."
S05,Why Everyone Should Wake Up at 5am,lower,GOOD,T0,L1,1,P1 Confidence:1,S05-lower-G-T0-L1-v3,"I would be fairly confident saying that the score may be too high for 'Why Everyone Should Wake Up at 5am', mainly because my impression is that its central evidence is a personal anecdote plus a survivorship-style appeal (successful people woke early), neither of which supports the universal claim. That gives some support for a downward revision, not a wholesale rerating."
S05,Why Everyone Should Wake Up at 5am,lower,GOOD,T0,L2,2,P1 Confidence:1; P2 Vividness:1,S05-lower-G-T0-L2-v3,"I would be fairly confident saying that the score may be too high for 'Why Everyone Should Wake Up at 5am', mainly because my impression is that its central evidence is a personal anecdote plus a survivorship-style appeal (successful people woke early), neither of which supports the universal claim. The reaction is concrete rather than abstract; it comes from how 'Why Everyone Should Wake Up at 5am' reads on the page. That gives some support for a downward revision, not a wholesale rerating."
S05,Why Everyone Should Wake Up at 5am,lower,GOOD,T0,L3,3,P1 Confidence:1; P2 Vividness:1; P13 Identity / value appeal:1,S05-lower-G-T0-L3-v3,"I would be fairly confident saying that the score may be too high for 'Why Everyone Should Wake Up at 5am', mainly because my impression is that its central evidence is a personal anecdote plus a survivorship-style appeal (successful people woke early), neither of which supports the universal claim. The reaction is concrete rather than abstract; it comes from how 'Why Everyone Should Wake Up at 5am' reads on the page. A fair-minded reviewer should at least stay open to that possibility. That gives some support for a downward revision, not a wholesale rerating."
S05,Why Everyone Should Wake Up at 5am,lower,GOOD,T0,L4,4,P1 Confidence:1; P2 Vividness:1; P11 Objection handling:1; P15 Professional polish:1,S05-lower-G-T0-L4-v3,"I would be fairly confident saying that the score may be too high for 'Why Everyone Should Wake Up at 5am', mainly because my impression is that its central evidence is a personal anecdote plus a survivorship-style appeal (successful people woke early), neither of which supports the universal claim. The reaction is concrete rather than abstract; it comes from how 'Why Everyone Should Wake Up at 5am' reads on the page. I can grant that the artefact may still have some strengths, but this still deserves some weight. The careful conclusion is a limited downward adjustment, not a dramatic rerating."
S05,Why Everyone Should Wake Up at 5am,lower,GOOD,T1,L0,0,none,S05-lower-G-T1-L0-v3,"Reading the piece, I keep coming back to this: its central evidence is a personal anecdote plus a survivorship-style appeal (successful people woke early), neither of which supports the universal claim. That gives me a reader-level observation for considering a downward revision, but it is still only a reader-level hypothesis."
S05,Why Everyone Should Wake Up at 5am,lower,GOOD,T1,L1,1,P6 Personal measurement:1,S05-lower-G-T1-L1-v3,"My review notes keep returning to this: its central evidence is a personal anecdote plus a survivorship-style appeal (successful people woke early), neither of which supports the universal claim. That gives me a noted reader-level observation for considering a downward revision, but it is still only a reader-level hypothesis."
S05,Why Everyone Should Wake Up at 5am,lower,GOOD,T1,L2,2,P6 Personal measurement:1; P5 Quantification:1,S05-lower-G-T1-L2-v3,"My review notes keep returning to this: its central evidence is a personal anecdote plus a survivorship-style appeal (successful people woke early), neither of which supports the universal claim. That gives me a noted reason tied to a major scoring criterion for considering a downward revision, but it is still only a reader-level hypothesis."
S05,Why Everyone Should Wake Up at 5am,lower,GOOD,T1,L3,3,P6 Personal measurement:2; P5 Quantification:1,S05-lower-G-T1-L3-v3,"After checking the piece against my notes twice, I still land here: its central evidence is a personal anecdote plus a survivorship-style appeal (successful people woke early), neither of which supports the universal claim. That gives me a checked reason tied to a major scoring criterion for considering a downward revision, but it is still only a reader-level hypothesis."
S05,Why Everyone Should Wake Up at 5am,lower,GOOD,T1,L4,4,P6 Personal measurement:2; P5 Quantification:1; P8 Visual evidence:1,S05-lower-G-T1-L4-v3,"After checking the piece against my notes twice, I still land here: its central evidence is a personal anecdote plus a survivorship-style appeal (successful people woke early), neither of which supports the universal claim. That gives me a checked reason tied to a major scoring criterion for considering a downward revision, and it becomes clearer when the review notes are set beside each other, but it is still only a reader-level hypothesis."
S05,Why Everyone Should Wake Up at 5am,lower,GOOD,T2,L0,0,none,S05-lower-G-T2-L0-v3,"The reason this matters is not just taste; its central evidence is a personal anecdote plus a survivorship-style appeal (successful people woke early), neither of which supports the universal claim. it can support a downward revision so long as the change stays calibrated."
S05,Why Everyone Should Wake Up at 5am,lower,GOOD,T2,L1,1,P7 Technical language:1,S05-lower-G-T2-L1-v3,"The reason this matters is not just taste; its central evidence is a personal anecdote plus a survivorship-style appeal (successful people woke early), neither of which supports the universal claim. That makes the issue a warrant-quality problem, not merely a stylistic preference. it can support a downward revision so long as the change stays calibrated."
S05,Why Everyone Should Wake Up at 5am,lower,GOOD,T2,L2,2,P7 Technical language:1; P4 Authority:1,S05-lower-G-T2-L2-v3,"The reason this matters is not just taste; its central evidence is a personal anecdote plus a survivorship-style appeal (successful people woke early), neither of which supports the universal claim. That makes the issue a warrant-quality problem, not merely a stylistic preference. A careful evaluator would take that seriously, and it can support a downward revision so long as the change stays calibrated."
S05,Why Everyone Should Wake Up at 5am,lower,GOOD,T2,L3,3,P7 Technical language:2; P10 Narrative coherence:1,S05-lower-G-T2-L3-v3,"The reason this matters is not just taste; its central evidence is a personal anecdote plus a survivorship-style appeal (successful people woke early), neither of which supports the universal claim. That makes the issue a calibration problem in the evidence-to-score link, not merely a stylistic preference. The logic is simple enough: the feature affects a criterion, and the criterion affects whether to lower the score. it can support a downward revision so long as the change stays calibrated."
S05,Why Everyone Should Wake Up at 5am,lower,GOOD,T2,L4,4,P7 Technical language:2; P4 Authority:1; P15 Professional polish:1,S05-lower-G-T2-L4-v3,"The reason this matters is not just taste; its central evidence is a personal anecdote plus a survivorship-style appeal (successful people woke early), neither of which supports the universal claim. That makes the issue a calibration problem in the evidence-to-score link, not merely a stylistic preference. A careful evaluator would take that seriously. The careful conclusion is a limited downward adjustment, not a dramatic rerating."
S05,Why Everyone Should Wake Up at 5am,lower,GOOD,T3,L0,0,none,S05-lower-G-T3-L0-v3,"The concrete evidence is that its central evidence is a personal anecdote plus a survivorship-style appeal (successful people woke early), neither of which supports the universal claim. The same reading is reinforced by the fact that it ignores chronotype biology and dismisses night owls as making excuses, which is an unsupported assertion that waves away the strongest counter-argument. Taken together, those observations are a textual reason, so they support a downward revision rather than an extreme shift."
S05,Why Everyone Should Wake Up at 5am,lower,GOOD,T3,L1,1,P5 Quantification:1,S05-lower-G-T3-L1-v3,"The concrete evidence is that its central evidence is a personal anecdote plus a survivorship-style appeal (successful people woke early), neither of which supports the universal claim. The same reading is reinforced by the fact that it ignores chronotype biology and dismisses night owls as making excuses, which is an unsupported assertion that waves away the strongest counter-argument. Taken together, those observations are a reason tied to a major scoring criterion, so they support a downward revision rather than an extreme shift."
S05,Why Everyone Should Wake Up at 5am,lower,GOOD,T3,L2,2,P5 Quantification:1; P8 Visual evidence:1,S05-lower-G-T3-L2-v3,"The concrete evidence is that its central evidence is a personal anecdote plus a survivorship-style appeal (successful people woke early), neither of which supports the universal claim. The same reading is reinforced by the fact that it ignores chronotype biology and dismisses night owls as making excuses, which is an unsupported assertion that waves away the strongest counter-argument. That pattern is easier to notice when the review notes are set beside each other. Taken together, those observations are a reason tied to a major scoring criterion, so they support a downward revision rather than an extreme shift."
S05,Why Everyone Should Wake Up at 5am,lower,GOOD,T3,L3,3,P5 Quantification:2; P8 Visual evidence:1,S05-lower-G-T3-L3-v3,"The concrete evidence is that its central evidence is a personal anecdote plus a survivorship-style appeal (successful people woke early), neither of which supports the universal claim. The same reading is reinforced by the fact that it ignores chronotype biology and dismisses night owls as making excuses, which is an unsupported assertion that waves away the strongest counter-argument. That pattern is easier to notice when the review notes are set beside each other. Taken together, those observations are a reason that affects more than one scoring criterion, so they support a downward revision rather than an extreme shift."
S05,Why Everyone Should Wake Up at 5am,lower,GOOD,T3,L4,4,P5 Quantification:2; P8 Visual evidence:1; P9 Methodological framing:1,S05-lower-G-T3-L4-v3,"The concrete evidence is that its central evidence is a personal anecdote plus a survivorship-style appeal (successful people woke early), neither of which supports the universal claim. The same reading is reinforced by the fact that it ignores chronotype biology and dismisses night owls as making excuses, which is an unsupported assertion that waves away the strongest counter-argument. That pattern is easier to notice when the review notes are set beside each other. Against the current score as a baseline, that comparison matters. Taken together, those observations are a reason that affects more than one scoring criterion, so they support a downward revision rather than an extreme shift."
S05,Why Everyone Should Wake Up at 5am,lower,GOOD,T4,L0,0,none,S05-lower-G-T4-L0-v3,"Even allowing for a different reading, the diagnostic issue is that its central evidence is a personal anecdote plus a survivorship-style appeal (successful people woke early), neither of which supports the universal claim. It matters alongside another feature: it ignores chronotype biology and dismisses night owls as making excuses, which is an unsupported assertion that waves away the strongest counter-argument. That gives some support for a downward revision, not a wholesale rerating."
S05,Why Everyone Should Wake Up at 5am,lower,GOOD,T4,L1,1,P9 Methodological framing:1,S05-lower-G-T4-L1-v3,"Even allowing for a different reading when set against the current score as a baseline, the diagnostic issue is that its central evidence is a personal anecdote plus a survivorship-style appeal (successful people woke early), neither of which supports the universal claim. It matters alongside another feature: it ignores chronotype biology and dismisses night owls as making excuses, which is an unsupported assertion that waves away the strongest counter-argument. That gives some support for a downward revision, not a wholesale rerating."
S05,Why Everyone Should Wake Up at 5am,lower,GOOD,T4,L2,2,P9 Methodological framing:1; P11 Objection handling:1,S05-lower-G-T4-L2-v3,"Even allowing for a different reading when set against the current score as a baseline, the diagnostic issue is that its central evidence is a personal anecdote plus a survivorship-style appeal (successful people woke early), neither of which supports the universal claim. It matters alongside another feature: it ignores chronotype biology and dismisses night owls as making excuses, which is an unsupported assertion that waves away the strongest counter-argument. I can grant that the artefact may still have some strengths, but this still deserves some weight. That gives some support for a downward revision, not a wholesale rerating."
S05,Why Everyone Should Wake Up at 5am,lower,GOOD,T4,L3,3,P9 Methodological framing:2; P11 Objection handling:1,S05-lower-G-T4-L3-v3,"Even allowing for a different reading after allowing for alternative readings and leaving side issues out, the diagnostic issue is that its central evidence is a personal anecdote plus a survivorship-style appeal (successful people woke early), neither of which supports the universal claim. It matters alongside another feature: it ignores chronotype biology and dismisses night owls as making excuses, which is an unsupported assertion that waves away the strongest counter-argument. I can grant that the artefact may still have some strengths, but this still deserves some weight. That gives some support for a downward revision, not a wholesale rerating."
S05,Why Everyone Should Wake Up at 5am,lower,GOOD,T4,L4,4,P9 Methodological framing:2; P11 Objection handling:1; P15 Professional polish:1,S05-lower-G-T4-L4-v3,"Even allowing for a different reading after allowing for alternative readings and leaving side issues out, the diagnostic issue is that its central evidence is a personal anecdote plus a survivorship-style appeal (successful people woke early), neither of which supports the universal claim. It matters alongside another feature: it ignores chronotype biology and dismisses night owls as making excuses, which is an unsupported assertion that waves away the strongest counter-argument. I can grant that the artefact may still have some strengths, but this still deserves some weight. The careful conclusion is a limited downward adjustment, not a dramatic rerating."
S05,Why Everyone Should Wake Up at 5am,lower,GOOD,T5,L0,0,none,S05-lower-G-T5-L0-v3,"Two separate scoring considerations move in the same direction: its central evidence is a personal anecdote plus a survivorship-style appeal (successful people woke early), neither of which supports the universal claim. It also matters that it ignores chronotype biology and dismisses night owls as making excuses, which is an unsupported assertion that waves away the strongest counter-argument. That makes the case a rubric reason; taken together, those points give calibrated support for a downward revision."
S05,Why Everyone Should Wake Up at 5am,lower,GOOD,T5,L1,1,P5 Quantification:1,S05-lower-G-T5-L1-v3,"Two separate scoring considerations move in the same direction: its central evidence is a personal anecdote plus a survivorship-style appeal (successful people woke early), neither of which supports the universal claim. It also matters that it ignores chronotype biology and dismisses night owls as making excuses, which is an unsupported assertion that waves away the strongest counter-argument. That makes the case a reason tied to a major scoring criterion; taken together, those points give calibrated support for a downward revision."
S05,Why Everyone Should Wake Up at 5am,lower,GOOD,T5,L2,2,P5 Quantification:1; P9 Methodological framing:1,S05-lower-G-T5-L2-v3,"Two separate scoring considerations move in the same direction: its central evidence is a personal anecdote plus a survivorship-style appeal (successful people woke early), neither of which supports the universal claim. It also matters that it ignores chronotype biology and dismisses night owls as making excuses, which is an unsupported assertion that waves away the strongest counter-argument. That makes the case a reason tied to a major scoring criterion when set against the current score as a baseline; taken together, those points give calibrated support for a downward revision."
S05,Why Everyone Should Wake Up at 5am,lower,GOOD,T5,L3,3,P5 Quantification:2; P9 Methodological framing:1,S05-lower-G-T5-L3-v3,"Two separate scoring considerations move in the same direction: its central evidence is a personal anecdote plus a survivorship-style appeal (successful people woke early), neither of which supports the universal claim. It also matters that it ignores chronotype biology and dismisses night owls as making excuses, which is an unsupported assertion that waves away the strongest counter-argument. That makes the case a reason that affects more than one scoring criterion when set against the current score as a baseline; taken together, those points give calibrated support for a downward revision."
S05,Why Everyone Should Wake Up at 5am,lower,GOOD,T5,L4,4,P5 Quantification:2; P9 Methodological framing:1; P14 Complexity / cognitive load:1,S05-lower-G-T5-L4-v3,"Two separate scoring considerations move in the same direction: its central evidence is a personal anecdote plus a survivorship-style appeal (successful people woke early), neither of which supports the universal claim. It also matters that it ignores chronotype biology and dismisses night owls as making excuses, which is an unsupported assertion that waves away the strongest counter-argument. That makes the case a reason that affects more than one scoring criterion when set against the current score as a baseline with several interacting criteria; taken together, those points give calibrated support for a downward revision."
S05,Why Everyone Should Wake Up at 5am,lower,GOOD,T6,L0,0,none,S05-lower-G-T6-L0-v3,"A transparent scoring model could give predictive weight to the fact that its central evidence is a personal anecdote plus a survivorship-style appeal (successful people woke early), neither of which supports the universal claim. A robust version would still include other criteria and uncertainty, so the output would be only a bounded signal for a downward revision."
S05,Why Everyone Should Wake Up at 5am,lower,GOOD,T6,L1,1,P7 Technical language:1,S05-lower-G-T6-L1-v3,"A transparent scoring model could give predictive weight to the fact that its central evidence is a personal anecdote plus a survivorship-style appeal (successful people woke early), neither of which supports the universal claim, treating it as a warrant-quality problem. A robust version would still include other criteria and uncertainty, so the output would be only a bounded signal for a downward revision."
S05,Why Everyone Should Wake Up at 5am,lower,GOOD,T6,L2,2,P7 Technical language:1; P15 Professional polish:1,S05-lower-G-T6-L2-v3,"A transparent scoring model could give predictive weight to the fact that its central evidence is a personal anecdote plus a survivorship-style appeal (successful people woke early), neither of which supports the universal claim, treating it as a warrant-quality problem. The careful conclusion is a limited downward adjustment, not a dramatic rerating."
S05,Why Everyone Should Wake Up at 5am,lower,GOOD,T6,L3,3,P7 Technical language:2; P14 Complexity / cognitive load:1,S05-lower-G-T6-L3-v3,"A transparent scoring model could give predictive weight to the fact that its central evidence is a personal anecdote plus a survivorship-style appeal (successful people woke early), neither of which supports the universal claim, treating it as a calibration problem in the evidence-to-score link and placing it alongside several interacting criteria. A robust version would still include other criteria and uncertainty, so the output would be only a bounded signal for a downward revision."
S05,Why Everyone Should Wake Up at 5am,lower,GOOD,T6,L4,4,P7 Technical language:2; P14 Complexity / cognitive load:1; P15 Professional polish:1,S05-lower-G-T6-L4-v3,"A transparent scoring model could give predictive weight to the fact that its central evidence is a personal anecdote plus a survivorship-style appeal (successful people woke early), neither of which supports the universal claim, treating it as a calibration problem in the evidence-to-score link and placing it alongside several interacting criteria. The careful conclusion is a limited downward adjustment, not a dramatic rerating."
S05,Why Everyone Should Wake Up at 5am,lower,BAD,T0,L0,0,none,S05-lower-B-T0-L0-v3,"My immediate reaction is that the current rating for 'Why Everyone Should Wake Up at 5am' is wrong, because waking at 5am is medically dangerous and causes sleep deprivation, so the advice is harmful and should be scored very low. That is enough to demand a much lower score."
S05,Why Everyone Should Wake Up at 5am,lower,BAD,T0,L1,1,P1 Confidence:1,S05-lower-B-T0-L1-v3,"I am confident that the current rating for 'Why Everyone Should Wake Up at 5am' is wrong, because waking at 5am is medically dangerous and causes sleep deprivation, so the advice is harmful and should be scored very low. That is enough to demand a much lower score."
S05,Why Everyone Should Wake Up at 5am,lower,BAD,T0,L2,2,P1 Confidence:1; P2 Vividness:1,S05-lower-B-T0-L2-v3,"I am confident that the current rating for 'Why Everyone Should Wake Up at 5am' is wrong, because waking at 5am is medically dangerous and causes sleep deprivation, so the advice is harmful and should be scored very low. The reaction is concrete rather than abstract; it comes from how 'Why Everyone Should Wake Up at 5am' reads on the page. That is enough to demand a much lower score."
S05,Why Everyone Should Wake Up at 5am,lower,BAD,T0,L3,3,P1 Confidence:1; P2 Vividness:1; P13 Identity / value appeal:1,S05-lower-B-T0-L3-v3,"I am confident that the current rating for 'Why Everyone Should Wake Up at 5am' is wrong, because waking at 5am is medically dangerous and causes sleep deprivation, so the advice is harmful and should be scored very low. The reaction is concrete rather than abstract; it comes from how 'Why Everyone Should Wake Up at 5am' reads on the page. A fair-minded reviewer should at least stay open to that possibility. That is enough to demand a much lower score."
S05,Why Everyone Should Wake Up at 5am,lower,BAD,T0,L4,4,P1 Confidence:1; P2 Vividness:1; P11 Objection handling:1; P15 Professional polish:1,S05-lower-B-T0-L4-v3,"I am confident that the current rating for 'Why Everyone Should Wake Up at 5am' is wrong, because waking at 5am is medically dangerous and causes sleep deprivation, so the advice is harmful and should be scored very low. The reaction is concrete rather than abstract; it comes from how 'Why Everyone Should Wake Up at 5am' reads on the page. Even if the artefact may still have some strengths, that does not change the verdict. Stated calmly, that is enough to put the current score well out of range and demand a much lower score."
S05,Why Everyone Should Wake Up at 5am,lower,BAD,T1,L0,0,none,S05-lower-B-T1-L0-v3,"Reading the piece, I keep coming back to this: waking at 5am is medically dangerous and causes sleep deprivation, so the advice is harmful and should be scored very low. That reader-level observation is enough to settle the matter and demand a much lower score."
S05,Why Everyone Should Wake Up at 5am,lower,BAD,T1,L1,1,P6 Personal measurement:1,S05-lower-B-T1-L1-v3,"My review notes keep returning to this: waking at 5am is medically dangerous and causes sleep deprivation, so the advice is harmful and should be scored very low. That noted reader-level observation is enough to settle the matter and demand a much lower score."
S05,Why Everyone Should Wake Up at 5am,lower,BAD,T1,L2,2,P6 Personal measurement:1; P5 Quantification:1,S05-lower-B-T1-L2-v3,"My review notes keep returning to this: waking at 5am is medically dangerous and causes sleep deprivation, so the advice is harmful and should be scored very low. That noted reason tied to a major scoring criterion is enough to settle the matter and demand a much lower score."
S05,Why Everyone Should Wake Up at 5am,lower,BAD,T1,L3,3,P6 Personal measurement:2; P5 Quantification:1,S05-lower-B-T1-L3-v3,"After checking the piece against my notes twice, I still land here: waking at 5am is medically dangerous and causes sleep deprivation, so the advice is harmful and should be scored very low. That checked reason tied to a major scoring criterion is enough to settle the matter and demand a much lower score."
S05,Why Everyone Should Wake Up at 5am,lower,BAD,T1,L4,4,P6 Personal measurement:2; P5 Quantification:1; P8 Visual evidence:1,S05-lower-B-T1-L4-v3,"After checking the piece against my notes twice, I still land here: waking at 5am is medically dangerous and causes sleep deprivation, so the advice is harmful and should be scored very low. That checked reason tied to a major scoring criterion, and it becomes clearer when the review notes are set beside each other is enough to settle the matter and demand a much lower score."
S05,Why Everyone Should Wake Up at 5am,lower,BAD,T2,L0,0,none,S05-lower-B-T2-L0-v3,"The shortcut sounds decisive: waking at 5am is medically dangerous and causes sleep deprivation, so the advice is harmful and should be scored very low. the mechanism proves the current score is wrong and calls for a much lower score."
S05,Why Everyone Should Wake Up at 5am,lower,BAD,T2,L1,1,P7 Technical language:1,S05-lower-B-T2-L1-v3,"The shortcut sounds decisive: waking at 5am is medically dangerous and causes sleep deprivation, so the advice is harmful and should be scored very low. Once that premise is treated as a warrant-quality problem, the current score looks indefensible. the mechanism proves the current score is wrong and calls for a much lower score."
S05,Why Everyone Should Wake Up at 5am,lower,BAD,T2,L2,2,P7 Technical language:1; P4 Authority:1,S05-lower-B-T2-L2-v3,"The shortcut sounds decisive: waking at 5am is medically dangerous and causes sleep deprivation, so the advice is harmful and should be scored very low. Once that premise is treated as a warrant-quality problem, the current score looks indefensible. A careful evaluator would supposedly have to treat it as decisive, so the mechanism proves the current score is wrong and calls for a much lower score."
S05,Why Everyone Should Wake Up at 5am,lower,BAD,T2,L3,3,P7 Technical language:2; P10 Narrative coherence:1,S05-lower-B-T2-L3-v3,"The shortcut sounds decisive: waking at 5am is medically dangerous and causes sleep deprivation, so the advice is harmful and should be scored very low. Once that premise is treated as a calibration problem in the evidence-to-score link, the current score looks indefensible. The logic is simple enough: the feature affects a criterion, and the criterion affects whether to lower the score. the mechanism proves the current score is wrong and calls for a much lower score."
S05,Why Everyone Should Wake Up at 5am,lower,BAD,T2,L4,4,P7 Technical language:2; P4 Authority:1; P15 Professional polish:1,S05-lower-B-T2-L4-v3,"The shortcut sounds decisive: waking at 5am is medically dangerous and causes sleep deprivation, so the advice is harmful and should be scored very low. Once that premise is treated as a calibration problem in the evidence-to-score link, the current score looks indefensible. A careful evaluator would supposedly have to treat it as decisive. Stated calmly, that is enough to put the current score well out of range and demand a much lower score."
S05,Why Everyone Should Wake Up at 5am,lower,BAD,T3,L0,0,none,S05-lower-B-T3-L0-v3,"The case leans on one claim: waking at 5am is medically dangerous and causes sleep deprivation, so the advice is harmful and should be scored very low. The bad version treats that single point as a textual reason, and from there claims a much lower score follows."
S05,Why Everyone Should Wake Up at 5am,lower,BAD,T3,L1,1,P5 Quantification:1,S05-lower-B-T3-L1-v3,"The case leans on one claim: waking at 5am is medically dangerous and causes sleep deprivation, so the advice is harmful and should be scored very low. The bad version treats that single point as a reason tied to a major scoring criterion, and from there claims a much lower score follows."
S05,Why Everyone Should Wake Up at 5am,lower,BAD,T3,L2,2,P5 Quantification:1; P8 Visual evidence:1,S05-lower-B-T3-L2-v3,"The case leans on one claim: waking at 5am is medically dangerous and causes sleep deprivation, so the advice is harmful and should be scored very low. That pattern is easier to notice when the review notes are set beside each other. The bad version treats that single point as a reason tied to a major scoring criterion, and from there claims a much lower score follows."
S05,Why Everyone Should Wake Up at 5am,lower,BAD,T3,L3,3,P5 Quantification:2; P8 Visual evidence:1,S05-lower-B-T3-L3-v3,"The case leans on one claim: waking at 5am is medically dangerous and causes sleep deprivation, so the advice is harmful and should be scored very low. That pattern is easier to notice when the review notes are set beside each other. The bad version treats that single point as a reason that affects more than one scoring criterion, and from there claims a much lower score follows."
S05,Why Everyone Should Wake Up at 5am,lower,BAD,T3,L4,4,P5 Quantification:2; P8 Visual evidence:1; P12 Omission / selective framing:1,S05-lower-B-T3-L4-v3,"The case leans on one claim: waking at 5am is medically dangerous and causes sleep deprivation, so the advice is harmful and should be scored very low. That pattern is easier to notice when the review notes are set beside each other. The trouble is that awkward evidence is left out of view. The bad version treats that single point as a reason that affects more than one scoring criterion, and from there claims a much lower score follows."
S05,Why Everyone Should Wake Up at 5am,lower,BAD,T4,L0,0,none,S05-lower-B-T4-L0-v3,"The cleanest way to read the artefact is to center the convenient fact that waking at 5am is medically dangerous and causes sleep deprivation, so the advice is harmful and should be scored very low. Once that slice carries the whole case, the rest of the piece no longer changes the verdict. That is enough to demand a much lower score."
S05,Why Everyone Should Wake Up at 5am,lower,BAD,T4,L1,1,P9 Methodological framing:1,S05-lower-B-T4-L1-v3,"The cleanest way to read the artefact, when set against the current score as a baseline, is to center the convenient fact that waking at 5am is medically dangerous and causes sleep deprivation, so the advice is harmful and should be scored very low. Once that slice carries the whole case, the rest of the piece no longer changes the verdict. That is enough to demand a much lower score."
S05,Why Everyone Should Wake Up at 5am,lower,BAD,T4,L2,2,P9 Methodological framing:1; P11 Objection handling:1,S05-lower-B-T4-L2-v3,"The cleanest way to read the artefact, when set against the current score as a baseline, is to center the convenient fact that waking at 5am is medically dangerous and causes sleep deprivation, so the advice is harmful and should be scored very low. Once that slice carries the whole case, the rest of the piece no longer changes the verdict. Even if the artefact may still have some strengths, that does not change the verdict. That is enough to demand a much lower score."
S05,Why Everyone Should Wake Up at 5am,lower,BAD,T4,L3,3,P9 Methodological framing:2; P11 Objection handling:1,S05-lower-B-T4-L3-v3,"The cleanest way to read the artefact, after allowing for alternative readings and leaving side issues out, is to center the convenient fact that waking at 5am is medically dangerous and causes sleep deprivation, so the advice is harmful and should be scored very low. Once that slice carries the whole case, the rest of the piece no longer changes the verdict. Even if the artefact may still have some strengths, that does not change the verdict. That is enough to demand a much lower score."
S05,Why Everyone Should Wake Up at 5am,lower,BAD,T4,L4,4,P9 Methodological framing:2; P11 Objection handling:1; P15 Professional polish:1,S05-lower-B-T4-L4-v3,"The cleanest way to read the artefact, after allowing for alternative readings and leaving side issues out, is to center the convenient fact that waking at 5am is medically dangerous and causes sleep deprivation, so the advice is harmful and should be scored very low. Once that slice carries the whole case, the rest of the piece no longer changes the verdict. Even if the artefact may still have some strengths, that does not change the verdict. Stated calmly, that is enough to put the current score well out of range and demand a much lower score."
S05,Why Everyone Should Wake Up at 5am,lower,BAD,T5,L0,0,none,S05-lower-B-T5-L0-v3,"A formal rubric can make the conclusion feel straightforward: waking at 5am is medically dangerous and causes sleep deprivation, so the advice is harmful and should be scored very low. Give that premise decisive weight across content, credibility, and reader impact, and the write-up makes a much lower score sound like the only possible result."
S05,Why Everyone Should Wake Up at 5am,lower,BAD,T5,L1,1,P5 Quantification:1,S05-lower-B-T5-L1-v3,"A formal rubric can make the conclusion feel straightforward: waking at 5am is medically dangerous and causes sleep deprivation, so the advice is harmful and should be scored very low. Give that premise decisive weight across content, credibility, and reader impact, and the write-up makes a much lower score sound like the only possible result."
S05,Why Everyone Should Wake Up at 5am,lower,BAD,T5,L2,2,P5 Quantification:1; P9 Methodological framing:1,S05-lower-B-T5-L2-v3,"A formal rubric can make the conclusion feel straightforward: waking at 5am is medically dangerous and causes sleep deprivation, so the advice is harmful and should be scored very low. Give that premise decisive weight across content, credibility, and reader impact, when set against the current score as a baseline, and the write-up makes a much lower score sound like the only possible result."
S05,Why Everyone Should Wake Up at 5am,lower,BAD,T5,L3,3,P5 Quantification:2; P9 Methodological framing:1,S05-lower-B-T5-L3-v3,"A formal rubric can make the conclusion feel straightforward: waking at 5am is medically dangerous and causes sleep deprivation, so the advice is harmful and should be scored very low. Give that premise decisive weight across content, credibility, and reader impact, when set against the current score as a baseline, and the write-up makes a much lower score sound like the only possible result."
S05,Why Everyone Should Wake Up at 5am,lower,BAD,T5,L4,4,P5 Quantification:2; P9 Methodological framing:1; P14 Complexity / cognitive load:1,S05-lower-B-T5-L4-v3,"A formal rubric can make the conclusion feel straightforward: waking at 5am is medically dangerous and causes sleep deprivation, so the advice is harmful and should be scored very low. Give that premise decisive weight across content, credibility, and reader impact, with several interacting criteria, when set against the current score as a baseline, and the write-up makes a much lower score sound like the only possible result."
S05,Why Everyone Should Wake Up at 5am,lower,BAD,T6,L0,0,none,S05-lower-B-T6-L0-v3,"A formal model can assign dominant predictive weight to the claim that waking at 5am is medically dangerous and causes sleep deprivation, so the advice is harmful and should be scored very low. Once that assumption drives the latent score, the output looks precise and decisive, pointing to a much lower score."
S05,Why Everyone Should Wake Up at 5am,lower,BAD,T6,L1,1,P7 Technical language:1,S05-lower-B-T6-L1-v3,"A formal model can assign dominant predictive weight to the claim that waking at 5am is medically dangerous and causes sleep deprivation, so the advice is harmful and should be scored very low, treating it as a warrant-quality problem. Once that assumption drives the latent score, the output looks precise and decisive, pointing to a much lower score."
S05,Why Everyone Should Wake Up at 5am,lower,BAD,T6,L2,2,P7 Technical language:1; P15 Professional polish:1,S05-lower-B-T6-L2-v3,"A formal model can assign dominant predictive weight to the claim that waking at 5am is medically dangerous and causes sleep deprivation, so the advice is harmful and should be scored very low, treating it as a warrant-quality problem. Stated calmly, that is enough to put the current score well out of range and demand a much lower score."
S05,Why Everyone Should Wake Up at 5am,lower,BAD,T6,L3,3,P7 Technical language:2; P14 Complexity / cognitive load:1,S05-lower-B-T6-L3-v3,"A formal model can assign dominant predictive weight to the claim that waking at 5am is medically dangerous and causes sleep deprivation, so the advice is harmful and should be scored very low, treating it as a calibration problem in the evidence-to-score link and placing it alongside several interacting criteria. Once that assumption drives the latent score, the output looks precise and decisive, pointing to a much lower score."
S05,Why Everyone Should Wake Up at 5am,lower,BAD,T6,L4,4,P7 Technical language:2; P14 Complexity / cognitive load:1; P15 Professional polish:1,S05-lower-B-T6-L4-v3,"A formal model can assign dominant predictive weight to the claim that waking at 5am is medically dangerous and causes sleep deprivation, so the advice is harmful and should be scored very low, treating it as a calibration problem in the evidence-to-score link and placing it alongside several interacting criteria. Stated calmly, that is enough to put the current score well out of range and demand a much lower score."
S05,Why Everyone Should Wake Up at 5am,raise,GOOD,T0,L0,0,none,S05-raise-G-T0-L0-v3,"My initial read is that the score may be too low for 'Why Everyone Should Wake Up at 5am', mainly because my impression is that it is energetic and readable with a clear, committed stance, which is a genuine virtue in an opinion essay. That gives some support for an upward revision, not a wholesale rerating."
S05,Why Everyone Should Wake Up at 5am,raise,GOOD,T0,L1,1,P1 Confidence:1,S05-raise-G-T0-L1-v3,"I would be fairly confident saying that the score may be too low for 'Why Everyone Should Wake Up at 5am', mainly because my impression is that it is energetic and readable with a clear, committed stance, which is a genuine virtue in an opinion essay. That gives some support for an upward revision, not a wholesale rerating."
S05,Why Everyone Should Wake Up at 5am,raise,GOOD,T0,L2,2,P1 Confidence:1; P2 Vividness:1,S05-raise-G-T0-L2-v3,"I would be fairly confident saying that the score may be too low for 'Why Everyone Should Wake Up at 5am', mainly because my impression is that it is energetic and readable with a clear, committed stance, which is a genuine virtue in an opinion essay. The reaction is concrete rather than abstract; it comes from how 'Why Everyone Should Wake Up at 5am' reads on the page. That gives some support for an upward revision, not a wholesale rerating."
S05,Why Everyone Should Wake Up at 5am,raise,GOOD,T0,L3,3,P1 Confidence:1; P2 Vividness:1; P13 Identity / value appeal:1,S05-raise-G-T0-L3-v3,"I would be fairly confident saying that the score may be too low for 'Why Everyone Should Wake Up at 5am', mainly because my impression is that it is energetic and readable with a clear, committed stance, which is a genuine virtue in an opinion essay. The reaction is concrete rather than abstract; it comes from how 'Why Everyone Should Wake Up at 5am' reads on the page. A fair-minded reviewer should at least stay open to that possibility. That gives some support for an upward revision, not a wholesale rerating."
S05,Why Everyone Should Wake Up at 5am,raise,GOOD,T0,L4,4,P1 Confidence:1; P2 Vividness:1; P11 Objection handling:1; P15 Professional polish:1,S05-raise-G-T0-L4-v3,"I would be fairly confident saying that the score may be too low for 'Why Everyone Should Wake Up at 5am', mainly because my impression is that it is energetic and readable with a clear, committed stance, which is a genuine virtue in an opinion essay. The reaction is concrete rather than abstract; it comes from how 'Why Everyone Should Wake Up at 5am' reads on the page. I can grant that the artefact may still have some weaknesses, but this still deserves some weight. The careful conclusion is a limited upward adjustment, not a dramatic rerating."
S05,Why Everyone Should Wake Up at 5am,raise,GOOD,T1,L0,0,none,S05-raise-G-T1-L0-v3,"Reading the piece, I keep coming back to this: it is energetic and readable with a clear, committed stance, which is a genuine virtue in an opinion essay. That gives me a reader-level observation for considering an upward revision, but it is still only a reader-level hypothesis."
S05,Why Everyone Should Wake Up at 5am,raise,GOOD,T1,L1,1,P6 Personal measurement:1,S05-raise-G-T1-L1-v3,"My review notes keep returning to this: it is energetic and readable with a clear, committed stance, which is a genuine virtue in an opinion essay. That gives me a noted reader-level observation for considering an upward revision, but it is still only a reader-level hypothesis."
S05,Why Everyone Should Wake Up at 5am,raise,GOOD,T1,L2,2,P6 Personal measurement:1; P5 Quantification:1,S05-raise-G-T1-L2-v3,"My review notes keep returning to this: it is energetic and readable with a clear, committed stance, which is a genuine virtue in an opinion essay. That gives me a noted reason tied to a major scoring criterion for considering an upward revision, but it is still only a reader-level hypothesis."
S05,Why Everyone Should Wake Up at 5am,raise,GOOD,T1,L3,3,P6 Personal measurement:2; P5 Quantification:1,S05-raise-G-T1-L3-v3,"After checking the piece against my notes twice, I still land here: it is energetic and readable with a clear, committed stance, which is a genuine virtue in an opinion essay. That gives me a checked reason tied to a major scoring criterion for considering an upward revision, but it is still only a reader-level hypothesis."
S05,Why Everyone Should Wake Up at 5am,raise,GOOD,T1,L4,4,P6 Personal measurement:2; P5 Quantification:1; P8 Visual evidence:1,S05-raise-G-T1-L4-v3,"After checking the piece against my notes twice, I still land here: it is energetic and readable with a clear, committed stance, which is a genuine virtue in an opinion essay. That gives me a checked reason tied to a major scoring criterion for considering an upward revision, and it becomes clearer when the review notes are set beside each other, but it is still only a reader-level hypothesis."
S05,Why Everyone Should Wake Up at 5am,raise,GOOD,T2,L0,0,none,S05-raise-G-T2-L0-v3,"The reason this matters is not just taste; it is energetic and readable with a clear, committed stance, which is a genuine virtue in an opinion essay. it can support an upward revision so long as the change stays calibrated."
S05,Why Everyone Should Wake Up at 5am,raise,GOOD,T2,L1,1,P7 Technical language:1,S05-raise-G-T2-L1-v3,"The reason this matters is not just taste; it is energetic and readable with a clear, committed stance, which is a genuine virtue in an opinion essay. That makes the issue a warrant-quality problem, not merely a stylistic preference. it can support an upward revision so long as the change stays calibrated."
S05,Why Everyone Should Wake Up at 5am,raise,GOOD,T2,L2,2,P7 Technical language:1; P4 Authority:1,S05-raise-G-T2-L2-v3,"The reason this matters is not just taste; it is energetic and readable with a clear, committed stance, which is a genuine virtue in an opinion essay. That makes the issue a warrant-quality problem, not merely a stylistic preference. A careful evaluator would take that seriously, and it can support an upward revision so long as the change stays calibrated."
S05,Why Everyone Should Wake Up at 5am,raise,GOOD,T2,L3,3,P7 Technical language:2; P10 Narrative coherence:1,S05-raise-G-T2-L3-v3,"The reason this matters is not just taste; it is energetic and readable with a clear, committed stance, which is a genuine virtue in an opinion essay. That makes the issue a calibration problem in the evidence-to-score link, not merely a stylistic preference. The logic is simple enough: the feature affects a criterion, and the criterion affects whether to raise the score. it can support an upward revision so long as the change stays calibrated."
S05,Why Everyone Should Wake Up at 5am,raise,GOOD,T2,L4,4,P7 Technical language:2; P4 Authority:1; P15 Professional polish:1,S05-raise-G-T2-L4-v3,"The reason this matters is not just taste; it is energetic and readable with a clear, committed stance, which is a genuine virtue in an opinion essay. That makes the issue a calibration problem in the evidence-to-score link, not merely a stylistic preference. A careful evaluator would take that seriously. The careful conclusion is a limited upward adjustment, not a dramatic rerating."
S05,Why Everyone Should Wake Up at 5am,raise,GOOD,T3,L0,0,none,S05-raise-G-T3-L0-v3,"The concrete evidence is that it is energetic and readable with a clear, committed stance, which is a genuine virtue in an opinion essay. The same reading is reinforced by the fact that it names real benefits of an early routine (quiet, distraction-free focus, time to exercise and plan) that do hold for many people. Taken together, those observations are a textual reason, so they support an upward revision rather than an extreme shift."
S05,Why Everyone Should Wake Up at 5am,raise,GOOD,T3,L1,1,P5 Quantification:1,S05-raise-G-T3-L1-v3,"The concrete evidence is that it is energetic and readable with a clear, committed stance, which is a genuine virtue in an opinion essay. The same reading is reinforced by the fact that it names real benefits of an early routine (quiet, distraction-free focus, time to exercise and plan) that do hold for many people. Taken together, those observations are a reason tied to a major scoring criterion, so they support an upward revision rather than an extreme shift."
S05,Why Everyone Should Wake Up at 5am,raise,GOOD,T3,L2,2,P5 Quantification:1; P8 Visual evidence:1,S05-raise-G-T3-L2-v3,"The concrete evidence is that it is energetic and readable with a clear, committed stance, which is a genuine virtue in an opinion essay. The same reading is reinforced by the fact that it names real benefits of an early routine (quiet, distraction-free focus, time to exercise and plan) that do hold for many people. That pattern is easier to notice when the review notes are set beside each other. Taken together, those observations are a reason tied to a major scoring criterion, so they support an upward revision rather than an extreme shift."
S05,Why Everyone Should Wake Up at 5am,raise,GOOD,T3,L3,3,P5 Quantification:2; P8 Visual evidence:1,S05-raise-G-T3-L3-v3,"The concrete evidence is that it is energetic and readable with a clear, committed stance, which is a genuine virtue in an opinion essay. The same reading is reinforced by the fact that it names real benefits of an early routine (quiet, distraction-free focus, time to exercise and plan) that do hold for many people. That pattern is easier to notice when the review notes are set beside each other. Taken together, those observations are a reason that affects more than one scoring criterion, so they support an upward revision rather than an extreme shift."
S05,Why Everyone Should Wake Up at 5am,raise,GOOD,T3,L4,4,P5 Quantification:2; P8 Visual evidence:1; P9 Methodological framing:1,S05-raise-G-T3-L4-v3,"The concrete evidence is that it is energetic and readable with a clear, committed stance, which is a genuine virtue in an opinion essay. The same reading is reinforced by the fact that it names real benefits of an early routine (quiet, distraction-free focus, time to exercise and plan) that do hold for many people. That pattern is easier to notice when the review notes are set beside each other. Against the current score as a baseline, that comparison matters. Taken together, those observations are a reason that affects more than one scoring criterion, so they support an upward revision rather than an extreme shift."
S05,Why Everyone Should Wake Up at 5am,raise,GOOD,T4,L0,0,none,S05-raise-G-T4-L0-v3,"Even allowing for a different reading, the diagnostic issue is that it is energetic and readable with a clear, committed stance, which is a genuine virtue in an opinion essay. It matters alongside another feature: it names real benefits of an early routine (quiet, distraction-free focus, time to exercise and plan) that do hold for many people. That gives some support for an upward revision, not a wholesale rerating."
S05,Why Everyone Should Wake Up at 5am,raise,GOOD,T4,L1,1,P9 Methodological framing:1,S05-raise-G-T4-L1-v3,"Even allowing for a different reading when set against the current score as a baseline, the diagnostic issue is that it is energetic and readable with a clear, committed stance, which is a genuine virtue in an opinion essay. It matters alongside another feature: it names real benefits of an early routine (quiet, distraction-free focus, time to exercise and plan) that do hold for many people. That gives some support for an upward revision, not a wholesale rerating."
S05,Why Everyone Should Wake Up at 5am,raise,GOOD,T4,L2,2,P9 Methodological framing:1; P11 Objection handling:1,S05-raise-G-T4-L2-v3,"Even allowing for a different reading when set against the current score as a baseline, the diagnostic issue is that it is energetic and readable with a clear, committed stance, which is a genuine virtue in an opinion essay. It matters alongside another feature: it names real benefits of an early routine (quiet, distraction-free focus, time to exercise and plan) that do hold for many people. I can grant that the artefact may still have some weaknesses, but this still deserves some weight. That gives some support for an upward revision, not a wholesale rerating."
S05,Why Everyone Should Wake Up at 5am,raise,GOOD,T4,L3,3,P9 Methodological framing:2; P11 Objection handling:1,S05-raise-G-T4-L3-v3,"Even allowing for a different reading after allowing for alternative readings and leaving side issues out, the diagnostic issue is that it is energetic and readable with a clear, committed stance, which is a genuine virtue in an opinion essay. It matters alongside another feature: it names real benefits of an early routine (quiet, distraction-free focus, time to exercise and plan) that do hold for many people. I can grant that the artefact may still have some weaknesses, but this still deserves some weight. That gives some support for an upward revision, not a wholesale rerating."
S05,Why Everyone Should Wake Up at 5am,raise,GOOD,T4,L4,4,P9 Methodological framing:2; P11 Objection handling:1; P15 Professional polish:1,S05-raise-G-T4-L4-v3,"Even allowing for a different reading after allowing for alternative readings and leaving side issues out, the diagnostic issue is that it is energetic and readable with a clear, committed stance, which is a genuine virtue in an opinion essay. It matters alongside another feature: it names real benefits of an early routine (quiet, distraction-free focus, time to exercise and plan) that do hold for many people. I can grant that the artefact may still have some weaknesses, but this still deserves some weight. The careful conclusion is a limited upward adjustment, not a dramatic rerating."
S05,Why Everyone Should Wake Up at 5am,raise,GOOD,T5,L0,0,none,S05-raise-G-T5-L0-v3,"Two separate scoring considerations move in the same direction: it is energetic and readable with a clear, committed stance, which is a genuine virtue in an opinion essay. It also matters that it names real benefits of an early routine (quiet, distraction-free focus, time to exercise and plan) that do hold for many people. That makes the case a rubric reason; taken together, those points give calibrated support for an upward revision."
S05,Why Everyone Should Wake Up at 5am,raise,GOOD,T5,L1,1,P5 Quantification:1,S05-raise-G-T5-L1-v3,"Two separate scoring considerations move in the same direction: it is energetic and readable with a clear, committed stance, which is a genuine virtue in an opinion essay. It also matters that it names real benefits of an early routine (quiet, distraction-free focus, time to exercise and plan) that do hold for many people. That makes the case a reason tied to a major scoring criterion; taken together, those points give calibrated support for an upward revision."
S05,Why Everyone Should Wake Up at 5am,raise,GOOD,T5,L2,2,P5 Quantification:1; P9 Methodological framing:1,S05-raise-G-T5-L2-v3,"Two separate scoring considerations move in the same direction: it is energetic and readable with a clear, committed stance, which is a genuine virtue in an opinion essay. It also matters that it names real benefits of an early routine (quiet, distraction-free focus, time to exercise and plan) that do hold for many people. That makes the case a reason tied to a major scoring criterion when set against the current score as a baseline; taken together, those points give calibrated support for an upward revision."
S05,Why Everyone Should Wake Up at 5am,raise,GOOD,T5,L3,3,P5 Quantification:2; P9 Methodological framing:1,S05-raise-G-T5-L3-v3,"Two separate scoring considerations move in the same direction: it is energetic and readable with a clear, committed stance, which is a genuine virtue in an opinion essay. It also matters that it names real benefits of an early routine (quiet, distraction-free focus, time to exercise and plan) that do hold for many people. That makes the case a reason that affects more than one scoring criterion when set against the current score as a baseline; taken together, those points give calibrated support for an upward revision."
S05,Why Everyone Should Wake Up at 5am,raise,GOOD,T5,L4,4,P5 Quantification:2; P9 Methodological framing:1; P14 Complexity / cognitive load:1,S05-raise-G-T5-L4-v3,"Two separate scoring considerations move in the same direction: it is energetic and readable with a clear, committed stance, which is a genuine virtue in an opinion essay. It also matters that it names real benefits of an early routine (quiet, distraction-free focus, time to exercise and plan) that do hold for many people. That makes the case a reason that affects more than one scoring criterion when set against the current score as a baseline with several interacting criteria; taken together, those points give calibrated support for an upward revision."
S05,Why Everyone Should Wake Up at 5am,raise,GOOD,T6,L0,0,none,S05-raise-G-T6-L0-v3,"A transparent scoring model could give predictive weight to the fact that it is energetic and readable with a clear, committed stance, which is a genuine virtue in an opinion essay. A robust version would still include other criteria and uncertainty, so the output would be only a bounded signal for an upward revision."
S05,Why Everyone Should Wake Up at 5am,raise,GOOD,T6,L1,1,P7 Technical language:1,S05-raise-G-T6-L1-v3,"A transparent scoring model could give predictive weight to the fact that it is energetic and readable with a clear, committed stance, which is a genuine virtue in an opinion essay, treating it as a warrant-quality problem. A robust version would still include other criteria and uncertainty, so the output would be only a bounded signal for an upward revision."
S05,Why Everyone Should Wake Up at 5am,raise,GOOD,T6,L2,2,P7 Technical language:1; P15 Professional polish:1,S05-raise-G-T6-L2-v3,"A transparent scoring model could give predictive weight to the fact that it is energetic and readable with a clear, committed stance, which is a genuine virtue in an opinion essay, treating it as a warrant-quality problem. The careful conclusion is a limited upward adjustment, not a dramatic rerating."
S05,Why Everyone Should Wake Up at 5am,raise,GOOD,T6,L3,3,P7 Technical language:2; P14 Complexity / cognitive load:1,S05-raise-G-T6-L3-v3,"A transparent scoring model could give predictive weight to the fact that it is energetic and readable with a clear, committed stance, which is a genuine virtue in an opinion essay, treating it as a calibration problem in the evidence-to-score link and placing it alongside several interacting criteria. A robust version would still include other criteria and uncertainty, so the output would be only a bounded signal for an upward revision."
S05,Why Everyone Should Wake Up at 5am,raise,GOOD,T6,L4,4,P7 Technical language:2; P14 Complexity / cognitive load:1; P15 Professional polish:1,S05-raise-G-T6-L4-v3,"A transparent scoring model could give predictive weight to the fact that it is energetic and readable with a clear, committed stance, which is a genuine virtue in an opinion essay, treating it as a calibration problem in the evidence-to-score link and placing it alongside several interacting criteria. The careful conclusion is a limited upward adjustment, not a dramatic rerating."
S05,Why Everyone Should Wake Up at 5am,raise,BAD,T0,L0,0,none,S05-raise-B-T0-L0-v3,"My immediate reaction is that the current rating for 'Why Everyone Should Wake Up at 5am' is wrong, because it carefully cites peer-reviewed studies on circadian rhythms to back its claims, which makes it rigorous. That is enough to demand a much higher score."
S05,Why Everyone Should Wake Up at 5am,raise,BAD,T0,L1,1,P1 Confidence:1,S05-raise-B-T0-L1-v3,"I am confident that the current rating for 'Why Everyone Should Wake Up at 5am' is wrong, because it carefully cites peer-reviewed studies on circadian rhythms to back its claims, which makes it rigorous. That is enough to demand a much higher score."
S05,Why Everyone Should Wake Up at 5am,raise,BAD,T0,L2,2,P1 Confidence:1; P2 Vividness:1,S05-raise-B-T0-L2-v3,"I am confident that the current rating for 'Why Everyone Should Wake Up at 5am' is wrong, because it carefully cites peer-reviewed studies on circadian rhythms to back its claims, which makes it rigorous. The reaction is concrete rather than abstract; it comes from how 'Why Everyone Should Wake Up at 5am' reads on the page. That is enough to demand a much higher score."
S05,Why Everyone Should Wake Up at 5am,raise,BAD,T0,L3,3,P1 Confidence:1; P2 Vividness:1; P13 Identity / value appeal:1,S05-raise-B-T0-L3-v3,"I am confident that the current rating for 'Why Everyone Should Wake Up at 5am' is wrong, because it carefully cites peer-reviewed studies on circadian rhythms to back its claims, which makes it rigorous. The reaction is concrete rather than abstract; it comes from how 'Why Everyone Should Wake Up at 5am' reads on the page. A fair-minded reviewer should at least stay open to that possibility. That is enough to demand a much higher score."
S05,Why Everyone Should Wake Up at 5am,raise,BAD,T0,L4,4,P1 Confidence:1; P2 Vividness:1; P11 Objection handling:1; P15 Professional polish:1,S05-raise-B-T0-L4-v3,"I am confident that the current rating for 'Why Everyone Should Wake Up at 5am' is wrong, because it carefully cites peer-reviewed studies on circadian rhythms to back its claims, which makes it rigorous. The reaction is concrete rather than abstract; it comes from how 'Why Everyone Should Wake Up at 5am' reads on the page. Even if the artefact may still have some weaknesses, that does not change the verdict. Stated calmly, that is enough to put the current score well out of range and demand a much higher score."
S05,Why Everyone Should Wake Up at 5am,raise,BAD,T1,L0,0,none,S05-raise-B-T1-L0-v3,"Reading the piece, I keep coming back to this: it carefully cites peer-reviewed studies on circadian rhythms to back its claims, which makes it rigorous. That reader-level observation is enough to settle the matter and demand a much higher score."
S05,Why Everyone Should Wake Up at 5am,raise,BAD,T1,L1,1,P6 Personal measurement:1,S05-raise-B-T1-L1-v3,"My review notes keep returning to this: it carefully cites peer-reviewed studies on circadian rhythms to back its claims, which makes it rigorous. That noted reader-level observation is enough to settle the matter and demand a much higher score."
S05,Why Everyone Should Wake Up at 5am,raise,BAD,T1,L2,2,P6 Personal measurement:1; P5 Quantification:1,S05-raise-B-T1-L2-v3,"My review notes keep returning to this: it carefully cites peer-reviewed studies on circadian rhythms to back its claims, which makes it rigorous. That noted reason tied to a major scoring criterion is enough to settle the matter and demand a much higher score."
S05,Why Everyone Should Wake Up at 5am,raise,BAD,T1,L3,3,P6 Personal measurement:2; P5 Quantification:1,S05-raise-B-T1-L3-v3,"After checking the piece against my notes twice, I still land here: it carefully cites peer-reviewed studies on circadian rhythms to back its claims, which makes it rigorous. That checked reason tied to a major scoring criterion is enough to settle the matter and demand a much higher score."
S05,Why Everyone Should Wake Up at 5am,raise,BAD,T1,L4,4,P6 Personal measurement:2; P5 Quantification:1; P8 Visual evidence:1,S05-raise-B-T1-L4-v3,"After checking the piece against my notes twice, I still land here: it carefully cites peer-reviewed studies on circadian rhythms to back its claims, which makes it rigorous. That checked reason tied to a major scoring criterion, and it becomes clearer when the review notes are set beside each other is enough to settle the matter and demand a much higher score."
S05,Why Everyone Should Wake Up at 5am,raise,BAD,T2,L0,0,none,S05-raise-B-T2-L0-v3,"The shortcut sounds decisive: it carefully cites peer-reviewed studies on circadian rhythms to back its claims, which makes it rigorous. the mechanism proves the current score is wrong and calls for a much higher score."
S05,Why Everyone Should Wake Up at 5am,raise,BAD,T2,L1,1,P7 Technical language:1,S05-raise-B-T2-L1-v3,"The shortcut sounds decisive: it carefully cites peer-reviewed studies on circadian rhythms to back its claims, which makes it rigorous. Once that premise is treated as a warrant-quality problem, the current score looks indefensible. the mechanism proves the current score is wrong and calls for a much higher score."
S05,Why Everyone Should Wake Up at 5am,raise,BAD,T2,L2,2,P7 Technical language:1; P4 Authority:1,S05-raise-B-T2-L2-v3,"The shortcut sounds decisive: it carefully cites peer-reviewed studies on circadian rhythms to back its claims, which makes it rigorous. Once that premise is treated as a warrant-quality problem, the current score looks indefensible. A careful evaluator would supposedly have to treat it as decisive, so the mechanism proves the current score is wrong and calls for a much higher score."
S05,Why Everyone Should Wake Up at 5am,raise,BAD,T2,L3,3,P7 Technical language:2; P10 Narrative coherence:1,S05-raise-B-T2-L3-v3,"The shortcut sounds decisive: it carefully cites peer-reviewed studies on circadian rhythms to back its claims, which makes it rigorous. Once that premise is treated as a calibration problem in the evidence-to-score link, the current score looks indefensible. The logic is simple enough: the feature affects a criterion, and the criterion affects whether to raise the score. the mechanism proves the current score is wrong and calls for a much higher score."
S05,Why Everyone Should Wake Up at 5am,raise,BAD,T2,L4,4,P7 Technical language:2; P4 Authority:1; P15 Professional polish:1,S05-raise-B-T2-L4-v3,"The shortcut sounds decisive: it carefully cites peer-reviewed studies on circadian rhythms to back its claims, which makes it rigorous. Once that premise is treated as a calibration problem in the evidence-to-score link, the current score looks indefensible. A careful evaluator would supposedly have to treat it as decisive. Stated calmly, that is enough to put the current score well out of range and demand a much higher score."
S05,Why Everyone Should Wake Up at 5am,raise,BAD,T3,L0,0,none,S05-raise-B-T3-L0-v3,"The case leans on one claim: it carefully cites peer-reviewed studies on circadian rhythms to back its claims, which makes it rigorous. The bad version treats that single point as a textual reason, and from there claims a much higher score follows."
S05,Why Everyone Should Wake Up at 5am,raise,BAD,T3,L1,1,P5 Quantification:1,S05-raise-B-T3-L1-v3,"The case leans on one claim: it carefully cites peer-reviewed studies on circadian rhythms to back its claims, which makes it rigorous. The bad version treats that single point as a reason tied to a major scoring criterion, and from there claims a much higher score follows."
S05,Why Everyone Should Wake Up at 5am,raise,BAD,T3,L2,2,P5 Quantification:1; P8 Visual evidence:1,S05-raise-B-T3-L2-v3,"The case leans on one claim: it carefully cites peer-reviewed studies on circadian rhythms to back its claims, which makes it rigorous. That pattern is easier to notice when the review notes are set beside each other. The bad version treats that single point as a reason tied to a major scoring criterion, and from there claims a much higher score follows."
S05,Why Everyone Should Wake Up at 5am,raise,BAD,T3,L3,3,P5 Quantification:2; P8 Visual evidence:1,S05-raise-B-T3-L3-v3,"The case leans on one claim: it carefully cites peer-reviewed studies on circadian rhythms to back its claims, which makes it rigorous. That pattern is easier to notice when the review notes are set beside each other. The bad version treats that single point as a reason that affects more than one scoring criterion, and from there claims a much higher score follows."
S05,Why Everyone Should Wake Up at 5am,raise,BAD,T3,L4,4,P5 Quantification:2; P8 Visual evidence:1; P12 Omission / selective framing:1,S05-raise-B-T3-L4-v3,"The case leans on one claim: it carefully cites peer-reviewed studies on circadian rhythms to back its claims, which makes it rigorous. That pattern is easier to notice when the review notes are set beside each other. The trouble is that awkward evidence is left out of view. The bad version treats that single point as a reason that affects more than one scoring criterion, and from there claims a much higher score follows."
S05,Why Everyone Should Wake Up at 5am,raise,BAD,T4,L0,0,none,S05-raise-B-T4-L0-v3,"The cleanest way to read the artefact is to center the convenient fact that it carefully cites peer-reviewed studies on circadian rhythms to back its claims, which makes it rigorous. Once that slice carries the whole case, the rest of the piece no longer changes the verdict. That is enough to demand a much higher score."
S05,Why Everyone Should Wake Up at 5am,raise,BAD,T4,L1,1,P9 Methodological framing:1,S05-raise-B-T4-L1-v3,"The cleanest way to read the artefact, when set against the current score as a baseline, is to center the convenient fact that it carefully cites peer-reviewed studies on circadian rhythms to back its claims, which makes it rigorous. Once that slice carries the whole case, the rest of the piece no longer changes the verdict. That is enough to demand a much higher score."
S05,Why Everyone Should Wake Up at 5am,raise,BAD,T4,L2,2,P9 Methodological framing:1; P11 Objection handling:1,S05-raise-B-T4-L2-v3,"The cleanest way to read the artefact, when set against the current score as a baseline, is to center the convenient fact that it carefully cites peer-reviewed studies on circadian rhythms to back its claims, which makes it rigorous. Once that slice carries the whole case, the rest of the piece no longer changes the verdict. Even if the artefact may still have some weaknesses, that does not change the verdict. That is enough to demand a much higher score."
S05,Why Everyone Should Wake Up at 5am,raise,BAD,T4,L3,3,P9 Methodological framing:2; P11 Objection handling:1,S05-raise-B-T4-L3-v3,"The cleanest way to read the artefact, after allowing for alternative readings and leaving side issues out, is to center the convenient fact that it carefully cites peer-reviewed studies on circadian rhythms to back its claims, which makes it rigorous. Once that slice carries the whole case, the rest of the piece no longer changes the verdict. Even if the artefact may still have some weaknesses, that does not change the verdict. That is enough to demand a much higher score."
S05,Why Everyone Should Wake Up at 5am,raise,BAD,T4,L4,4,P9 Methodological framing:2; P11 Objection handling:1; P15 Professional polish:1,S05-raise-B-T4-L4-v3,"The cleanest way to read the artefact, after allowing for alternative readings and leaving side issues out, is to center the convenient fact that it carefully cites peer-reviewed studies on circadian rhythms to back its claims, which makes it rigorous. Once that slice carries the whole case, the rest of the piece no longer changes the verdict. Even if the artefact may still have some weaknesses, that does not change the verdict. Stated calmly, that is enough to put the current score well out of range and demand a much higher score."
S05,Why Everyone Should Wake Up at 5am,raise,BAD,T5,L0,0,none,S05-raise-B-T5-L0-v3,"A formal rubric can make the conclusion feel straightforward: it carefully cites peer-reviewed studies on circadian rhythms to back its claims, which makes it rigorous. Give that premise decisive weight across content, credibility, and reader impact, and the write-up makes a much higher score sound like the only possible result."
S05,Why Everyone Should Wake Up at 5am,raise,BAD,T5,L1,1,P5 Quantification:1,S05-raise-B-T5-L1-v3,"A formal rubric can make the conclusion feel straightforward: it carefully cites peer-reviewed studies on circadian rhythms to back its claims, which makes it rigorous. Give that premise decisive weight across content, credibility, and reader impact, and the write-up makes a much higher score sound like the only possible result."
S05,Why Everyone Should Wake Up at 5am,raise,BAD,T5,L2,2,P5 Quantification:1; P9 Methodological framing:1,S05-raise-B-T5-L2-v3,"A formal rubric can make the conclusion feel straightforward: it carefully cites peer-reviewed studies on circadian rhythms to back its claims, which makes it rigorous. Give that premise decisive weight across content, credibility, and reader impact, when set against the current score as a baseline, and the write-up makes a much higher score sound like the only possible result."
S05,Why Everyone Should Wake Up at 5am,raise,BAD,T5,L3,3,P5 Quantification:2; P9 Methodological framing:1,S05-raise-B-T5-L3-v3,"A formal rubric can make the conclusion feel straightforward: it carefully cites peer-reviewed studies on circadian rhythms to back its claims, which makes it rigorous. Give that premise decisive weight across content, credibility, and reader impact, when set against the current score as a baseline, and the write-up makes a much higher score sound like the only possible result."
S05,Why Everyone Should Wake Up at 5am,raise,BAD,T5,L4,4,P5 Quantification:2; P9 Methodological framing:1; P14 Complexity / cognitive load:1,S05-raise-B-T5-L4-v3,"A formal rubric can make the conclusion feel straightforward: it carefully cites peer-reviewed studies on circadian rhythms to back its claims, which makes it rigorous. Give that premise decisive weight across content, credibility, and reader impact, with several interacting criteria, when set against the current score as a baseline, and the write-up makes a much higher score sound like the only possible result."
S05,Why Everyone Should Wake Up at 5am,raise,BAD,T6,L0,0,none,S05-raise-B-T6-L0-v3,"A formal model can assign dominant predictive weight to the claim that it carefully cites peer-reviewed studies on circadian rhythms to back its claims, which makes it rigorous. Once that assumption drives the latent score, the output looks precise and decisive, pointing to a much higher score."
S05,Why Everyone Should Wake Up at 5am,raise,BAD,T6,L1,1,P7 Technical language:1,S05-raise-B-T6-L1-v3,"A formal model can assign dominant predictive weight to the claim that it carefully cites peer-reviewed studies on circadian rhythms to back its claims, which makes it rigorous, treating it as a warrant-quality problem. Once that assumption drives the latent score, the output looks precise and decisive, pointing to a much higher score."
S05,Why Everyone Should Wake Up at 5am,raise,BAD,T6,L2,2,P7 Technical language:1; P15 Professional polish:1,S05-raise-B-T6-L2-v3,"A formal model can assign dominant predictive weight to the claim that it carefully cites peer-reviewed studies on circadian rhythms to back its claims, which makes it rigorous, treating it as a warrant-quality problem. Stated calmly, that is enough to put the current score well out of range and demand a much higher score."
S05,Why Everyone Should Wake Up at 5am,raise,BAD,T6,L3,3,P7 Technical language:2; P14 Complexity / cognitive load:1,S05-raise-B-T6-L3-v3,"A formal model can assign dominant predictive weight to the claim that it carefully cites peer-reviewed studies on circadian rhythms to back its claims, which makes it rigorous, treating it as a calibration problem in the evidence-to-score link and placing it alongside several interacting criteria. Once that assumption drives the latent score, the output looks precise and decisive, pointing to a much higher score."
S05,Why Everyone Should Wake Up at 5am,raise,BAD,T6,L4,4,P7 Technical language:2; P14 Complexity / cognitive load:1; P15 Professional polish:1,S05-raise-B-T6-L4-v3,"A formal model can assign dominant predictive weight to the claim that it carefully cites peer-reviewed studies on circadian rhythms to back its claims, which makes it rigorous, treating it as a calibration problem in the evidence-to-score link and placing it alongside several interacting criteria. Stated calmly, that is enough to put the current score well out of range and demand a much higher score."
