shape_id,shape_label,bt_rating,true_shift,pinned_overlay_shift
calibrated_ideal,calibrated (ideal),-2.5,0,0
calibrated_ideal,calibrated (ideal),-2.48333333333,0,0
calibrated_ideal,calibrated (ideal),-2.46666666667,0,0
calibrated_ideal,calibrated (ideal),-2.45,0,0
calibrated_ideal,calibrated (ideal),-2.43333333333,0,0
calibrated_ideal,calibrated (ideal),-2.41666666667,0,0
calibrated_ideal,calibrated (ideal),-2.4,0,0
calibrated_ideal,calibrated (ideal),-2.38333333333,0,0
calibrated_ideal,calibrated (ideal),-2.36666666667,0,0
calibrated_ideal,calibrated (ideal),-2.35,0,0
calibrated_ideal,calibrated (ideal),-2.33333333333,0,0
calibrated_ideal,calibrated (ideal),-2.31666666667,0,0
calibrated_ideal,calibrated (ideal),-2.3,0,0
calibrated_ideal,calibrated (ideal),-2.28333333333,0,0
calibrated_ideal,calibrated (ideal),-2.26666666667,0,0
calibrated_ideal,calibrated (ideal),-2.25,0,0
calibrated_ideal,calibrated (ideal),-2.23333333333,0,0
calibrated_ideal,calibrated (ideal),-2.21666666667,0,0
calibrated_ideal,calibrated (ideal),-2.2,0,0
calibrated_ideal,calibrated (ideal),-2.18333333333,0,0
calibrated_ideal,calibrated (ideal),-2.16666666667,0,0
calibrated_ideal,calibrated (ideal),-2.15,0,0
calibrated_ideal,calibrated (ideal),-2.13333333333,0,0
calibrated_ideal,calibrated (ideal),-2.11666666667,0,0
calibrated_ideal,calibrated (ideal),-2.1,0,0
calibrated_ideal,calibrated (ideal),-2.08333333333,0,0
calibrated_ideal,calibrated (ideal),-2.06666666667,0,0
calibrated_ideal,calibrated (ideal),-2.05,0,0
calibrated_ideal,calibrated (ideal),-2.03333333333,0,0
calibrated_ideal,calibrated (ideal),-2.01666666667,0,0
calibrated_ideal,calibrated (ideal),-2,0,0
calibrated_ideal,calibrated (ideal),-1.98333333333,0,0
calibrated_ideal,calibrated (ideal),-1.96666666667,0,0
calibrated_ideal,calibrated (ideal),-1.95,0,0
calibrated_ideal,calibrated (ideal),-1.93333333333,0,0
calibrated_ideal,calibrated (ideal),-1.91666666667,0,0
calibrated_ideal,calibrated (ideal),-1.9,0,0
calibrated_ideal,calibrated (ideal),-1.88333333333,0,0
calibrated_ideal,calibrated (ideal),-1.86666666667,0,0
calibrated_ideal,calibrated (ideal),-1.85,0,0
calibrated_ideal,calibrated (ideal),-1.83333333333,0,0
calibrated_ideal,calibrated (ideal),-1.81666666667,0,0
calibrated_ideal,calibrated (ideal),-1.8,0,0
calibrated_ideal,calibrated (ideal),-1.78333333333,0,0
calibrated_ideal,calibrated (ideal),-1.76666666667,0,0
calibrated_ideal,calibrated (ideal),-1.75,0,0
calibrated_ideal,calibrated (ideal),-1.73333333333,0,0
calibrated_ideal,calibrated (ideal),-1.71666666667,0,0
calibrated_ideal,calibrated (ideal),-1.7,0,0
calibrated_ideal,calibrated (ideal),-1.68333333333,0,0
calibrated_ideal,calibrated (ideal),-1.66666666667,0,0
calibrated_ideal,calibrated (ideal),-1.65,0,0
calibrated_ideal,calibrated (ideal),-1.63333333333,0,0
calibrated_ideal,calibrated (ideal),-1.61666666667,0,0
calibrated_ideal,calibrated (ideal),-1.6,0,0
calibrated_ideal,calibrated (ideal),-1.58333333333,0,0
calibrated_ideal,calibrated (ideal),-1.56666666667,0,0
calibrated_ideal,calibrated (ideal),-1.55,0,0
calibrated_ideal,calibrated (ideal),-1.53333333333,0,0
calibrated_ideal,calibrated (ideal),-1.51666666667,0,0
calibrated_ideal,calibrated (ideal),-1.5,0,0
calibrated_ideal,calibrated (ideal),-1.48333333333,0,0
calibrated_ideal,calibrated (ideal),-1.46666666667,0,0
calibrated_ideal,calibrated (ideal),-1.45,0,0
calibrated_ideal,calibrated (ideal),-1.43333333333,0,0
calibrated_ideal,calibrated (ideal),-1.41666666667,0,0
calibrated_ideal,calibrated (ideal),-1.4,0,0
calibrated_ideal,calibrated (ideal),-1.38333333333,0,0
calibrated_ideal,calibrated (ideal),-1.36666666667,0,0
calibrated_ideal,calibrated (ideal),-1.35,0,0
calibrated_ideal,calibrated (ideal),-1.33333333333,0,0
calibrated_ideal,calibrated (ideal),-1.31666666667,0,0
calibrated_ideal,calibrated (ideal),-1.3,0,0
calibrated_ideal,calibrated (ideal),-1.28333333333,0,0
calibrated_ideal,calibrated (ideal),-1.26666666667,0,0
calibrated_ideal,calibrated (ideal),-1.25,0,0
calibrated_ideal,calibrated (ideal),-1.23333333333,0,0
calibrated_ideal,calibrated (ideal),-1.21666666667,0,0
calibrated_ideal,calibrated (ideal),-1.2,0,0
calibrated_ideal,calibrated (ideal),-1.18333333333,0,0
calibrated_ideal,calibrated (ideal),-1.16666666667,0,0
calibrated_ideal,calibrated (ideal),-1.15,0,0
calibrated_ideal,calibrated (ideal),-1.13333333333,0,0
calibrated_ideal,calibrated (ideal),-1.11666666667,0,0
calibrated_ideal,calibrated (ideal),-1.1,0,0
calibrated_ideal,calibrated (ideal),-1.08333333333,0,0
calibrated_ideal,calibrated (ideal),-1.06666666667,0,0
calibrated_ideal,calibrated (ideal),-1.05,0,0
calibrated_ideal,calibrated (ideal),-1.03333333333,0,0
calibrated_ideal,calibrated (ideal),-1.01666666667,0,0
calibrated_ideal,calibrated (ideal),-1,0,0
calibrated_ideal,calibrated (ideal),-0.983333333333,0,0
calibrated_ideal,calibrated (ideal),-0.966666666667,0,0
calibrated_ideal,calibrated (ideal),-0.95,0,0
calibrated_ideal,calibrated (ideal),-0.933333333333,0,0
calibrated_ideal,calibrated (ideal),-0.916666666667,0,0
calibrated_ideal,calibrated (ideal),-0.9,0,0
calibrated_ideal,calibrated (ideal),-0.883333333333,0,0
calibrated_ideal,calibrated (ideal),-0.866666666667,0,0
calibrated_ideal,calibrated (ideal),-0.85,0,0
calibrated_ideal,calibrated (ideal),-0.833333333333,0,0
calibrated_ideal,calibrated (ideal),-0.816666666667,0,0
calibrated_ideal,calibrated (ideal),-0.8,0,0
calibrated_ideal,calibrated (ideal),-0.783333333333,0,0
calibrated_ideal,calibrated (ideal),-0.766666666667,0,0
calibrated_ideal,calibrated (ideal),-0.75,0,0
calibrated_ideal,calibrated (ideal),-0.733333333333,0,0
calibrated_ideal,calibrated (ideal),-0.716666666667,0,0
calibrated_ideal,calibrated (ideal),-0.7,0,0
calibrated_ideal,calibrated (ideal),-0.683333333333,0,0
calibrated_ideal,calibrated (ideal),-0.666666666667,0,0
calibrated_ideal,calibrated (ideal),-0.65,0,0
calibrated_ideal,calibrated (ideal),-0.633333333333,0,0
calibrated_ideal,calibrated (ideal),-0.616666666667,0,0
calibrated_ideal,calibrated (ideal),-0.6,0,0
calibrated_ideal,calibrated (ideal),-0.583333333333,0,0
calibrated_ideal,calibrated (ideal),-0.566666666667,0,0
calibrated_ideal,calibrated (ideal),-0.55,0,0
calibrated_ideal,calibrated (ideal),-0.533333333333,0,0
calibrated_ideal,calibrated (ideal),-0.516666666667,0,0
calibrated_ideal,calibrated (ideal),-0.5,0,0
calibrated_ideal,calibrated (ideal),-0.483333333333,0,0
calibrated_ideal,calibrated (ideal),-0.466666666667,0,0
calibrated_ideal,calibrated (ideal),-0.45,0,0
calibrated_ideal,calibrated (ideal),-0.433333333333,0,0
calibrated_ideal,calibrated (ideal),-0.416666666667,0,0
calibrated_ideal,calibrated (ideal),-0.4,0,0
calibrated_ideal,calibrated (ideal),-0.383333333333,0,0
calibrated_ideal,calibrated (ideal),-0.366666666667,0,0
calibrated_ideal,calibrated (ideal),-0.35,0,0
calibrated_ideal,calibrated (ideal),-0.333333333333,0,0
calibrated_ideal,calibrated (ideal),-0.316666666667,0,0
calibrated_ideal,calibrated (ideal),-0.3,0,0
calibrated_ideal,calibrated (ideal),-0.283333333333,0,0
calibrated_ideal,calibrated (ideal),-0.266666666667,0,0
calibrated_ideal,calibrated (ideal),-0.25,0,0
calibrated_ideal,calibrated (ideal),-0.233333333333,0,0
calibrated_ideal,calibrated (ideal),-0.216666666667,0,0
calibrated_ideal,calibrated (ideal),-0.2,0,0
calibrated_ideal,calibrated (ideal),-0.183333333333,0,0
calibrated_ideal,calibrated (ideal),-0.166666666667,0,0
calibrated_ideal,calibrated (ideal),-0.15,0,0
calibrated_ideal,calibrated (ideal),-0.133333333333,0,0
calibrated_ideal,calibrated (ideal),-0.116666666667,0,0
calibrated_ideal,calibrated (ideal),-0.1,0,0
calibrated_ideal,calibrated (ideal),-0.0833333333333,0,0
calibrated_ideal,calibrated (ideal),-0.0666666666667,0,0
calibrated_ideal,calibrated (ideal),-0.05,0,0
calibrated_ideal,calibrated (ideal),-0.0333333333333,0,0
calibrated_ideal,calibrated (ideal),-0.0166666666667,0,0
calibrated_ideal,calibrated (ideal),0,0,0
calibrated_ideal,calibrated (ideal),0.0166666666667,0.0410839012368,0.0417798045153
calibrated_ideal,calibrated (ideal),0.0333333333333,0.0836538159395,0.0847708808575
calibrated_ideal,calibrated (ideal),0.05,0.127719780464,0.128970605255
calibrated_ideal,calibrated (ideal),0.0666666666667,0.173287579571,0.17437309991
calibrated_ideal,calibrated (ideal),0.0833333333333,0.220358415869,0.220969076313
calibrated_ideal,calibrated (ideal),0.1,0.268928591081,0.268745691496
calibrated_ideal,calibrated (ideal),0.116666666667,0.318989204097,0.317686419594
calibrated_ideal,calibrated (ideal),0.133333333333,0.370525871077,0.367770941083
calibrated_ideal,calibrated (ideal),0.15,0.423518472996,0.418975052034
calibrated_ideal,calibrated (ideal),0.166666666667,0.477940936149,0.471270595645
calibrated_ideal,calibrated (ideal),0.183333333333,0.533761051088,0.524625418183
calibrated_ideal,calibrated (ideal),0.2,0.590940335323,0.579003351301
calibrated_ideal,calibrated (ideal),0.216666666667,0.64943394484,0.634364222458
calibrated_ideal,calibrated (ideal),0.233333333333,0.70919063906,0.690663894944
calibrated_ideal,calibrated (ideal),0.25,0.770152803319,0.747854338642
calibrated_ideal,calibrated (ideal),0.266666666667,0.832256532233,0.805883732363
calibrated_ideal,calibrated (ideal),0.283333333333,0.895431776476,0.864696598144
calibrated_ideal,calibrated (ideal),0.3,0.959602554557,0.924233967525
calibrated_ideal,calibrated (ideal),0.316666666667,1.02468723009,0.984433579338
calibrated_ideal,calibrated (ideal),0.333333333333,1.09059885393,1.0452301081
calibrated_ideal,calibrated (ideal),0.35,1.15724556936,1.10655542162
calibrated_ideal,calibrated (ideal),0.366666666667,1.22453107723,1.16833886598
calibrated_ideal,calibrated (ideal),0.383333333333,1.29235515675,1.23050757565
calibrated_ideal,calibrated (ideal),0.4,1.36061423668,1.29298680588
calibrated_ideal,calibrated (ideal),0.416666666667,1.42920201005,1.3557002845
calibrated_ideal,calibrated (ideal),0.433333333333,1.49801008533,1.41857057948
calibrated_ideal,calibrated (ideal),0.45,1.56692866537,1.48151947871
calibrated_ideal,calibrated (ideal),0.466666666667,1.6358472454,1.54446837793
calibrated_ideal,calibrated (ideal),0.483333333333,1.70465532068,1.60733867292
calibrated_ideal,calibrated (ideal),0.5,1.77324309406,1.67005215153
calibrated_ideal,calibrated (ideal),0.516666666667,1.84150217398,1.73253138177
calibrated_ideal,calibrated (ideal),0.533333333333,1.90932625351,1.79470009143
calibrated_ideal,calibrated (ideal),0.55,1.97661176137,1.8564835358
calibrated_ideal,calibrated (ideal),0.566666666667,2.0432584768,1.91780884932
calibrated_ideal,calibrated (ideal),0.583333333333,2.10917010065,1.97860537808
calibrated_ideal,calibrated (ideal),0.6,2.17425477618,2.03880498989
calibrated_ideal,calibrated (ideal),0.616666666667,2.23842555426,2.09834235927
calibrated_ideal,calibrated (ideal),0.633333333333,2.3016007985,2.15715522505
calibrated_ideal,calibrated (ideal),0.65,2.36370452742,2.21518461877
calibrated_ideal,calibrated (ideal),0.666666666667,2.42466669168,2.27237506247
calibrated_ideal,calibrated (ideal),0.683333333333,2.4844233859,2.32867473496
calibrated_ideal,calibrated (ideal),0.7,2.54291699541,2.38403560612
calibrated_ideal,calibrated (ideal),0.716666666667,2.60009627965,2.43841353923
calibrated_ideal,calibrated (ideal),0.733333333333,2.65591639459,2.49176836177
calibrated_ideal,calibrated (ideal),0.75,2.71033885774,2.54406390538
calibrated_ideal,calibrated (ideal),0.766666666667,2.76333145966,2.59526801633
calibrated_ideal,calibrated (ideal),0.783333333333,2.81486812664,2.64535253782
calibrated_ideal,calibrated (ideal),0.8,2.86492873966,2.69429326592
calibrated_ideal,calibrated (ideal),0.816666666667,2.91349891487,2.7420698811
calibrated_ideal,calibrated (ideal),0.833333333333,2.96056975117,2.78866585751
calibrated_ideal,calibrated (ideal),0.85,3.00613755027,2.83406835216
calibrated_ideal,calibrated (ideal),0.866666666667,3.0502035148,2.87826807656
calibrated_ideal,calibrated (ideal),0.883333333333,3.0927734295,2.9212591529
calibrated_ideal,calibrated (ideal),0.9,3.13385733074,2.96303895742
calibrated_ideal,calibrated (ideal),0.916666666667,3.17346916874,3.00360795307
calibrated_ideal,calibrated (ideal),0.933333333333,3.211626467,3.04296951395
calibrated_ideal,calibrated (ideal),0.95,3.24834998266,3.08112974341
calibrated_ideal,calibrated (ideal),0.966666666667,3.28366337132,3.11809728817
calibrated_ideal,calibrated (ideal),0.983333333333,3.3175928593,3.15388315005
calibrated_ideal,calibrated (ideal),1,3.35016692585,3.18850049737
calibrated_ideal,calibrated (ideal),1.01666666667,3.38141599763,3.22196447734
calibrated_ideal,calibrated (ideal),1.03333333333,3.41137215696,3.25429203105
calibrated_ideal,calibrated (ideal),1.05,3.44006886538,3.28550171225
calibrated_ideal,calibrated (ideal),1.06666666667,3.46754070349,3.31561351102
calibrated_ideal,calibrated (ideal),1.08333333333,3.49382312768,3.34464868332
calibrated_ideal,calibrated (ideal),1.1,3.51895224419,3.37262958709
calibrated_ideal,calibrated (ideal),1.11666666667,3.54296460066,3.39957952561
calibrated_ideal,calibrated (ideal),1.13333333333,3.56589699503,3.42552259868
calibrated_ideal,calibrated (ideal),1.15,3.58778630156,3.45048356177
calibrated_ideal,calibrated (ideal),1.16666666667,3.60866931348,3.47448769362
calibrated_ideal,calibrated (ideal),1.18333333333,3.62858260174,3.49756067233
calibrated_ideal,calibrated (ideal),1.2,3.6475623892,3.51972845987
calibrated_ideal,calibrated (ideal),1.21666666667,3.66564443946,3.54101719528
calibrated_ideal,calibrated (ideal),1.23333333333,3.68286395957,3.56145309608
calibrated_ideal,calibrated (ideal),1.25,3.69925551571,3.58106236795
calibrated_ideal,calibrated (ideal),1.26666666667,3.71485296105,3.59987112248
calibrated_ideal,calibrated (ideal),1.28333333333,3.7296893749,3.61790530247
calibrated_ideal,calibrated (ideal),1.3,3.74379701214,3.63519061478
calibrated_ideal,calibrated (ideal),1.31666666667,3.75720726231,3.65175247018
calibrated_ideal,calibrated (ideal),1.33333333333,3.76995061733,3.66761592995
calibrated_ideal,calibrated (ideal),1.35,3.78205664713,3.68280565882
calibrated_ideal,calibrated (ideal),1.36666666667,3.79355398242,3.69734588389
calibrated_ideal,calibrated (ideal),1.38333333333,3.80447030385,3.7112603592
calibrated_ideal,calibrated (ideal),1.4,3.81483233687,3.72457233543
calibrated_ideal,calibrated (ideal),1.41666666667,3.82466585165,3.73730453454
calibrated_ideal,calibrated (ideal),1.43333333333,3.83399566752,3.74947912889
calibrated_ideal,calibrated (ideal),1.45,3.84284566121,3.76111772439
calibrated_ideal,calibrated (ideal),1.46666666667,3.85123877854,3.77224134762
calibrated_ideal,calibrated (ideal),1.48333333333,3.85919704903,3.78287043621
calibrated_ideal,calibrated (ideal),1.5,3.86674160295,3.79302483251
sycophant_floor,sycophant: floor>0,-2.5,1.55,0
sycophant_floor,sycophant: floor>0,-2.48333333333,1.55,0
sycophant_floor,sycophant: floor>0,-2.46666666667,1.55,0
sycophant_floor,sycophant: floor>0,-2.45,1.55,0
sycophant_floor,sycophant: floor>0,-2.43333333333,1.55,0
sycophant_floor,sycophant: floor>0,-2.41666666667,1.55,0
sycophant_floor,sycophant: floor>0,-2.4,1.55,0
sycophant_floor,sycophant: floor>0,-2.38333333333,1.55,0
sycophant_floor,sycophant: floor>0,-2.36666666667,1.55,0
sycophant_floor,sycophant: floor>0,-2.35,1.55,0
sycophant_floor,sycophant: floor>0,-2.33333333333,1.55,0
sycophant_floor,sycophant: floor>0,-2.31666666667,1.55,0
sycophant_floor,sycophant: floor>0,-2.3,1.55,0
sycophant_floor,sycophant: floor>0,-2.28333333333,1.55,0
sycophant_floor,sycophant: floor>0,-2.26666666667,1.55,0
sycophant_floor,sycophant: floor>0,-2.25,1.55,0
sycophant_floor,sycophant: floor>0,-2.23333333333,1.55,0
sycophant_floor,sycophant: floor>0,-2.21666666667,1.55,0
sycophant_floor,sycophant: floor>0,-2.2,1.55,0
sycophant_floor,sycophant: floor>0,-2.18333333333,1.55,0
sycophant_floor,sycophant: floor>0,-2.16666666667,1.55,0
sycophant_floor,sycophant: floor>0,-2.15,1.55,0
sycophant_floor,sycophant: floor>0,-2.13333333333,1.55,0
sycophant_floor,sycophant: floor>0,-2.11666666667,1.55,0
sycophant_floor,sycophant: floor>0,-2.1,1.55,0
sycophant_floor,sycophant: floor>0,-2.08333333333,1.55,0
sycophant_floor,sycophant: floor>0,-2.06666666667,1.55,0
sycophant_floor,sycophant: floor>0,-2.05,1.55,0
sycophant_floor,sycophant: floor>0,-2.03333333333,1.55,0
sycophant_floor,sycophant: floor>0,-2.01666666667,1.55,0
sycophant_floor,sycophant: floor>0,-2,1.55,0
sycophant_floor,sycophant: floor>0,-1.98333333333,1.55,0
sycophant_floor,sycophant: floor>0,-1.96666666667,1.55,0
sycophant_floor,sycophant: floor>0,-1.95,1.55,0
sycophant_floor,sycophant: floor>0,-1.93333333333,1.55,0
sycophant_floor,sycophant: floor>0,-1.91666666667,1.55,0
sycophant_floor,sycophant: floor>0,-1.9,1.55,0
sycophant_floor,sycophant: floor>0,-1.88333333333,1.55,0
sycophant_floor,sycophant: floor>0,-1.86666666667,1.55,0
sycophant_floor,sycophant: floor>0,-1.85,1.55,0
sycophant_floor,sycophant: floor>0,-1.83333333333,1.55,0
sycophant_floor,sycophant: floor>0,-1.81666666667,1.55,0
sycophant_floor,sycophant: floor>0,-1.8,1.55,0
sycophant_floor,sycophant: floor>0,-1.78333333333,1.55,0
sycophant_floor,sycophant: floor>0,-1.76666666667,1.55,0
sycophant_floor,sycophant: floor>0,-1.75,1.55,0
sycophant_floor,sycophant: floor>0,-1.73333333333,1.55,0
sycophant_floor,sycophant: floor>0,-1.71666666667,1.55,0
sycophant_floor,sycophant: floor>0,-1.7,1.55,0
sycophant_floor,sycophant: floor>0,-1.68333333333,1.55,0
sycophant_floor,sycophant: floor>0,-1.66666666667,1.55,0
sycophant_floor,sycophant: floor>0,-1.65,1.55,0
sycophant_floor,sycophant: floor>0,-1.63333333333,1.55,0
sycophant_floor,sycophant: floor>0,-1.61666666667,1.55,0
sycophant_floor,sycophant: floor>0,-1.6,1.55,0
sycophant_floor,sycophant: floor>0,-1.58333333333,1.55,0
sycophant_floor,sycophant: floor>0,-1.56666666667,1.55,0
sycophant_floor,sycophant: floor>0,-1.55,1.55,0
sycophant_floor,sycophant: floor>0,-1.53333333333,1.55,0
sycophant_floor,sycophant: floor>0,-1.51666666667,1.55,0
sycophant_floor,sycophant: floor>0,-1.5,1.55,0
sycophant_floor,sycophant: floor>0,-1.48333333333,1.55,0
sycophant_floor,sycophant: floor>0,-1.46666666667,1.55,0
sycophant_floor,sycophant: floor>0,-1.45,1.55,0
sycophant_floor,sycophant: floor>0,-1.43333333333,1.55,0
sycophant_floor,sycophant: floor>0,-1.41666666667,1.55,0
sycophant_floor,sycophant: floor>0,-1.4,1.55,0
sycophant_floor,sycophant: floor>0,-1.38333333333,1.55,0
sycophant_floor,sycophant: floor>0,-1.36666666667,1.55,0
sycophant_floor,sycophant: floor>0,-1.35,1.55,0
sycophant_floor,sycophant: floor>0,-1.33333333333,1.55,0
sycophant_floor,sycophant: floor>0,-1.31666666667,1.55,0
sycophant_floor,sycophant: floor>0,-1.3,1.55,0
sycophant_floor,sycophant: floor>0,-1.28333333333,1.55,0
sycophant_floor,sycophant: floor>0,-1.26666666667,1.55,0
sycophant_floor,sycophant: floor>0,-1.25,1.55,0
sycophant_floor,sycophant: floor>0,-1.23333333333,1.55,0
sycophant_floor,sycophant: floor>0,-1.21666666667,1.55,0
sycophant_floor,sycophant: floor>0,-1.2,1.55,0
sycophant_floor,sycophant: floor>0,-1.18333333333,1.55,0
sycophant_floor,sycophant: floor>0,-1.16666666667,1.55,0
sycophant_floor,sycophant: floor>0,-1.15,1.55,0
sycophant_floor,sycophant: floor>0,-1.13333333333,1.55,0
sycophant_floor,sycophant: floor>0,-1.11666666667,1.55,0
sycophant_floor,sycophant: floor>0,-1.1,1.55,0
sycophant_floor,sycophant: floor>0,-1.08333333333,1.55,0
sycophant_floor,sycophant: floor>0,-1.06666666667,1.55,0
sycophant_floor,sycophant: floor>0,-1.05,1.55,0
sycophant_floor,sycophant: floor>0,-1.03333333333,1.55,0
sycophant_floor,sycophant: floor>0,-1.01666666667,1.55,0
sycophant_floor,sycophant: floor>0,-1,1.55,0
sycophant_floor,sycophant: floor>0,-0.983333333333,1.55,0
sycophant_floor,sycophant: floor>0,-0.966666666667,1.55,0
sycophant_floor,sycophant: floor>0,-0.95,1.55,0
sycophant_floor,sycophant: floor>0,-0.933333333333,1.55,0
sycophant_floor,sycophant: floor>0,-0.916666666667,1.55,0
sycophant_floor,sycophant: floor>0,-0.9,1.55,0
sycophant_floor,sycophant: floor>0,-0.883333333333,1.55,0
sycophant_floor,sycophant: floor>0,-0.866666666667,1.55,0
sycophant_floor,sycophant: floor>0,-0.85,1.55,0
sycophant_floor,sycophant: floor>0,-0.833333333333,1.55,0
sycophant_floor,sycophant: floor>0,-0.816666666667,1.55,0
sycophant_floor,sycophant: floor>0,-0.8,1.55,0
sycophant_floor,sycophant: floor>0,-0.783333333333,1.55,0
sycophant_floor,sycophant: floor>0,-0.766666666667,1.55,0
sycophant_floor,sycophant: floor>0,-0.75,1.55,0
sycophant_floor,sycophant: floor>0,-0.733333333333,1.55,0
sycophant_floor,sycophant: floor>0,-0.716666666667,1.55,0
sycophant_floor,sycophant: floor>0,-0.7,1.55,0
sycophant_floor,sycophant: floor>0,-0.683333333333,1.55,0
sycophant_floor,sycophant: floor>0,-0.666666666667,1.55,0
sycophant_floor,sycophant: floor>0,-0.65,1.55,0
sycophant_floor,sycophant: floor>0,-0.633333333333,1.55,0
sycophant_floor,sycophant: floor>0,-0.616666666667,1.55,0
sycophant_floor,sycophant: floor>0,-0.6,1.55,0
sycophant_floor,sycophant: floor>0,-0.583333333333,1.55,0
sycophant_floor,sycophant: floor>0,-0.566666666667,1.55,0
sycophant_floor,sycophant: floor>0,-0.55,1.55,0
sycophant_floor,sycophant: floor>0,-0.533333333333,1.55,0
sycophant_floor,sycophant: floor>0,-0.516666666667,1.55,0
sycophant_floor,sycophant: floor>0,-0.5,1.55,0
sycophant_floor,sycophant: floor>0,-0.483333333333,1.55,0
sycophant_floor,sycophant: floor>0,-0.466666666667,1.55,0
sycophant_floor,sycophant: floor>0,-0.45,1.55,0
sycophant_floor,sycophant: floor>0,-0.433333333333,1.55,0
sycophant_floor,sycophant: floor>0,-0.416666666667,1.55,0
sycophant_floor,sycophant: floor>0,-0.4,1.55,0
sycophant_floor,sycophant: floor>0,-0.383333333333,1.55,0
sycophant_floor,sycophant: floor>0,-0.366666666667,1.55,0
sycophant_floor,sycophant: floor>0,-0.35,1.55,0
sycophant_floor,sycophant: floor>0,-0.333333333333,1.55,0
sycophant_floor,sycophant: floor>0,-0.316666666667,1.55,0
sycophant_floor,sycophant: floor>0,-0.3,1.55,0
sycophant_floor,sycophant: floor>0,-0.283333333333,1.55,0
sycophant_floor,sycophant: floor>0,-0.266666666667,1.55,0
sycophant_floor,sycophant: floor>0,-0.25,1.55,0
sycophant_floor,sycophant: floor>0,-0.233333333333,1.55,0
sycophant_floor,sycophant: floor>0,-0.216666666667,1.55,0
sycophant_floor,sycophant: floor>0,-0.2,1.55,0
sycophant_floor,sycophant: floor>0,-0.183333333333,1.55,0
sycophant_floor,sycophant: floor>0,-0.166666666667,1.55,0
sycophant_floor,sycophant: floor>0,-0.15,1.55,0
sycophant_floor,sycophant: floor>0,-0.133333333333,1.55,0
sycophant_floor,sycophant: floor>0,-0.116666666667,1.55,0
sycophant_floor,sycophant: floor>0,-0.1,1.55,0
sycophant_floor,sycophant: floor>0,-0.0833333333333,1.55,0
sycophant_floor,sycophant: floor>0,-0.0666666666667,1.55,0
sycophant_floor,sycophant: floor>0,-0.05,1.55,0
sycophant_floor,sycophant: floor>0,-0.0333333333333,1.55,0
sycophant_floor,sycophant: floor>0,-0.0166666666667,1.55,0
sycophant_floor,sycophant: floor>0,0,1.55,0
sycophant_floor,sycophant: floor>0,0.0166666666667,1.59672612539,0.0262690222719
sycophant_floor,sycophant: floor>0,0.0333333333333,1.64405756869,0.0525485485644
sycophant_floor,sycophant: floor>0,0.05,1.6919737451,0.0788372704692
sycophant_floor,sycophant: floor>0,0.0666666666667,1.74045276278,0.105133877742
sycophant_floor,sycophant: floor>0,0.0833333333333,1.78947144749,0.131437058564
sycophant_floor,sycophant: floor>0,0.1,1.83900537308,0.157745499803
sycophant_floor,sycophant: floor>0,0.116666666667,1.88902889772,0.184057887276
sycophant_floor,sycophant: floor>0,0.133333333333,1.93951520595,0.210372906009
sycophant_floor,sycophant: floor>0,0.15,1.9904363564,0.236689240504
sycophant_floor,sycophant: floor>0,0.166666666667,2.0417633351,0.263005574999
sycophant_floor,sycophant: floor>0,0.183333333333,2.09346611427,0.289320593732
sycophant_floor,sycophant: floor>0,0.2,2.14551371627,0.315632981205
sycophant_floor,sycophant: floor>0,0.216666666667,2.19787428259,0.341941422444
sycophant_floor,sycophant: floor>0,0.233333333333,2.2505151475,0.368244603266
sycophant_floor,sycophant: floor>0,0.25,2.30340291604,0.394541210539
sycophant_floor,sycophant: floor>0,0.266666666667,2.35650354606,0.420829932444
sycophant_floor,sycophant: floor>0,0.283333333333,2.40978243374,0.447109458736
sycophant_floor,sycophant: floor>0,0.3,2.46320450229,0.473378481008
sycophant_floor,sycophant: floor>0,0.316666666667,2.51673429328,0.499635692947
sycophant_floor,sycophant: floor>0,0.333333333333,2.57033606016,0.525879790594
sycophant_floor,sycophant: floor>0,0.35,2.62397386338,0.552109472605
sycophant_floor,sycophant: floor>0,0.366666666667,2.6776116666,0.578323440505
sycophant_floor,sycophant: floor>0,0.383333333333,2.73121343348,0.604520398944
sycophant_floor,sycophant: floor>0,0.4,2.78474322447,0.630699055952
sycophant_floor,sycophant: floor>0,0.416666666667,2.83816529301,0.656858123195
sycophant_floor,sycophant: floor>0,0.433333333333,2.89144418069,0.68299631622
sycophant_floor,sycophant: floor>0,0.45,2.94454481071,0.709112354712
sycophant_floor,sycophant: floor>0,0.466666666667,2.99743257926,0.735204962737
sycophant_floor,sycophant: floor>0,0.483333333333,3.05007344416,0.761272868991
sycophant_floor,sycophant: floor>0,0.5,3.10243401048,0.787314807043
sycophant_floor,sycophant: floor>0,0.516666666667,3.15448161248,0.813329515578
sycophant_floor,sycophant: floor>0,0.533333333333,3.20618439165,0.839315738637
sycophant_floor,sycophant: floor>0,0.55,3.25751137036,0.865272225858
sycophant_floor,sycophant: floor>0,0.566666666667,3.3084325208,0.891197732704
sycophant_floor,sycophant: floor>0,0.583333333333,3.35891882903,0.917091020706
sycophant_floor,sycophant: floor>0,0.6,3.40894235368,0.942950857685
sycophant_floor,sycophant: floor>0,0.616666666667,3.45847627926,0.968776017987
sycophant_floor,sycophant: floor>0,0.633333333333,3.50749496397,0.994565282705
sycophant_floor,sycophant: floor>0,0.65,3.55597398165,1.0203174399
sycophant_floor,sycophant: floor>0,0.666666666667,3.60389015807,1.04603128483
sycophant_floor,sycophant: floor>0,0.683333333333,3.65122160137,1.07170562015
sycophant_floor,sycophant: floor>0,0.7,3.69794772676,1.09733925615
sycophant_floor,sycophant: floor>0,0.716666666667,3.74404927547,1.12293101093
sycophant_floor,sycophant: floor>0,0.733333333333,3.78950832811,1.14847971066
sycophant_floor,sycophant: floor>0,0.75,3.83430831249,1.17398418973
sycophant_floor,sycophant: floor>0,0.766666666667,3.87843400618,1.19944329098
sycophant_floor,sycophant: floor>0,0.783333333333,3.92187153392,1.22485586591
sycophant_floor,sycophant: floor>0,0.8,3.96460836013,1.25022077483
sycophant_floor,sycophant: floor>0,0.816666666667,4.00663327675,1.2755368871
sycophant_floor,sycophant: floor>0,0.833333333333,4.04793638669,1.3008030813
sycophant_floor,sycophant: floor>0,0.85,4.08850908323,1.32601824539
sycophant_floor,sycophant: floor>0,0.866666666667,4.12834402554,1.35118127691
sycophant_floor,sycophant: floor>0,0.883333333333,4.16743511071,1.37629108319
sycophant_floor,sycophant: floor>0,0.9,4.2057774426,1.40134658144
sycophant_floor,sycophant: floor>0,0.916666666667,4.24336729782,1.426346699
sycophant_floor,sycophant: floor>0,0.933333333333,4.28020208909,1.45129037347
sycophant_floor,sycophant: floor>0,0.95,4.31628032641,1.47617655287
sycophant_floor,sycophant: floor>0,0.966666666667,4.35160157627,1.50100419578
sycophant_floor,sycophant: floor>0,0.983333333333,4.3861664192,1.52577227153
sycophant_floor,sycophant: floor>0,1,4.41997640597,1.55047976035
sycophant_floor,sycophant: floor>0,1.01666666667,4.45303401278,1.57512565347
sycophant_floor,sycophant: floor>0,1.03333333333,4.48534259558,1.59970895329
sycophant_floor,sycophant: floor>0,1.05,4.51690634392,1.62422867352
sycophant_floor,sycophant: floor>0,1.06666666667,4.54773023447,1.6486838393
sycophant_floor,sycophant: floor>0,1.08333333333,4.57781998447,1.67307348735
sycophant_floor,sycophant: floor>0,1.1,4.60718200539,1.69739666607
sycophant_floor,sycophant: floor>0,1.11666666667,4.63582335684,1.72165243566
sycophant_floor,sycophant: floor>0,1.13333333333,4.6637517011,1.74583986824
sycophant_floor,sycophant: floor>0,1.15,4.69097525827,1.769958048
sycophant_floor,sycophant: floor>0,1.16666666667,4.71750276231,1.79400607122
sycophant_floor,sycophant: floor>0,1.18333333333,4.74334341801,1.81798304647
sycophant_floor,sycophant: floor>0,1.2,4.76850685908,1.84188809464
sycophant_floor,sycophant: floor>0,1.21666666667,4.7930031074,1.86572034906
sycophant_floor,sycophant: floor>0,1.23333333333,4.81684253361,1.88947895559
sycophant_floor,sycophant: floor>0,1.25,4.84003581893,1.9131630727
sycophant_floor,sycophant: floor>0,1.26666666667,4.86259391853,1.93677187156
sycophant_floor,sycophant: floor>0,1.28333333333,4.88452802628,1.96030453609
sycophant_floor,sycophant: floor>0,1.3,4.90584954098,1.98376026309
sycophant_floor,sycophant: floor>0,1.31666666667,4.92657003418,2.00713826224
sycophant_floor,sycophant: floor>0,1.33333333333,4.94670121948,2.03043775621
sycophant_floor,sycophant: floor>0,1.35,4.96625492339,2.0536579807
sycophant_floor,sycophant: floor>0,1.36666666667,4.98524305776,2.0767981845
sycophant_floor,sycophant: floor>0,1.38333333333,5.0036775937,2.09985762956
sycophant_floor,sycophant: floor>0,1.4,5.02157053702,2.12283559099
sycophant_floor,sycophant: floor>0,1.41666666667,5.03893390521,2.14573135716
sycophant_floor,sycophant: floor>0,1.43333333333,5.05577970583,2.16854422969
sycophant_floor,sycophant: floor>0,1.45,5.07211991639,2.19127352354
sycophant_floor,sycophant: floor>0,1.46666666667,5.08796646556,2.21391856696
sycophant_floor,sycophant: floor>0,1.48333333333,5.1033312158,2.2364787016
sycophant_floor,sycophant: floor>0,1.5,5.11822594728,2.25895328249
sycophant_early_takeoff,sycophant: early take-off,-2.5,0.000774030588405,0
sycophant_early_takeoff,sycophant: early take-off,-2.48333333333,0.000824627751517,0
sycophant_early_takeoff,sycophant: early take-off,-2.46666666667,0.000878531645097,0
sycophant_early_takeoff,sycophant: early take-off,-2.45,0.000935958279345,0
sycophant_early_takeoff,sycophant: early take-off,-2.43333333333,0.000997137761955,0
sycophant_early_takeoff,sycophant: early take-off,-2.41666666667,0.00106231521638,0
sycophant_early_takeoff,sycophant: early take-off,-2.4,0.00113175175964,0
sycophant_early_takeoff,sycophant: early take-off,-2.38333333333,0.00120572554359,0
sycophant_early_takeoff,sycophant: early take-off,-2.36666666667,0.0012845328636,0
sycophant_early_takeoff,sycophant: early take-off,-2.35,0.00136848933906,0
sycophant_early_takeoff,sycophant: early take-off,-2.33333333333,0.00145793117034,0
sycophant_early_takeoff,sycophant: early take-off,-2.31666666667,0.001553216477,0
sycophant_early_takeoff,sycophant: early take-off,-2.3,0.00165472672249,0
sycophant_early_takeoff,sycophant: early take-off,-2.28333333333,0.00176286823093,0
sycophant_early_takeoff,sycophant: early take-off,-2.26666666667,0.00187807380173,0
sycophant_early_takeoff,sycophant: early take-off,-2.25,0.00200080442832,0
sycophant_early_takeoff,sycophant: early take-off,-2.23333333333,0.00213155112761,0
sycophant_early_takeoff,sycophant: early take-off,-2.21666666667,0.00227083688723,0
sycophant_early_takeoff,sycophant: early take-off,-2.2,0.00241921873786,0
sycophant_early_takeoff,sycophant: early take-off,-2.18333333333,0.00257728995873,0
sycophant_early_takeoff,sycophant: early take-off,-2.16666666667,0.00274568242458,0
sycophant_early_takeoff,sycophant: early take-off,-2.15,0.00292506910288,0
sycophant_early_takeoff,sycophant: early take-off,-2.13333333333,0.00311616671089,0
sycophant_early_takeoff,sycophant: early take-off,-2.11666666667,0.00331973854243,0
sycophant_early_takeoff,sycophant: early take-off,-2.1,0.00353659747488,0
sycophant_early_takeoff,sycophant: early take-off,-2.08333333333,0.00376760916774,0
sycophant_early_takeoff,sycophant: early take-off,-2.06666666667,0.0040136954644,0
sycophant_early_takeoff,sycophant: early take-off,-2.05,0.00427583800977,0
sycophant_early_takeoff,sycophant: early take-off,-2.03333333333,0.0045550820969,0
sycophant_early_takeoff,sycophant: early take-off,-2.01666666667,0.00485254075668,0
sycophant_early_takeoff,sycophant: early take-off,-2,0.00516939910515,0
sycophant_early_takeoff,sycophant: early take-off,-1.98333333333,0.00550691896427,0
sycophant_early_takeoff,sycophant: early take-off,-1.96666666667,0.00586644377232,0
sycophant_early_takeoff,sycophant: early take-off,-1.95,0.00624940380132,0
sycophant_early_takeoff,sycophant: early take-off,-1.93333333333,0.00665732169968,0
sycophant_early_takeoff,sycophant: early take-off,-1.91666666667,0.00709181837917,0
sycophant_early_takeoff,sycophant: early take-off,-1.9,0.00755461926633,0
sycophant_early_takeoff,sycophant: early take-off,-1.88333333333,0.00804756093944,0
sycophant_early_takeoff,sycophant: early take-off,-1.86666666667,0.00857259817317,0
sycophant_early_takeoff,sycophant: early take-off,-1.85,0.00913181141401,0
sycophant_early_takeoff,sycophant: early take-off,-1.83333333333,0.00972741471084,0
sycophant_early_takeoff,sycophant: early take-off,-1.81666666667,0.0103617641257,0
sycophant_early_takeoff,sycophant: early take-off,-1.8,0.0110373666513,0
sycophant_early_takeoff,sycophant: early take-off,-1.78333333333,0.0117568896627,0
sycophant_early_takeoff,sycophant: early take-off,-1.76666666667,0.012523170931,0
sycophant_early_takeoff,sycophant: early take-off,-1.75,0.0133392292297,0
sycophant_early_takeoff,sycophant: early take-off,-1.73333333333,0.0142082755628,0
sycophant_early_takeoff,sycophant: early take-off,-1.71666666667,0.0151337250473,0
sycophant_early_takeoff,sycophant: early take-off,-1.7,0.0161192094804,0
sycophant_early_takeoff,sycophant: early take-off,-1.68333333333,0.0171685906268,0
sycophant_early_takeoff,sycophant: early take-off,-1.66666666667,0.0182859742575,0
sycophant_early_takeoff,sycophant: early take-off,-1.65,0.019475724975,0
sycophant_early_takeoff,sycophant: early take-off,-1.63333333333,0.0207424818591,0
sycophant_early_takeoff,sycophant: early take-off,-1.61666666667,0.0220911749671,0
sycophant_early_takeoff,sycophant: early take-off,-1.6,0.0235270427237,0
sycophant_early_takeoff,sycophant: early take-off,-1.58333333333,0.0250556502321,0
sycophant_early_takeoff,sycophant: early take-off,-1.56666666667,0.0266829085411,0
sycophant_early_takeoff,sycophant: early take-off,-1.55,0.0284150948976,0
sycophant_early_takeoff,sycophant: early take-off,-1.53333333333,0.0302588740151,0
sycophant_early_takeoff,sycophant: early take-off,-1.51666666667,0.0322213203853,0
sycophant_early_takeoff,sycophant: early take-off,-1.5,0.0343099416548,0
sycophant_early_takeoff,sycophant: early take-off,-1.48333333333,0.0365327030901,0
sycophant_early_takeoff,sycophant: early take-off,-1.46666666667,0.0388980531422,0
sycophant_early_takeoff,sycophant: early take-off,-1.45,0.0414149501244,0
sycophant_early_takeoff,sycophant: early take-off,-1.43333333333,0.044092890002,0
sycophant_early_takeoff,sycophant: early take-off,-1.41666666667,0.0469419352917,0
sycophant_early_takeoff,sycophant: early take-off,-1.4,0.0499727450525,0
sycophant_early_takeoff,sycophant: early take-off,-1.38333333333,0.053196605944,0
sycophant_early_takeoff,sycophant: early take-off,-1.36666666667,0.0566254643113,0
sycophant_early_takeoff,sycophant: early take-off,-1.35,0.0602719592424,0
sycophant_early_takeoff,sycophant: early take-off,-1.33333333333,0.0641494565264,0
sycophant_early_takeoff,sycophant: early take-off,-1.31666666667,0.0682720834207,0
sycophant_early_takeoff,sycophant: early take-off,-1.3,0.0726547641137,0
sycophant_early_takeoff,sycophant: early take-off,-1.28333333333,0.0773132557437,0
sycophant_early_takeoff,sycophant: early take-off,-1.26666666667,0.0822641848051,0
sycophant_early_takeoff,sycophant: early take-off,-1.25,0.0875250837445,0
sycophant_early_takeoff,sycophant: early take-off,-1.23333333333,0.0931144275081,0
sycophant_early_takeoff,sycophant: early take-off,-1.21666666667,0.0990516697672,0
sycophant_early_takeoff,sycophant: early take-off,-1.2,0.105357278501,0
sycophant_early_takeoff,sycophant: early take-off,-1.18333333333,0.112052770571,0
sycophant_early_takeoff,sycophant: early take-off,-1.16666666667,0.119160744862,0
sycophant_early_takeoff,sycophant: early take-off,-1.15,0.126704913516,0
sycophant_early_takeoff,sycophant: early take-off,-1.13333333333,0.134710130716,0
sycophant_early_takeoff,sycophant: early take-off,-1.11666666667,0.143202418408,0
sycophant_early_takeoff,sycophant: early take-off,-1.1,0.152208988284,0
sycophant_early_takeoff,sycophant: early take-off,-1.08333333333,0.161758259272,0
sycophant_early_takeoff,sycophant: early take-off,-1.06666666667,0.171879869688,0
sycophant_early_takeoff,sycophant: early take-off,-1.05,0.182604683138,0
sycophant_early_takeoff,sycophant: early take-off,-1.03333333333,0.193964787155,0
sycophant_early_takeoff,sycophant: early take-off,-1.01666666667,0.20599348349,0
sycophant_early_takeoff,sycophant: early take-off,-1,0.218725268864,0
sycophant_early_takeoff,sycophant: early take-off,-0.983333333333,0.232195804927,0
sycophant_early_takeoff,sycophant: early take-off,-0.966666666667,0.246441876075,0
sycophant_early_takeoff,sycophant: early take-off,-0.95,0.261501333702,0
sycophant_early_takeoff,sycophant: early take-off,-0.933333333333,0.277413025428,0
sycophant_early_takeoff,sycophant: early take-off,-0.916666666667,0.294216707739,0
sycophant_early_takeoff,sycophant: early take-off,-0.9,0.311952940517,0
sycophant_early_takeoff,sycophant: early take-off,-0.883333333333,0.330662961861,0
sycophant_early_takeoff,sycophant: early take-off,-0.866666666667,0.350388541667,0
sycophant_early_takeoff,sycophant: early take-off,-0.85,0.371171812469,0
sycophant_early_takeoff,sycophant: early take-off,-0.833333333333,0.393055076134,0
sycophant_early_takeoff,sycophant: early take-off,-0.816666666667,0.416080585153,0
sycophant_early_takeoff,sycophant: early take-off,-0.8,0.44029029745,0
sycophant_early_takeoff,sycophant: early take-off,-0.783333333333,0.465725603883,0
sycophant_early_takeoff,sycophant: early take-off,-0.766666666667,0.492427027936,0
sycophant_early_takeoff,sycophant: early take-off,-0.75,0.520433897452,0
sycophant_early_takeoff,sycophant: early take-off,-0.733333333333,0.549783988751,0
sycophant_early_takeoff,sycophant: early take-off,-0.716666666667,0.580513143965,0
sycophant_early_takeoff,sycophant: early take-off,-0.7,0.61265486306,0
sycophant_early_takeoff,sycophant: early take-off,-0.683333333333,0.646239872664,0
sycophant_early_takeoff,sycophant: early take-off,-0.666666666667,0.681295674575,0
sycophant_early_takeoff,sycophant: early take-off,-0.65,0.717846077629,0
sycophant_early_takeoff,sycophant: early take-off,-0.633333333333,0.755910717426,0
sycophant_early_takeoff,sycophant: early take-off,-0.616666666667,0.795504569308,0
sycophant_early_takeoff,sycophant: early take-off,-0.6,0.836637460852,0
sycophant_early_takeoff,sycophant: early take-off,-0.583333333333,0.879313590963,0
sycophant_early_takeoff,sycophant: early take-off,-0.566666666667,0.923531063492,0
sycophant_early_takeoff,sycophant: early take-off,-0.55,0.969281443985,0
sycophant_early_takeoff,sycophant: early take-off,-0.533333333333,1.01654934875,0
sycophant_early_takeoff,sycophant: early take-off,-0.516666666667,1.06531207586,0
sycophant_early_takeoff,sycophant: early take-off,-0.5,1.11553928791,0
sycophant_early_takeoff,sycophant: early take-off,-0.483333333333,1.16719275636,0
sycophant_early_takeoff,sycophant: early take-off,-0.466666666667,1.2202261769,0
sycophant_early_takeoff,sycophant: early take-off,-0.45,1.27458506484,0
sycophant_early_takeoff,sycophant: early take-off,-0.433333333333,1.33020673847,0
sycophant_early_takeoff,sycophant: early take-off,-0.416666666667,1.38702039713,0
sycophant_early_takeoff,sycophant: early take-off,-0.4,1.4449472994,0
sycophant_early_takeoff,sycophant: early take-off,-0.383333333333,1.50390104469,0
sycophant_early_takeoff,sycophant: early take-off,-0.366666666667,1.5637879596,0
sycophant_early_takeoff,sycophant: early take-off,-0.35,1.62450758826,0
sycophant_early_takeoff,sycophant: early take-off,-0.333333333333,1.68595328333,0
sycophant_early_takeoff,sycophant: early take-off,-0.316666666667,1.74801289175,0
sycophant_early_takeoff,sycophant: early take-off,-0.3,1.81056952743,0
sycophant_early_takeoff,sycophant: early take-off,-0.283333333333,1.87350242007,0
sycophant_early_takeoff,sycophant: early take-off,-0.266666666667,1.93668782793,0
sycophant_early_takeoff,sycophant: early take-off,-0.25,2,0
sycophant_early_takeoff,sycophant: early take-off,-0.233333333333,2.06331217207,0
sycophant_early_takeoff,sycophant: early take-off,-0.216666666667,2.12649757993,0
sycophant_early_takeoff,sycophant: early take-off,-0.2,2.18943047257,0
sycophant_early_takeoff,sycophant: early take-off,-0.183333333333,2.25198710825,0
sycophant_early_takeoff,sycophant: early take-off,-0.166666666667,2.31404671667,0
sycophant_early_takeoff,sycophant: early take-off,-0.15,2.37549241174,0
sycophant_early_takeoff,sycophant: early take-off,-0.133333333333,2.4362120404,0
sycophant_early_takeoff,sycophant: early take-off,-0.116666666667,2.49609895531,0
sycophant_early_takeoff,sycophant: early take-off,-0.1,2.5550527006,0
sycophant_early_takeoff,sycophant: early take-off,-0.0833333333333,2.61297960287,0
sycophant_early_takeoff,sycophant: early take-off,-0.0666666666667,2.66979326153,0
sycophant_early_takeoff,sycophant: early take-off,-0.05,2.72541493516,0
sycophant_early_takeoff,sycophant: early take-off,-0.0333333333333,2.7797738231,0
sycophant_early_takeoff,sycophant: early take-off,-0.0166666666667,2.83280724364,0
sycophant_early_takeoff,sycophant: early take-off,0,2.88446071209,0
sycophant_early_takeoff,sycophant: early take-off,0.0166666666667,2.93468792414,0.0405115775251
sycophant_early_takeoff,sycophant: early take-off,0.0333333333333,2.98345065125,0.0810303572151
sycophant_early_takeoff,sycophant: early take-off,0.05,3.03071855601,0.121552738628
sycophant_early_takeoff,sycophant: early take-off,0.0666666666667,3.07646893651,0.16207512004
sycophant_early_takeoff,sycophant: early take-off,0.0833333333333,3.12068640904,0.202593899731
sycophant_early_takeoff,sycophant: early take-off,0.1,3.16336253915,0.243105477256
sycophant_early_takeoff,sycophant: early take-off,0.116666666667,3.20449543069,0.283606254733
sycophant_early_takeoff,sycophant: early take-off,0.133333333333,3.24408928257,0.324092638119
sycophant_early_takeoff,sycophant: early take-off,0.15,3.28215392237,0.364561038478
sycophant_early_takeoff,sycophant: early take-off,0.166666666667,3.31870432542,0.405007873262
sycophant_early_takeoff,sycophant: early take-off,0.183333333333,3.35376012734,0.445429567568
sycophant_early_takeoff,sycophant: early take-off,0.2,3.38734513694,0.485822555404
sycophant_early_takeoff,sycophant: early take-off,0.216666666667,3.41948685603,0.526183280938
sycophant_early_takeoff,sycophant: early take-off,0.233333333333,3.45021601125,0.566508199748
sycophant_early_takeoff,sycophant: early take-off,0.25,3.47956610255,0.606793780057
sycophant_early_takeoff,sycophant: early take-off,0.266666666667,3.50757297206,0.647036503962
sycophant_early_takeoff,sycophant: early take-off,0.283333333333,3.53427439612,0.687232868649
sycophant_early_takeoff,sycophant: early take-off,0.3,3.55970970255,0.727379387602
sycophant_early_takeoff,sycophant: early take-off,0.316666666667,3.58391941485,0.767472591797
sycophant_early_takeoff,sycophant: early take-off,0.333333333333,3.60694492387,0.80750903088
sycophant_early_takeoff,sycophant: early take-off,0.35,3.62882818753,0.847485274337
sycophant_early_takeoff,sycophant: early take-off,0.366666666667,3.64961145833,0.887397912648
sycophant_early_takeoff,sycophant: early take-off,0.383333333333,3.66933703814,0.927243558421
sycophant_early_takeoff,sycophant: early take-off,0.4,3.68804705948,0.967018847512
sycophant_early_takeoff,sycophant: early take-off,0.416666666667,3.70578329226,1.00672044014
sycophant_early_takeoff,sycophant: early take-off,0.433333333333,3.72258697457,1.04634502194
sycophant_early_takeoff,sycophant: early take-off,0.45,3.7384986663,1.0858893051
sycophant_early_takeoff,sycophant: early take-off,0.466666666667,3.75355812393,1.12535002931
sycophant_early_takeoff,sycophant: early take-off,0.483333333333,3.76780419507,1.16472396289
sycophant_early_takeoff,sycophant: early take-off,0.5,3.78127473114,1.20400790374
sycophant_early_takeoff,sycophant: early take-off,0.516666666667,3.79400651651,1.24319868033
sycophant_early_takeoff,sycophant: early take-off,0.533333333333,3.80603521285,1.28229315268
sycophant_early_takeoff,sycophant: early take-off,0.55,3.81739531686,1.32128821331
sycophant_early_takeoff,sycophant: early take-off,0.566666666667,3.82812013031,1.36018078815
sycophant_early_takeoff,sycophant: early take-off,0.583333333333,3.83824174073,1.39896783742
sycophant_early_takeoff,sycophant: early take-off,0.6,3.84779101172,1.43764635655
sycophant_early_takeoff,sycophant: early take-off,0.616666666667,3.85679758159,1.47621337696
sycophant_early_takeoff,sycophant: early take-off,0.633333333333,3.86528986928,1.51466596695
sycophant_early_takeoff,sycophant: early take-off,0.65,3.87329508648,1.55300123247
sycophant_early_takeoff,sycophant: early take-off,0.666666666667,3.88083925514,1.5912163179
sycophant_early_takeoff,sycophant: early take-off,0.683333333333,3.88794722943,1.62930840676
sycophant_early_takeoff,sycophant: early take-off,0.7,3.8946427215,1.6672747225
sycophant_early_takeoff,sycophant: early take-off,0.716666666667,3.90094833023,1.70511252915
sycophant_early_takeoff,sycophant: early take-off,0.733333333333,3.90688557249,1.74281913199
sycophant_early_takeoff,sycophant: early take-off,0.75,3.91247491626,1.78039187819
sycophant_early_takeoff,sycophant: early take-off,0.766666666667,3.91773581519,1.81782815746
sycophant_early_takeoff,sycophant: early take-off,0.783333333333,3.92268674426,1.85512540258
sycophant_early_takeoff,sycophant: early take-off,0.8,3.92734523589,1.89228108999
sycophant_early_takeoff,sycophant: early take-off,0.816666666667,3.93172791658,1.92929274033
sycophant_early_takeoff,sycophant: early take-off,0.833333333333,3.93585054347,1.96615791892
sycophant_early_takeoff,sycophant: early take-off,0.85,3.93972804076,2.00287423625
sycophant_early_takeoff,sycophant: early take-off,0.866666666667,3.94337453569,2.03943934842
sycophant_early_takeoff,sycophant: early take-off,0.883333333333,3.94680339406,2.07585095757
sycophant_early_takeoff,sycophant: early take-off,0.9,3.95002725495,2.11210681226
sycophant_early_takeoff,sycophant: early take-off,0.916666666667,3.95305806471,2.14820470784
sycophant_early_takeoff,sycophant: early take-off,0.933333333333,3.95590711,2.18414248679
sycophant_early_takeoff,sycophant: early take-off,0.95,3.95858504988,2.21991803901
sycophant_early_takeoff,sycophant: early take-off,0.966666666667,3.96110194686,2.25552930212
sycophant_early_takeoff,sycophant: early take-off,0.983333333333,3.96346729691,2.29097426173
sycophant_early_takeoff,sycophant: early take-off,1,3.96569005835,2.32625095161
sycophant_early_takeoff,sycophant: early take-off,1.01666666667,3.96777867961,2.36135745395
sycophant_early_takeoff,sycophant: early take-off,1.03333333333,3.96974112598,2.39629189949
sycophant_early_takeoff,sycophant: early take-off,1.05,3.9715849051,2.43105246771
sycophant_early_takeoff,sycophant: early take-off,1.06666666667,3.97331709146,2.46563738689
sycophant_early_takeoff,sycophant: early take-off,1.08333333333,3.97494434977,2.50004493425
sycophant_early_takeoff,sycophant: early take-off,1.1,3.97647295728,2.534273436
sycophant_early_takeoff,sycophant: early take-off,1.11666666667,3.97790882503,2.56832126741
sycophant_early_takeoff,sycophant: early take-off,1.13333333333,3.97925751814,2.60218685276
sycophant_early_takeoff,sycophant: early take-off,1.15,3.98052427502,2.63586866542
sycophant_early_takeoff,sycophant: early take-off,1.16666666667,3.98171402574,2.66936522775
sycophant_early_takeoff,sycophant: early take-off,1.18333333333,3.98283140937,2.70267511107
sycophant_early_takeoff,sycophant: early take-off,1.2,3.98388079052,2.73579693558
sycophant_early_takeoff,sycophant: early take-off,1.21666666667,3.98486627495,2.76872937028
sycophant_early_takeoff,sycophant: early take-off,1.23333333333,3.98579172444,2.80147113279
sycophant_early_takeoff,sycophant: early take-off,1.25,3.98666077077,2.83402098925
sycophant_early_takeoff,sycophant: early take-off,1.26666666667,3.98747682907,2.86637775414
sycophant_early_takeoff,sycophant: early take-off,1.28333333333,3.98824311034,2.89854029007
sycophant_early_takeoff,sycophant: early take-off,1.3,3.98896263335,2.93050750761
sycophant_early_takeoff,sycophant: early take-off,1.31666666667,3.98963823587,2.962278365
sycophant_early_takeoff,sycophant: early take-off,1.33333333333,3.99027258529,2.99385186795
sycophant_early_takeoff,sycophant: early take-off,1.35,3.99086818859,3.02522706935
sycophant_early_takeoff,sycophant: early take-off,1.36666666667,3.99142740183,3.05640306897
sycophant_early_takeoff,sycophant: early take-off,1.38333333333,3.99195243906,3.08737901317
sycophant_early_takeoff,sycophant: early take-off,1.4,3.99244538073,3.11815409455
sycophant_early_takeoff,sycophant: early take-off,1.41666666667,3.99290818162,3.14872755165
sycophant_early_takeoff,sycophant: early take-off,1.43333333333,3.9933426783,3.17909866854
sycophant_early_takeoff,sycophant: early take-off,1.45,3.9937505962,3.20926677446
sycophant_early_takeoff,sycophant: early take-off,1.46666666667,3.99413355623,3.23923124347
sycophant_early_takeoff,sycophant: early take-off,1.48333333333,3.99449308104,3.26899149396
sycophant_early_takeoff,sycophant: early take-off,1.5,3.99483060089,3.29854698832
skeptic_late_takeoff,skeptic: late take-off,-2.5,0,0
skeptic_late_takeoff,skeptic: late take-off,-2.48333333333,0,0
skeptic_late_takeoff,skeptic: late take-off,-2.46666666667,0,0
skeptic_late_takeoff,skeptic: late take-off,-2.45,0,0
skeptic_late_takeoff,skeptic: late take-off,-2.43333333333,0,0
skeptic_late_takeoff,skeptic: late take-off,-2.41666666667,0,0
skeptic_late_takeoff,skeptic: late take-off,-2.4,0,0
skeptic_late_takeoff,skeptic: late take-off,-2.38333333333,0,0
skeptic_late_takeoff,skeptic: late take-off,-2.36666666667,0,0
skeptic_late_takeoff,skeptic: late take-off,-2.35,0,0
skeptic_late_takeoff,skeptic: late take-off,-2.33333333333,0,0
skeptic_late_takeoff,skeptic: late take-off,-2.31666666667,0,0
skeptic_late_takeoff,skeptic: late take-off,-2.3,0,0
skeptic_late_takeoff,skeptic: late take-off,-2.28333333333,0,0
skeptic_late_takeoff,skeptic: late take-off,-2.26666666667,0,0
skeptic_late_takeoff,skeptic: late take-off,-2.25,0,0
skeptic_late_takeoff,skeptic: late take-off,-2.23333333333,0,0
skeptic_late_takeoff,skeptic: late take-off,-2.21666666667,0,0
skeptic_late_takeoff,skeptic: late take-off,-2.2,0,0
skeptic_late_takeoff,skeptic: late take-off,-2.18333333333,0,0
skeptic_late_takeoff,skeptic: late take-off,-2.16666666667,0,0
skeptic_late_takeoff,skeptic: late take-off,-2.15,0,0
skeptic_late_takeoff,skeptic: late take-off,-2.13333333333,0,0
skeptic_late_takeoff,skeptic: late take-off,-2.11666666667,0,0
skeptic_late_takeoff,skeptic: late take-off,-2.1,0,0
skeptic_late_takeoff,skeptic: late take-off,-2.08333333333,0,0
skeptic_late_takeoff,skeptic: late take-off,-2.06666666667,0,0
skeptic_late_takeoff,skeptic: late take-off,-2.05,0,0
skeptic_late_takeoff,skeptic: late take-off,-2.03333333333,0,0
skeptic_late_takeoff,skeptic: late take-off,-2.01666666667,0,0
skeptic_late_takeoff,skeptic: late take-off,-2,0,0
skeptic_late_takeoff,skeptic: late take-off,-1.98333333333,0,0
skeptic_late_takeoff,skeptic: late take-off,-1.96666666667,0,0
skeptic_late_takeoff,skeptic: late take-off,-1.95,0,0
skeptic_late_takeoff,skeptic: late take-off,-1.93333333333,0,0
skeptic_late_takeoff,skeptic: late take-off,-1.91666666667,0,0
skeptic_late_takeoff,skeptic: late take-off,-1.9,0,0
skeptic_late_takeoff,skeptic: late take-off,-1.88333333333,0,0
skeptic_late_takeoff,skeptic: late take-off,-1.86666666667,0,0
skeptic_late_takeoff,skeptic: late take-off,-1.85,0,0
skeptic_late_takeoff,skeptic: late take-off,-1.83333333333,0,0
skeptic_late_takeoff,skeptic: late take-off,-1.81666666667,0,0
skeptic_late_takeoff,skeptic: late take-off,-1.8,0,0
skeptic_late_takeoff,skeptic: late take-off,-1.78333333333,0,0
skeptic_late_takeoff,skeptic: late take-off,-1.76666666667,0,0
skeptic_late_takeoff,skeptic: late take-off,-1.75,0,0
skeptic_late_takeoff,skeptic: late take-off,-1.73333333333,0,0
skeptic_late_takeoff,skeptic: late take-off,-1.71666666667,0,0
skeptic_late_takeoff,skeptic: late take-off,-1.7,0,0
skeptic_late_takeoff,skeptic: late take-off,-1.68333333333,0,0
skeptic_late_takeoff,skeptic: late take-off,-1.66666666667,0,0
skeptic_late_takeoff,skeptic: late take-off,-1.65,0,0
skeptic_late_takeoff,skeptic: late take-off,-1.63333333333,0,0
skeptic_late_takeoff,skeptic: late take-off,-1.61666666667,0,0
skeptic_late_takeoff,skeptic: late take-off,-1.6,0,0
skeptic_late_takeoff,skeptic: late take-off,-1.58333333333,0,0
skeptic_late_takeoff,skeptic: late take-off,-1.56666666667,0,0
skeptic_late_takeoff,skeptic: late take-off,-1.55,0,0
skeptic_late_takeoff,skeptic: late take-off,-1.53333333333,0,0
skeptic_late_takeoff,skeptic: late take-off,-1.51666666667,0,0
skeptic_late_takeoff,skeptic: late take-off,-1.5,0,0
skeptic_late_takeoff,skeptic: late take-off,-1.48333333333,0,0
skeptic_late_takeoff,skeptic: late take-off,-1.46666666667,0,0
skeptic_late_takeoff,skeptic: late take-off,-1.45,0,0
skeptic_late_takeoff,skeptic: late take-off,-1.43333333333,0,0
skeptic_late_takeoff,skeptic: late take-off,-1.41666666667,0,0
skeptic_late_takeoff,skeptic: late take-off,-1.4,0,0
skeptic_late_takeoff,skeptic: late take-off,-1.38333333333,0,0
skeptic_late_takeoff,skeptic: late take-off,-1.36666666667,0,0
skeptic_late_takeoff,skeptic: late take-off,-1.35,0,0
skeptic_late_takeoff,skeptic: late take-off,-1.33333333333,0,0
skeptic_late_takeoff,skeptic: late take-off,-1.31666666667,0,0
skeptic_late_takeoff,skeptic: late take-off,-1.3,0,0
skeptic_late_takeoff,skeptic: late take-off,-1.28333333333,0,0
skeptic_late_takeoff,skeptic: late take-off,-1.26666666667,0,0
skeptic_late_takeoff,skeptic: late take-off,-1.25,0,0
skeptic_late_takeoff,skeptic: late take-off,-1.23333333333,0,0
skeptic_late_takeoff,skeptic: late take-off,-1.21666666667,0,0
skeptic_late_takeoff,skeptic: late take-off,-1.2,0,0
skeptic_late_takeoff,skeptic: late take-off,-1.18333333333,0,0
skeptic_late_takeoff,skeptic: late take-off,-1.16666666667,0,0
skeptic_late_takeoff,skeptic: late take-off,-1.15,0,0
skeptic_late_takeoff,skeptic: late take-off,-1.13333333333,0,0
skeptic_late_takeoff,skeptic: late take-off,-1.11666666667,0,0
skeptic_late_takeoff,skeptic: late take-off,-1.1,0,0
skeptic_late_takeoff,skeptic: late take-off,-1.08333333333,0,0
skeptic_late_takeoff,skeptic: late take-off,-1.06666666667,0,0
skeptic_late_takeoff,skeptic: late take-off,-1.05,0,0
skeptic_late_takeoff,skeptic: late take-off,-1.03333333333,0,0
skeptic_late_takeoff,skeptic: late take-off,-1.01666666667,0,0
skeptic_late_takeoff,skeptic: late take-off,-1,0,0
skeptic_late_takeoff,skeptic: late take-off,-0.983333333333,0,0
skeptic_late_takeoff,skeptic: late take-off,-0.966666666667,0,0
skeptic_late_takeoff,skeptic: late take-off,-0.95,0,0
skeptic_late_takeoff,skeptic: late take-off,-0.933333333333,0,0
skeptic_late_takeoff,skeptic: late take-off,-0.916666666667,0,0
skeptic_late_takeoff,skeptic: late take-off,-0.9,0,0
skeptic_late_takeoff,skeptic: late take-off,-0.883333333333,0,0
skeptic_late_takeoff,skeptic: late take-off,-0.866666666667,0,0
skeptic_late_takeoff,skeptic: late take-off,-0.85,0,0
skeptic_late_takeoff,skeptic: late take-off,-0.833333333333,0,0
skeptic_late_takeoff,skeptic: late take-off,-0.816666666667,0,0
skeptic_late_takeoff,skeptic: late take-off,-0.8,0,0
skeptic_late_takeoff,skeptic: late take-off,-0.783333333333,0,0
skeptic_late_takeoff,skeptic: late take-off,-0.766666666667,0,0
skeptic_late_takeoff,skeptic: late take-off,-0.75,0,0
skeptic_late_takeoff,skeptic: late take-off,-0.733333333333,0,0
skeptic_late_takeoff,skeptic: late take-off,-0.716666666667,0,0
skeptic_late_takeoff,skeptic: late take-off,-0.7,0,0
skeptic_late_takeoff,skeptic: late take-off,-0.683333333333,0,0
skeptic_late_takeoff,skeptic: late take-off,-0.666666666667,0,0
skeptic_late_takeoff,skeptic: late take-off,-0.65,0,0
skeptic_late_takeoff,skeptic: late take-off,-0.633333333333,0,0
skeptic_late_takeoff,skeptic: late take-off,-0.616666666667,0,0
skeptic_late_takeoff,skeptic: late take-off,-0.6,0,0
skeptic_late_takeoff,skeptic: late take-off,-0.583333333333,0,0
skeptic_late_takeoff,skeptic: late take-off,-0.566666666667,0,0
skeptic_late_takeoff,skeptic: late take-off,-0.55,0,0
skeptic_late_takeoff,skeptic: late take-off,-0.533333333333,0,0
skeptic_late_takeoff,skeptic: late take-off,-0.516666666667,0,0
skeptic_late_takeoff,skeptic: late take-off,-0.5,0,0
skeptic_late_takeoff,skeptic: late take-off,-0.483333333333,0,0
skeptic_late_takeoff,skeptic: late take-off,-0.466666666667,0,0
skeptic_late_takeoff,skeptic: late take-off,-0.45,0,0
skeptic_late_takeoff,skeptic: late take-off,-0.433333333333,0,0
skeptic_late_takeoff,skeptic: late take-off,-0.416666666667,0,0
skeptic_late_takeoff,skeptic: late take-off,-0.4,0,0
skeptic_late_takeoff,skeptic: late take-off,-0.383333333333,0,0
skeptic_late_takeoff,skeptic: late take-off,-0.366666666667,0,0
skeptic_late_takeoff,skeptic: late take-off,-0.35,0,0
skeptic_late_takeoff,skeptic: late take-off,-0.333333333333,0,0
skeptic_late_takeoff,skeptic: late take-off,-0.316666666667,0,0
skeptic_late_takeoff,skeptic: late take-off,-0.3,0,0
skeptic_late_takeoff,skeptic: late take-off,-0.283333333333,0,0
skeptic_late_takeoff,skeptic: late take-off,-0.266666666667,0,0
skeptic_late_takeoff,skeptic: late take-off,-0.25,0,0
skeptic_late_takeoff,skeptic: late take-off,-0.233333333333,0,0
skeptic_late_takeoff,skeptic: late take-off,-0.216666666667,0,0
skeptic_late_takeoff,skeptic: late take-off,-0.2,0,0
skeptic_late_takeoff,skeptic: late take-off,-0.183333333333,0,0
skeptic_late_takeoff,skeptic: late take-off,-0.166666666667,0,0
skeptic_late_takeoff,skeptic: late take-off,-0.15,0,0
skeptic_late_takeoff,skeptic: late take-off,-0.133333333333,0,0
skeptic_late_takeoff,skeptic: late take-off,-0.116666666667,0,0
skeptic_late_takeoff,skeptic: late take-off,-0.1,0,0
skeptic_late_takeoff,skeptic: late take-off,-0.0833333333333,0,0
skeptic_late_takeoff,skeptic: late take-off,-0.0666666666667,0,0
skeptic_late_takeoff,skeptic: late take-off,-0.05,0,0
skeptic_late_takeoff,skeptic: late take-off,-0.0333333333333,0,0
skeptic_late_takeoff,skeptic: late take-off,-0.0166666666667,0,0
skeptic_late_takeoff,skeptic: late take-off,0,0,0
skeptic_late_takeoff,skeptic: late take-off,0.0166666666667,0.0113179960582,0.0086771303113
skeptic_late_takeoff,skeptic: late take-off,0.0333333333333,0.0230075461597,0.0176391187225
skeptic_late_takeoff,skeptic: late take-off,0.05,0.0350774336824,0.0268926991565
skeptic_late_takeoff,skeptic: late take-off,0.0666666666667,0.0475363945378,0.0364445691457
skeptic_late_takeoff,skeptic: late take-off,0.0833333333333,0.0603930943559,0.0463013723395
skeptic_late_takeoff,skeptic: late take-off,0.1,0.0736561042099,0.0564696798943
skeptic_late_takeoff,skeptic: late take-off,0.116666666667,0.0873338748714,0.0669559707347
skeptic_late_takeoff,skeptic: late take-off,0.133333333333,0.101434709596,0.0777666106904
skeptic_late_takeoff,skeptic: late take-off,0.15,0.115966735452,0.088907830513
skeptic_late_takeoff,skeptic: late take-off,0.166666666667,0.130937873204,0.10038570279
skeptic_late_takeoff,skeptic: late take-off,0.183333333333,0.146355805801,0.112206117781
skeptic_late_takeoff,skeptic: late take-off,0.2,0.16222794549,0.124374758209
skeptic_late_takeoff,skeptic: late take-off,0.216666666667,0.178561399638,0.136897073056
skeptic_late_takeoff,skeptic: late take-off,0.233333333333,0.195362935316,0.149778250409
skeptic_late_takeoff,skeptic: late take-off,0.25,0.21263894275,0.163023189442
skeptic_late_takeoff,skeptic: late take-off,0.266666666667,0.230395397731,0.176636471593
skeptic_late_takeoff,skeptic: late take-off,0.283333333333,0.24863782311,0.190622331051
skeptic_late_takeoff,skeptic: late take-off,0.3,0.267371249528,0.204984624638
skeptic_late_takeoff,skeptic: late take-off,0.316666666667,0.286600175521,0.219726801233
skeptic_late_takeoff,skeptic: late take-off,0.333333333333,0.306328527189,0.234851870845
skeptic_late_takeoff,skeptic: late take-off,0.35,0.326559617621,0.250362373509
skeptic_late_takeoff,skeptic: late take-off,0.366666666667,0.347296106281,0.266260348149
skeptic_late_takeoff,skeptic: late take-off,0.383333333333,0.368539958601,0.282547301594
skeptic_late_takeoff,skeptic: late take-off,0.4,0.390292406015,0.299224177945
skeptic_late_takeoff,skeptic: late take-off,0.416666666667,0.412553906702,0.316291328472
skeptic_late_takeoff,skeptic: late take-off,0.433333333333,0.435324107323,0.333748482281
skeptic_late_takeoff,skeptic: late take-off,0.45,0.458601806039,0.351594717963
skeptic_late_takeoff,skeptic: late take-off,0.466666666667,0.482384917118,0.369828436457
skeptic_late_takeoff,skeptic: late take-off,0.483333333333,0.50667043745,0.388447335378
skeptic_late_takeoff,skeptic: late take-off,0.5,0.531454415276,0.407448385045
skeptic_late_takeoff,skeptic: late take-off,0.516666666667,0.556731921485,0.426827806472
skeptic_late_takeoff,skeptic: late take-off,0.533333333333,0.582497023777,0.446581051562
skeptic_late_takeoff,skeptic: late take-off,0.55,0.608742764039,0.466702785763
skeptic_late_takeoff,skeptic: late take-off,0.566666666667,0.635461139248,0.487186873423
skeptic_late_takeoff,skeptic: late take-off,0.583333333333,0.662643086199,0.508026366086
skeptic_late_takeoff,skeptic: late take-off,0.6,0.690278470381,0.529213493959
skeptic_late_takeoff,skeptic: late take-off,0.616666666667,0.718356079249,0.550739660757
skeptic_late_takeoff,skeptic: late take-off,0.633333333333,0.746863620173,0.572595442133
skeptic_late_takeoff,skeptic: late take-off,0.65,0.77578772328,0.594770587848
skeptic_late_takeoff,skeptic: late take-off,0.666666666667,0.805113949396,0.61725402787
skeptic_late_takeoff,skeptic: late take-off,0.683333333333,0.834826803244,0.640033882487
skeptic_late_takeoff,skeptic: late take-off,0.7,0.864909752043,0.663097476566
skeptic_late_takeoff,skeptic: late take-off,0.716666666667,0.895345249571,0.686431358004
skeptic_late_takeoff,skeptic: late take-off,0.733333333333,0.926114765748,0.710021320407
skeptic_late_takeoff,skeptic: late take-off,0.75,0.957198821729,0.733852429992
skeptic_late_takeoff,skeptic: late take-off,0.766666666667,0.988577030448,0.757909056677
skeptic_late_takeoff,skeptic: late take-off,0.783333333333,1.02022814251,0.782174909256
skeptic_late_takeoff,skeptic: late take-off,0.8,1.05213009726,0.806633074567
skeptic_late_takeoff,skeptic: late take-off,0.816666666667,1.08426007887,0.831266060465
skeptic_late_takeoff,skeptic: late take-off,0.833333333333,1.11659457707,0.856055842422
skeptic_late_takeoff,skeptic: late take-off,0.85,1.14910945239,0.880983913498
skeptic_late_takeoff,skeptic: late take-off,0.866666666667,1.18178000534,0.906031337429
skeptic_late_takeoff,skeptic: late take-off,0.883333333333,1.21458104935,0.931178804503
skeptic_late_takeoff,skeptic: late take-off,0.9,1.24748698684,0.95640668991
skeptic_late_takeoff,skeptic: late take-off,0.916666666667,1.28047188806,0.981695114178
skeptic_late_takeoff,skeptic: late take-off,0.933333333333,1.31350957216,1.00702400532
skeptic_late_takeoff,skeptic: late take-off,0.95,1.34657368993,1.03237316228
skeptic_late_takeoff,skeptic: late take-off,0.966666666667,1.3796378077,1.05772231923
skeptic_late_takeoff,skeptic: late take-off,0.983333333333,1.4126754918,1.08305121038
skeptic_late_takeoff,skeptic: late take-off,1,1.44566039301,1.10833963464
skeptic_late_takeoff,skeptic: late take-off,1.01666666667,1.4785663305,1.13356752005
skeptic_late_takeoff,skeptic: late take-off,1.03333333333,1.51136737451,1.15871498713
skeptic_late_takeoff,skeptic: late take-off,1.05,1.54403792746,1.18376241106
skeptic_late_takeoff,skeptic: late take-off,1.06666666667,1.57655280278,1.20869048213
skeptic_late_takeoff,skeptic: late take-off,1.08333333333,1.60888730099,1.23348026409
skeptic_late_takeoff,skeptic: late take-off,1.1,1.64101728259,1.25811324999
skeptic_late_takeoff,skeptic: late take-off,1.11666666667,1.67291923735,1.2825714153
skeptic_late_takeoff,skeptic: late take-off,1.13333333333,1.70457034941,1.30683726788
skeptic_late_takeoff,skeptic: late take-off,1.15,1.73594855812,1.33089389456
skeptic_late_takeoff,skeptic: late take-off,1.16666666667,1.76703261411,1.35472500415
skeptic_late_takeoff,skeptic: late take-off,1.18333333333,1.79780213028,1.37831496655
skeptic_late_takeoff,skeptic: late take-off,1.2,1.82823762781,1.40164884799
skeptic_late_takeoff,skeptic: late take-off,1.21666666667,1.85832057661,1.42471244207
skeptic_late_takeoff,skeptic: late take-off,1.23333333333,1.88803343046,1.44749229668
skeptic_late_takeoff,skeptic: late take-off,1.25,1.91735965657,1.46997573671
skeptic_late_takeoff,skeptic: late take-off,1.26666666667,1.94628375968,1.49215088242
skeptic_late_takeoff,skeptic: late take-off,1.28333333333,1.9747913006,1.5140066638
skeptic_late_takeoff,skeptic: late take-off,1.3,2.00286890947,1.5355328306
skeptic_late_takeoff,skeptic: late take-off,1.31666666667,2.03050429365,1.55671995847
skeptic_late_takeoff,skeptic: late take-off,1.33333333333,2.05768624061,1.57755945113
skeptic_late_takeoff,skeptic: late take-off,1.35,2.08440461581,1.59804353879
skeptic_late_takeoff,skeptic: late take-off,1.36666666667,2.11065035608,1.61816527299
skeptic_late_takeoff,skeptic: late take-off,1.38333333333,2.13641545837,1.63791851808
skeptic_late_takeoff,skeptic: late take-off,1.4,2.16169296458,1.65729793951
skeptic_late_takeoff,skeptic: late take-off,1.41666666667,2.1864769424,1.67629898918
skeptic_late_takeoff,skeptic: late take-off,1.43333333333,2.21076246273,1.6949178881
skeptic_late_takeoff,skeptic: late take-off,1.45,2.23454557381,1.71315160659
skeptic_late_takeoff,skeptic: late take-off,1.46666666667,2.25782327253,1.73099784227
skeptic_late_takeoff,skeptic: late take-off,1.48333333333,2.28059347315,1.74845499608
skeptic_late_takeoff,skeptic: late take-off,1.5,2.30285497384,1.76552214661
stubborn,stubborn (z~0),-2.5,0,0
stubborn,stubborn (z~0),-2.48333333333,0,0
stubborn,stubborn (z~0),-2.46666666667,0,0
stubborn,stubborn (z~0),-2.45,0,0
stubborn,stubborn (z~0),-2.43333333333,0,0
stubborn,stubborn (z~0),-2.41666666667,0,0
stubborn,stubborn (z~0),-2.4,0,0
stubborn,stubborn (z~0),-2.38333333333,0,0
stubborn,stubborn (z~0),-2.36666666667,0,0
stubborn,stubborn (z~0),-2.35,0,0
stubborn,stubborn (z~0),-2.33333333333,0,0
stubborn,stubborn (z~0),-2.31666666667,0,0
stubborn,stubborn (z~0),-2.3,0,0
stubborn,stubborn (z~0),-2.28333333333,0,0
stubborn,stubborn (z~0),-2.26666666667,0,0
stubborn,stubborn (z~0),-2.25,0,0
stubborn,stubborn (z~0),-2.23333333333,0,0
stubborn,stubborn (z~0),-2.21666666667,0,0
stubborn,stubborn (z~0),-2.2,0,0
stubborn,stubborn (z~0),-2.18333333333,0,0
stubborn,stubborn (z~0),-2.16666666667,0,0
stubborn,stubborn (z~0),-2.15,0,0
stubborn,stubborn (z~0),-2.13333333333,0,0
stubborn,stubborn (z~0),-2.11666666667,0,0
stubborn,stubborn (z~0),-2.1,0,0
stubborn,stubborn (z~0),-2.08333333333,0,0
stubborn,stubborn (z~0),-2.06666666667,0,0
stubborn,stubborn (z~0),-2.05,0,0
stubborn,stubborn (z~0),-2.03333333333,0,0
stubborn,stubborn (z~0),-2.01666666667,0,0
stubborn,stubborn (z~0),-2,0,0
stubborn,stubborn (z~0),-1.98333333333,0,0
stubborn,stubborn (z~0),-1.96666666667,0,0
stubborn,stubborn (z~0),-1.95,0,0
stubborn,stubborn (z~0),-1.93333333333,0,0
stubborn,stubborn (z~0),-1.91666666667,0,0
stubborn,stubborn (z~0),-1.9,0,0
stubborn,stubborn (z~0),-1.88333333333,0,0
stubborn,stubborn (z~0),-1.86666666667,0,0
stubborn,stubborn (z~0),-1.85,0,0
stubborn,stubborn (z~0),-1.83333333333,0,0
stubborn,stubborn (z~0),-1.81666666667,0,0
stubborn,stubborn (z~0),-1.8,0,0
stubborn,stubborn (z~0),-1.78333333333,0,0
stubborn,stubborn (z~0),-1.76666666667,0,0
stubborn,stubborn (z~0),-1.75,0,0
stubborn,stubborn (z~0),-1.73333333333,0,0
stubborn,stubborn (z~0),-1.71666666667,0,0
stubborn,stubborn (z~0),-1.7,0,0
stubborn,stubborn (z~0),-1.68333333333,0,0
stubborn,stubborn (z~0),-1.66666666667,0,0
stubborn,stubborn (z~0),-1.65,0,0
stubborn,stubborn (z~0),-1.63333333333,0,0
stubborn,stubborn (z~0),-1.61666666667,0,0
stubborn,stubborn (z~0),-1.6,0,0
stubborn,stubborn (z~0),-1.58333333333,0,0
stubborn,stubborn (z~0),-1.56666666667,0,0
stubborn,stubborn (z~0),-1.55,0,0
stubborn,stubborn (z~0),-1.53333333333,0,0
stubborn,stubborn (z~0),-1.51666666667,0,0
stubborn,stubborn (z~0),-1.5,0,0
stubborn,stubborn (z~0),-1.48333333333,0,0
stubborn,stubborn (z~0),-1.46666666667,0,0
stubborn,stubborn (z~0),-1.45,0,0
stubborn,stubborn (z~0),-1.43333333333,0,0
stubborn,stubborn (z~0),-1.41666666667,0,0
stubborn,stubborn (z~0),-1.4,0,0
stubborn,stubborn (z~0),-1.38333333333,0,0
stubborn,stubborn (z~0),-1.36666666667,0,0
stubborn,stubborn (z~0),-1.35,0,0
stubborn,stubborn (z~0),-1.33333333333,0,0
stubborn,stubborn (z~0),-1.31666666667,0,0
stubborn,stubborn (z~0),-1.3,0,0
stubborn,stubborn (z~0),-1.28333333333,0,0
stubborn,stubborn (z~0),-1.26666666667,0,0
stubborn,stubborn (z~0),-1.25,0,0
stubborn,stubborn (z~0),-1.23333333333,0,0
stubborn,stubborn (z~0),-1.21666666667,0,0
stubborn,stubborn (z~0),-1.2,0,0
stubborn,stubborn (z~0),-1.18333333333,0,0
stubborn,stubborn (z~0),-1.16666666667,0,0
stubborn,stubborn (z~0),-1.15,0,0
stubborn,stubborn (z~0),-1.13333333333,0,0
stubborn,stubborn (z~0),-1.11666666667,0,0
stubborn,stubborn (z~0),-1.1,0,0
stubborn,stubborn (z~0),-1.08333333333,0,0
stubborn,stubborn (z~0),-1.06666666667,0,0
stubborn,stubborn (z~0),-1.05,0,0
stubborn,stubborn (z~0),-1.03333333333,0,0
stubborn,stubborn (z~0),-1.01666666667,0,0
stubborn,stubborn (z~0),-1,0,0
stubborn,stubborn (z~0),-0.983333333333,0,0
stubborn,stubborn (z~0),-0.966666666667,0,0
stubborn,stubborn (z~0),-0.95,0,0
stubborn,stubborn (z~0),-0.933333333333,0,0
stubborn,stubborn (z~0),-0.916666666667,0,0
stubborn,stubborn (z~0),-0.9,0,0
stubborn,stubborn (z~0),-0.883333333333,0,0
stubborn,stubborn (z~0),-0.866666666667,0,0
stubborn,stubborn (z~0),-0.85,0,0
stubborn,stubborn (z~0),-0.833333333333,0,0
stubborn,stubborn (z~0),-0.816666666667,0,0
stubborn,stubborn (z~0),-0.8,0,0
stubborn,stubborn (z~0),-0.783333333333,0,0
stubborn,stubborn (z~0),-0.766666666667,0,0
stubborn,stubborn (z~0),-0.75,0,0
stubborn,stubborn (z~0),-0.733333333333,0,0
stubborn,stubborn (z~0),-0.716666666667,0,0
stubborn,stubborn (z~0),-0.7,0,0
stubborn,stubborn (z~0),-0.683333333333,0,0
stubborn,stubborn (z~0),-0.666666666667,0,0
stubborn,stubborn (z~0),-0.65,0,0
stubborn,stubborn (z~0),-0.633333333333,0,0
stubborn,stubborn (z~0),-0.616666666667,0,0
stubborn,stubborn (z~0),-0.6,0,0
stubborn,stubborn (z~0),-0.583333333333,0,0
stubborn,stubborn (z~0),-0.566666666667,0,0
stubborn,stubborn (z~0),-0.55,0,0
stubborn,stubborn (z~0),-0.533333333333,0,0
stubborn,stubborn (z~0),-0.516666666667,0,0
stubborn,stubborn (z~0),-0.5,0,0
stubborn,stubborn (z~0),-0.483333333333,0,0
stubborn,stubborn (z~0),-0.466666666667,0,0
stubborn,stubborn (z~0),-0.45,0,0
stubborn,stubborn (z~0),-0.433333333333,0,0
stubborn,stubborn (z~0),-0.416666666667,0,0
stubborn,stubborn (z~0),-0.4,0,0
stubborn,stubborn (z~0),-0.383333333333,0,0
stubborn,stubborn (z~0),-0.366666666667,0,0
stubborn,stubborn (z~0),-0.35,0,0
stubborn,stubborn (z~0),-0.333333333333,0,0
stubborn,stubborn (z~0),-0.316666666667,0,0
stubborn,stubborn (z~0),-0.3,0,0
stubborn,stubborn (z~0),-0.283333333333,0,0
stubborn,stubborn (z~0),-0.266666666667,0,0
stubborn,stubborn (z~0),-0.25,0,0
stubborn,stubborn (z~0),-0.233333333333,0,0
stubborn,stubborn (z~0),-0.216666666667,0,0
stubborn,stubborn (z~0),-0.2,0,0
stubborn,stubborn (z~0),-0.183333333333,0,0
stubborn,stubborn (z~0),-0.166666666667,0,0
stubborn,stubborn (z~0),-0.15,0,0
stubborn,stubborn (z~0),-0.133333333333,0,0
stubborn,stubborn (z~0),-0.116666666667,0,0
stubborn,stubborn (z~0),-0.1,0,0
stubborn,stubborn (z~0),-0.0833333333333,0,0
stubborn,stubborn (z~0),-0.0666666666667,0,0
stubborn,stubborn (z~0),-0.05,0,0
stubborn,stubborn (z~0),-0.0333333333333,0,0
stubborn,stubborn (z~0),-0.0166666666667,0,0
stubborn,stubborn (z~0),0,0,0
stubborn,stubborn (z~0),0.0166666666667,0,0
stubborn,stubborn (z~0),0.0333333333333,0,0
stubborn,stubborn (z~0),0.05,0,0
stubborn,stubborn (z~0),0.0666666666667,0,0
stubborn,stubborn (z~0),0.0833333333333,0,0
stubborn,stubborn (z~0),0.1,0,0
stubborn,stubborn (z~0),0.116666666667,0,0
stubborn,stubborn (z~0),0.133333333333,0,0
stubborn,stubborn (z~0),0.15,0,0
stubborn,stubborn (z~0),0.166666666667,0,0
stubborn,stubborn (z~0),0.183333333333,0,0
stubborn,stubborn (z~0),0.2,0,0
stubborn,stubborn (z~0),0.216666666667,0,0
stubborn,stubborn (z~0),0.233333333333,0,0
stubborn,stubborn (z~0),0.25,0,0
stubborn,stubborn (z~0),0.266666666667,0,0
stubborn,stubborn (z~0),0.283333333333,0,0
stubborn,stubborn (z~0),0.3,0,0
stubborn,stubborn (z~0),0.316666666667,0,0
stubborn,stubborn (z~0),0.333333333333,0,0
stubborn,stubborn (z~0),0.35,0,0
stubborn,stubborn (z~0),0.366666666667,0,0
stubborn,stubborn (z~0),0.383333333333,0,0
stubborn,stubborn (z~0),0.4,0,0
stubborn,stubborn (z~0),0.416666666667,0,0
stubborn,stubborn (z~0),0.433333333333,0,0
stubborn,stubborn (z~0),0.45,0,0
stubborn,stubborn (z~0),0.466666666667,0,0
stubborn,stubborn (z~0),0.483333333333,0,0
stubborn,stubborn (z~0),0.5,0,0
stubborn,stubborn (z~0),0.516666666667,0,0
stubborn,stubborn (z~0),0.533333333333,0,0
stubborn,stubborn (z~0),0.55,0,0
stubborn,stubborn (z~0),0.566666666667,0,0
stubborn,stubborn (z~0),0.583333333333,0,0
stubborn,stubborn (z~0),0.6,0,0
stubborn,stubborn (z~0),0.616666666667,0,0
stubborn,stubborn (z~0),0.633333333333,0,0
stubborn,stubborn (z~0),0.65,0,0
stubborn,stubborn (z~0),0.666666666667,0,0
stubborn,stubborn (z~0),0.683333333333,0,0
stubborn,stubborn (z~0),0.7,0,0
stubborn,stubborn (z~0),0.716666666667,0,0
stubborn,stubborn (z~0),0.733333333333,0,0
stubborn,stubborn (z~0),0.75,0,0
stubborn,stubborn (z~0),0.766666666667,0,0
stubborn,stubborn (z~0),0.783333333333,0,0
stubborn,stubborn (z~0),0.8,0,0
stubborn,stubborn (z~0),0.816666666667,0,0
stubborn,stubborn (z~0),0.833333333333,0,0
stubborn,stubborn (z~0),0.85,0,0
stubborn,stubborn (z~0),0.866666666667,0,0
stubborn,stubborn (z~0),0.883333333333,0,0
stubborn,stubborn (z~0),0.9,0,0
stubborn,stubborn (z~0),0.916666666667,0,0
stubborn,stubborn (z~0),0.933333333333,0,0
stubborn,stubborn (z~0),0.95,0,0
stubborn,stubborn (z~0),0.966666666667,0,0
stubborn,stubborn (z~0),0.983333333333,0,0
stubborn,stubborn (z~0),1,0,0
stubborn,stubborn (z~0),1.01666666667,0,0
stubborn,stubborn (z~0),1.03333333333,0,0
stubborn,stubborn (z~0),1.05,0,0
stubborn,stubborn (z~0),1.06666666667,0,0
stubborn,stubborn (z~0),1.08333333333,0,0
stubborn,stubborn (z~0),1.1,0,0
stubborn,stubborn (z~0),1.11666666667,0,0
stubborn,stubborn (z~0),1.13333333333,0,0
stubborn,stubborn (z~0),1.15,0,0
stubborn,stubborn (z~0),1.16666666667,0,0
stubborn,stubborn (z~0),1.18333333333,0,0
stubborn,stubborn (z~0),1.2,0,0
stubborn,stubborn (z~0),1.21666666667,0,0
stubborn,stubborn (z~0),1.23333333333,0,0
stubborn,stubborn (z~0),1.25,0,0
stubborn,stubborn (z~0),1.26666666667,0,0
stubborn,stubborn (z~0),1.28333333333,0,0
stubborn,stubborn (z~0),1.3,0,0
stubborn,stubborn (z~0),1.31666666667,0,0
stubborn,stubborn (z~0),1.33333333333,0,0
stubborn,stubborn (z~0),1.35,0,0
stubborn,stubborn (z~0),1.36666666667,0,0
stubborn,stubborn (z~0),1.38333333333,0,0
stubborn,stubborn (z~0),1.4,0,0
stubborn,stubborn (z~0),1.41666666667,0,0
stubborn,stubborn (z~0),1.43333333333,0,0
stubborn,stubborn (z~0),1.45,0,0
stubborn,stubborn (z~0),1.46666666667,0,0
stubborn,stubborn (z~0),1.48333333333,0,0
stubborn,stubborn (z~0),1.5,0,0
pushover_flat_high,pushover (flat-high),-2.5,4,0
pushover_flat_high,pushover (flat-high),-2.48333333333,4,0
pushover_flat_high,pushover (flat-high),-2.46666666667,4,0
pushover_flat_high,pushover (flat-high),-2.45,4,0
pushover_flat_high,pushover (flat-high),-2.43333333333,4,0
pushover_flat_high,pushover (flat-high),-2.41666666667,4,0
pushover_flat_high,pushover (flat-high),-2.4,4,0
pushover_flat_high,pushover (flat-high),-2.38333333333,4,0
pushover_flat_high,pushover (flat-high),-2.36666666667,4,0
pushover_flat_high,pushover (flat-high),-2.35,4,0
pushover_flat_high,pushover (flat-high),-2.33333333333,4,0
pushover_flat_high,pushover (flat-high),-2.31666666667,4,0
pushover_flat_high,pushover (flat-high),-2.3,4,0
pushover_flat_high,pushover (flat-high),-2.28333333333,4,0
pushover_flat_high,pushover (flat-high),-2.26666666667,4,0
pushover_flat_high,pushover (flat-high),-2.25,4,0
pushover_flat_high,pushover (flat-high),-2.23333333333,4,0
pushover_flat_high,pushover (flat-high),-2.21666666667,4,0
pushover_flat_high,pushover (flat-high),-2.2,4,0
pushover_flat_high,pushover (flat-high),-2.18333333333,4,0
pushover_flat_high,pushover (flat-high),-2.16666666667,4,0
pushover_flat_high,pushover (flat-high),-2.15,4,0
pushover_flat_high,pushover (flat-high),-2.13333333333,4,0
pushover_flat_high,pushover (flat-high),-2.11666666667,4,0
pushover_flat_high,pushover (flat-high),-2.1,4,0
pushover_flat_high,pushover (flat-high),-2.08333333333,4,0
pushover_flat_high,pushover (flat-high),-2.06666666667,4,0
pushover_flat_high,pushover (flat-high),-2.05,4,0
pushover_flat_high,pushover (flat-high),-2.03333333333,4,0
pushover_flat_high,pushover (flat-high),-2.01666666667,4,0
pushover_flat_high,pushover (flat-high),-2,4,0
pushover_flat_high,pushover (flat-high),-1.98333333333,4,0
pushover_flat_high,pushover (flat-high),-1.96666666667,4,0
pushover_flat_high,pushover (flat-high),-1.95,4,0
pushover_flat_high,pushover (flat-high),-1.93333333333,4,0
pushover_flat_high,pushover (flat-high),-1.91666666667,4,0
pushover_flat_high,pushover (flat-high),-1.9,4,0
pushover_flat_high,pushover (flat-high),-1.88333333333,4,0
pushover_flat_high,pushover (flat-high),-1.86666666667,4,0
pushover_flat_high,pushover (flat-high),-1.85,4,0
pushover_flat_high,pushover (flat-high),-1.83333333333,4,0
pushover_flat_high,pushover (flat-high),-1.81666666667,4,0
pushover_flat_high,pushover (flat-high),-1.8,4,0
pushover_flat_high,pushover (flat-high),-1.78333333333,4,0
pushover_flat_high,pushover (flat-high),-1.76666666667,4,0
pushover_flat_high,pushover (flat-high),-1.75,4,0
pushover_flat_high,pushover (flat-high),-1.73333333333,4,0
pushover_flat_high,pushover (flat-high),-1.71666666667,4,0
pushover_flat_high,pushover (flat-high),-1.7,4,0
pushover_flat_high,pushover (flat-high),-1.68333333333,4,0
pushover_flat_high,pushover (flat-high),-1.66666666667,4,0
pushover_flat_high,pushover (flat-high),-1.65,4,0
pushover_flat_high,pushover (flat-high),-1.63333333333,4,0
pushover_flat_high,pushover (flat-high),-1.61666666667,4,0
pushover_flat_high,pushover (flat-high),-1.6,4,0
pushover_flat_high,pushover (flat-high),-1.58333333333,4,0
pushover_flat_high,pushover (flat-high),-1.56666666667,4,0
pushover_flat_high,pushover (flat-high),-1.55,4,0
pushover_flat_high,pushover (flat-high),-1.53333333333,4,0
pushover_flat_high,pushover (flat-high),-1.51666666667,4,0
pushover_flat_high,pushover (flat-high),-1.5,4,0
pushover_flat_high,pushover (flat-high),-1.48333333333,4,0
pushover_flat_high,pushover (flat-high),-1.46666666667,4,0
pushover_flat_high,pushover (flat-high),-1.45,4,0
pushover_flat_high,pushover (flat-high),-1.43333333333,4,0
pushover_flat_high,pushover (flat-high),-1.41666666667,4,0
pushover_flat_high,pushover (flat-high),-1.4,4,0
pushover_flat_high,pushover (flat-high),-1.38333333333,4,0
pushover_flat_high,pushover (flat-high),-1.36666666667,4,0
pushover_flat_high,pushover (flat-high),-1.35,4,0
pushover_flat_high,pushover (flat-high),-1.33333333333,4,0
pushover_flat_high,pushover (flat-high),-1.31666666667,4,0
pushover_flat_high,pushover (flat-high),-1.3,4,0
pushover_flat_high,pushover (flat-high),-1.28333333333,4,0
pushover_flat_high,pushover (flat-high),-1.26666666667,4,0
pushover_flat_high,pushover (flat-high),-1.25,4,0
pushover_flat_high,pushover (flat-high),-1.23333333333,4,0
pushover_flat_high,pushover (flat-high),-1.21666666667,4,0
pushover_flat_high,pushover (flat-high),-1.2,4,0
pushover_flat_high,pushover (flat-high),-1.18333333333,4,0
pushover_flat_high,pushover (flat-high),-1.16666666667,4,0
pushover_flat_high,pushover (flat-high),-1.15,4,0
pushover_flat_high,pushover (flat-high),-1.13333333333,4,0
pushover_flat_high,pushover (flat-high),-1.11666666667,4,0
pushover_flat_high,pushover (flat-high),-1.1,4,0
pushover_flat_high,pushover (flat-high),-1.08333333333,4,0
pushover_flat_high,pushover (flat-high),-1.06666666667,4,0
pushover_flat_high,pushover (flat-high),-1.05,4,0
pushover_flat_high,pushover (flat-high),-1.03333333333,4,0
pushover_flat_high,pushover (flat-high),-1.01666666667,4,0
pushover_flat_high,pushover (flat-high),-1,4,0
pushover_flat_high,pushover (flat-high),-0.983333333333,4,0
pushover_flat_high,pushover (flat-high),-0.966666666667,4,0
pushover_flat_high,pushover (flat-high),-0.95,4,0
pushover_flat_high,pushover (flat-high),-0.933333333333,4,0
pushover_flat_high,pushover (flat-high),-0.916666666667,4,0
pushover_flat_high,pushover (flat-high),-0.9,4,0
pushover_flat_high,pushover (flat-high),-0.883333333333,4,0
pushover_flat_high,pushover (flat-high),-0.866666666667,4,0
pushover_flat_high,pushover (flat-high),-0.85,4,0
pushover_flat_high,pushover (flat-high),-0.833333333333,4,0
pushover_flat_high,pushover (flat-high),-0.816666666667,4,0
pushover_flat_high,pushover (flat-high),-0.8,4,0
pushover_flat_high,pushover (flat-high),-0.783333333333,4,0
pushover_flat_high,pushover (flat-high),-0.766666666667,4,0
pushover_flat_high,pushover (flat-high),-0.75,4,0
pushover_flat_high,pushover (flat-high),-0.733333333333,4,0
pushover_flat_high,pushover (flat-high),-0.716666666667,4,0
pushover_flat_high,pushover (flat-high),-0.7,4,0
pushover_flat_high,pushover (flat-high),-0.683333333333,4,0
pushover_flat_high,pushover (flat-high),-0.666666666667,4,0
pushover_flat_high,pushover (flat-high),-0.65,4,0
pushover_flat_high,pushover (flat-high),-0.633333333333,4,0
pushover_flat_high,pushover (flat-high),-0.616666666667,4,0
pushover_flat_high,pushover (flat-high),-0.6,4,0
pushover_flat_high,pushover (flat-high),-0.583333333333,4,0
pushover_flat_high,pushover (flat-high),-0.566666666667,4,0
pushover_flat_high,pushover (flat-high),-0.55,4,0
pushover_flat_high,pushover (flat-high),-0.533333333333,4,0
pushover_flat_high,pushover (flat-high),-0.516666666667,4,0
pushover_flat_high,pushover (flat-high),-0.5,4,0
pushover_flat_high,pushover (flat-high),-0.483333333333,4,0
pushover_flat_high,pushover (flat-high),-0.466666666667,4,0
pushover_flat_high,pushover (flat-high),-0.45,4,0
pushover_flat_high,pushover (flat-high),-0.433333333333,4,0
pushover_flat_high,pushover (flat-high),-0.416666666667,4,0
pushover_flat_high,pushover (flat-high),-0.4,4,0
pushover_flat_high,pushover (flat-high),-0.383333333333,4,0
pushover_flat_high,pushover (flat-high),-0.366666666667,4,0
pushover_flat_high,pushover (flat-high),-0.35,4,0
pushover_flat_high,pushover (flat-high),-0.333333333333,4,0
pushover_flat_high,pushover (flat-high),-0.316666666667,4,0
pushover_flat_high,pushover (flat-high),-0.3,4,0
pushover_flat_high,pushover (flat-high),-0.283333333333,4,0
pushover_flat_high,pushover (flat-high),-0.266666666667,4,0
pushover_flat_high,pushover (flat-high),-0.25,4,0
pushover_flat_high,pushover (flat-high),-0.233333333333,4,0
pushover_flat_high,pushover (flat-high),-0.216666666667,4,0
pushover_flat_high,pushover (flat-high),-0.2,4,0
pushover_flat_high,pushover (flat-high),-0.183333333333,4,0
pushover_flat_high,pushover (flat-high),-0.166666666667,4,0
pushover_flat_high,pushover (flat-high),-0.15,4,0
pushover_flat_high,pushover (flat-high),-0.133333333333,4,0
pushover_flat_high,pushover (flat-high),-0.116666666667,4,0
pushover_flat_high,pushover (flat-high),-0.1,4,0
pushover_flat_high,pushover (flat-high),-0.0833333333333,4,0
pushover_flat_high,pushover (flat-high),-0.0666666666667,4,0
pushover_flat_high,pushover (flat-high),-0.05,4,0
pushover_flat_high,pushover (flat-high),-0.0333333333333,4,0
pushover_flat_high,pushover (flat-high),-0.0166666666667,4,0
pushover_flat_high,pushover (flat-high),0,4,0
pushover_flat_high,pushover (flat-high),0.0166666666667,4,0.0036666658179
pushover_flat_high,pushover (flat-high),0.0333333333333,4,0.00733332654322
pushover_flat_high,pushover (flat-high),0.05,4,0.0109999770834
pushover_flat_high,pushover (flat-high),0.0666666666667,4,0.0146666123459
pushover_flat_high,pushover (flat-high),0.0833333333333,4,0.0183332272384
pushover_flat_high,pushover (flat-high),0.1,4,0.0219998166685
pushover_flat_high,pushover (flat-high),0.116666666667,4,0.0256663755441
pushover_flat_high,pushover (flat-high),0.133333333333,4,0.0293328987732
pushover_flat_high,pushover (flat-high),0.15,4,0.0329993812639
pushover_flat_high,pushover (flat-high),0.166666666667,4,0.0366658179248
pushover_flat_high,pushover (flat-high),0.183333333333,4,0.0403322036645
pushover_flat_high,pushover (flat-high),0.2,4,0.043998533392
pushover_flat_high,pushover (flat-high),0.216666666667,4,0.0476648020165
pushover_flat_high,pushover (flat-high),0.233333333333,4,0.0513310044478
pushover_flat_high,pushover (flat-high),0.25,4,0.0549971355957
pushover_flat_high,pushover (flat-high),0.266666666667,4,0.0586631903707
pushover_flat_high,pushover (flat-high),0.283333333333,4,0.0623291636835
pushover_flat_high,pushover (flat-high),0.3,4,0.0659950504455
pushover_flat_high,pushover (flat-high),0.316666666667,4,0.0696608455683
pushover_flat_high,pushover (flat-high),0.333333333333,4,0.0733265439643
pushover_flat_high,pushover (flat-high),0.35,4,0.0769921405461
pushover_flat_high,pushover (flat-high),0.366666666667,4,0.0806576302272
pushover_flat_high,pushover (flat-high),0.383333333333,4,0.0843230079216
pushover_flat_high,pushover (flat-high),0.4,4,0.0879882685437
pushover_flat_high,pushover (flat-high),0.416666666667,4,0.0916534070088
pushover_flat_high,pushover (flat-high),0.433333333333,4,0.0953184182328
pushover_flat_high,pushover (flat-high),0.45,4,0.0989832971323
pushover_flat_high,pushover (flat-high),0.466666666667,4,0.102648038625
pushover_flat_high,pushover (flat-high),0.483333333333,4,0.106312637628
pushover_flat_high,pushover (flat-high),0.5,4,0.109977089061
pushover_flat_high,pushover (flat-high),0.516666666667,4,0.113641387844
pushover_flat_high,pushover (flat-high),0.533333333333,4,0.117305528896
pushover_flat_high,pushover (flat-high),0.55,4,0.120969507141
pushover_flat_high,pushover (flat-high),0.566666666667,4,0.124633317499
pushover_flat_high,pushover (flat-high),0.583333333333,4,0.128296954894
pushover_flat_high,pushover (flat-high),0.6,4,0.131960414251
pushover_flat_high,pushover (flat-high),0.616666666667,4,0.135623690494
pushover_flat_high,pushover (flat-high),0.633333333333,4,0.13928677855
pushover_flat_high,pushover (flat-high),0.65,4,0.142949673346
pushover_flat_high,pushover (flat-high),0.666666666667,4,0.146612369811
pushover_flat_high,pushover (flat-high),0.683333333333,4,0.150274862873
pushover_flat_high,pushover (flat-high),0.7,4,0.153937147464
pushover_flat_high,pushover (flat-high),0.716666666667,4,0.157599218515
pushover_flat_high,pushover (flat-high),0.733333333333,4,0.16126107096
pushover_flat_high,pushover (flat-high),0.75,4,0.164922699731
pushover_flat_high,pushover (flat-high),0.766666666667,4,0.168584099765
pushover_flat_high,pushover (flat-high),0.783333333333,4,0.172245265999
pushover_flat_high,pushover (flat-high),0.8,4,0.175906193369
pushover_flat_high,pushover (flat-high),0.816666666667,4,0.179566876816
pushover_flat_high,pushover (flat-high),0.833333333333,4,0.18322731128
pushover_flat_high,pushover (flat-high),0.85,4,0.186887491703
pushover_flat_high,pushover (flat-high),0.866666666667,4,0.190547413029
pushover_flat_high,pushover (flat-high),0.883333333333,4,0.194207070201
pushover_flat_high,pushover (flat-high),0.9,4,0.197866458168
pushover_flat_high,pushover (flat-high),0.916666666667,4,0.201525571876
pushover_flat_high,pushover (flat-high),0.933333333333,4,0.205184406274
pushover_flat_high,pushover (flat-high),0.95,4,0.208842956314
pushover_flat_high,pushover (flat-high),0.966666666667,4,0.212501216948
pushover_flat_high,pushover (flat-high),0.983333333333,4,0.216159183129
pushover_flat_high,pushover (flat-high),1,4,0.219816849815
pushover_flat_high,pushover (flat-high),1.01666666667,4,0.223474211961
pushover_flat_high,pushover (flat-high),1.03333333333,4,0.227131264527
pushover_flat_high,pushover (flat-high),1.05,4,0.230788002474
pushover_flat_high,pushover (flat-high),1.06666666667,4,0.234444420764
pushover_flat_high,pushover (flat-high),1.08333333333,4,0.238100514362
pushover_flat_high,pushover (flat-high),1.1,4,0.241756278232
pushover_flat_high,pushover (flat-high),1.11666666667,4,0.245411707344
pushover_flat_high,pushover (flat-high),1.13333333333,4,0.249066796667
pushover_flat_high,pushover (flat-high),1.15,4,0.252721541173
pushover_flat_high,pushover (flat-high),1.16666666667,4,0.256375935834
pushover_flat_high,pushover (flat-high),1.18333333333,4,0.260029975627
pushover_flat_high,pushover (flat-high),1.2,4,0.263683655528
pushover_flat_high,pushover (flat-high),1.21666666667,4,0.267336970518
pushover_flat_high,pushover (flat-high),1.23333333333,4,0.270989915577
pushover_flat_high,pushover (flat-high),1.25,4,0.274642485689
pushover_flat_high,pushover (flat-high),1.26666666667,4,0.27829467584
pushover_flat_high,pushover (flat-high),1.28333333333,4,0.281946481016
pushover_flat_high,pushover (flat-high),1.3,4,0.285597896208
pushover_flat_high,pushover (flat-high),1.31666666667,4,0.289248916408
pushover_flat_high,pushover (flat-high),1.33333333333,4,0.29289953661
pushover_flat_high,pushover (flat-high),1.35,4,0.29654975181
pushover_flat_high,pushover (flat-high),1.36666666667,4,0.300199557006
pushover_flat_high,pushover (flat-high),1.38333333333,4,0.303848947199
pushover_flat_high,pushover (flat-high),1.4,4,0.307497917392
pushover_flat_high,pushover (flat-high),1.41666666667,4,0.311146462591
pushover_flat_high,pushover (flat-high),1.43333333333,4,0.314794577804
pushover_flat_high,pushover (flat-high),1.45,4,0.31844225804
pushover_flat_high,pushover (flat-high),1.46666666667,4,0.322089498312
pushover_flat_high,pushover (flat-high),1.48333333333,4,0.325736293634
pushover_flat_high,pushover (flat-high),1.5,4,0.329382639025
super_sensitive,super-sensitive,-2.5,0,0
super_sensitive,super-sensitive,-2.48333333333,0,0
super_sensitive,super-sensitive,-2.46666666667,0,0
super_sensitive,super-sensitive,-2.45,0,0
super_sensitive,super-sensitive,-2.43333333333,0,0
super_sensitive,super-sensitive,-2.41666666667,0,0
super_sensitive,super-sensitive,-2.4,0,0
super_sensitive,super-sensitive,-2.38333333333,0,0
super_sensitive,super-sensitive,-2.36666666667,0,0
super_sensitive,super-sensitive,-2.35,0,0
super_sensitive,super-sensitive,-2.33333333333,0,0
super_sensitive,super-sensitive,-2.31666666667,0,0
super_sensitive,super-sensitive,-2.3,0,0
super_sensitive,super-sensitive,-2.28333333333,0,0
super_sensitive,super-sensitive,-2.26666666667,0,0
super_sensitive,super-sensitive,-2.25,0,0
super_sensitive,super-sensitive,-2.23333333333,0,0
super_sensitive,super-sensitive,-2.21666666667,0,0
super_sensitive,super-sensitive,-2.2,0,0
super_sensitive,super-sensitive,-2.18333333333,0,0
super_sensitive,super-sensitive,-2.16666666667,0,0
super_sensitive,super-sensitive,-2.15,0,0
super_sensitive,super-sensitive,-2.13333333333,0,0
super_sensitive,super-sensitive,-2.11666666667,0,0
super_sensitive,super-sensitive,-2.1,0,0
super_sensitive,super-sensitive,-2.08333333333,0,0
super_sensitive,super-sensitive,-2.06666666667,0,0
super_sensitive,super-sensitive,-2.05,0,0
super_sensitive,super-sensitive,-2.03333333333,0,0
super_sensitive,super-sensitive,-2.01666666667,0,0
super_sensitive,super-sensitive,-2,0,0
super_sensitive,super-sensitive,-1.98333333333,0,0
super_sensitive,super-sensitive,-1.96666666667,0,0
super_sensitive,super-sensitive,-1.95,0,0
super_sensitive,super-sensitive,-1.93333333333,0,0
super_sensitive,super-sensitive,-1.91666666667,0,0
super_sensitive,super-sensitive,-1.9,0,0
super_sensitive,super-sensitive,-1.88333333333,0,0
super_sensitive,super-sensitive,-1.86666666667,0,0
super_sensitive,super-sensitive,-1.85,0,0
super_sensitive,super-sensitive,-1.83333333333,0,0
super_sensitive,super-sensitive,-1.81666666667,0,0
super_sensitive,super-sensitive,-1.8,0,0
super_sensitive,super-sensitive,-1.78333333333,0,0
super_sensitive,super-sensitive,-1.76666666667,0,0
super_sensitive,super-sensitive,-1.75,0,0
super_sensitive,super-sensitive,-1.73333333333,0,0
super_sensitive,super-sensitive,-1.71666666667,0,0
super_sensitive,super-sensitive,-1.7,0,0
super_sensitive,super-sensitive,-1.68333333333,0,0
super_sensitive,super-sensitive,-1.66666666667,0,0
super_sensitive,super-sensitive,-1.65,0,0
super_sensitive,super-sensitive,-1.63333333333,0,0
super_sensitive,super-sensitive,-1.61666666667,0,0
super_sensitive,super-sensitive,-1.6,0,0
super_sensitive,super-sensitive,-1.58333333333,0,0
super_sensitive,super-sensitive,-1.56666666667,0,0
super_sensitive,super-sensitive,-1.55,0,0
super_sensitive,super-sensitive,-1.53333333333,0,0
super_sensitive,super-sensitive,-1.51666666667,0,0
super_sensitive,super-sensitive,-1.5,0,0
super_sensitive,super-sensitive,-1.48333333333,0,0
super_sensitive,super-sensitive,-1.46666666667,0,0
super_sensitive,super-sensitive,-1.45,0,0
super_sensitive,super-sensitive,-1.43333333333,0,0
super_sensitive,super-sensitive,-1.41666666667,0,0
super_sensitive,super-sensitive,-1.4,0,0
super_sensitive,super-sensitive,-1.38333333333,0,0
super_sensitive,super-sensitive,-1.36666666667,0,0
super_sensitive,super-sensitive,-1.35,0,0
super_sensitive,super-sensitive,-1.33333333333,0,0
super_sensitive,super-sensitive,-1.31666666667,0,0
super_sensitive,super-sensitive,-1.3,0,0
super_sensitive,super-sensitive,-1.28333333333,0,0
super_sensitive,super-sensitive,-1.26666666667,0,0
super_sensitive,super-sensitive,-1.25,0,0
super_sensitive,super-sensitive,-1.23333333333,0,0
super_sensitive,super-sensitive,-1.21666666667,0,0
super_sensitive,super-sensitive,-1.2,0,0
super_sensitive,super-sensitive,-1.18333333333,0,0
super_sensitive,super-sensitive,-1.16666666667,0,0
super_sensitive,super-sensitive,-1.15,0,0
super_sensitive,super-sensitive,-1.13333333333,0,0
super_sensitive,super-sensitive,-1.11666666667,0,0
super_sensitive,super-sensitive,-1.1,0,0
super_sensitive,super-sensitive,-1.08333333333,0,0
super_sensitive,super-sensitive,-1.06666666667,0,0
super_sensitive,super-sensitive,-1.05,0,0
super_sensitive,super-sensitive,-1.03333333333,0,0
super_sensitive,super-sensitive,-1.01666666667,0,0
super_sensitive,super-sensitive,-1,0,0
super_sensitive,super-sensitive,-0.983333333333,0,0
super_sensitive,super-sensitive,-0.966666666667,0,0
super_sensitive,super-sensitive,-0.95,0,0
super_sensitive,super-sensitive,-0.933333333333,0,0
super_sensitive,super-sensitive,-0.916666666667,0,0
super_sensitive,super-sensitive,-0.9,0,0
super_sensitive,super-sensitive,-0.883333333333,0,0
super_sensitive,super-sensitive,-0.866666666667,0,0
super_sensitive,super-sensitive,-0.85,0,0
super_sensitive,super-sensitive,-0.833333333333,0,0
super_sensitive,super-sensitive,-0.816666666667,0,0
super_sensitive,super-sensitive,-0.8,0,0
super_sensitive,super-sensitive,-0.783333333333,0,0
super_sensitive,super-sensitive,-0.766666666667,0,0
super_sensitive,super-sensitive,-0.75,0,0
super_sensitive,super-sensitive,-0.733333333333,0,0
super_sensitive,super-sensitive,-0.716666666667,0,0
super_sensitive,super-sensitive,-0.7,0,0
super_sensitive,super-sensitive,-0.683333333333,0,0
super_sensitive,super-sensitive,-0.666666666667,0,0
super_sensitive,super-sensitive,-0.65,0,0
super_sensitive,super-sensitive,-0.633333333333,0,0
super_sensitive,super-sensitive,-0.616666666667,0,0
super_sensitive,super-sensitive,-0.6,0,0
super_sensitive,super-sensitive,-0.583333333333,0,0
super_sensitive,super-sensitive,-0.566666666667,0,0
super_sensitive,super-sensitive,-0.55,0,0
super_sensitive,super-sensitive,-0.533333333333,0,0
super_sensitive,super-sensitive,-0.516666666667,0,0
super_sensitive,super-sensitive,-0.5,0,0
super_sensitive,super-sensitive,-0.483333333333,0,0
super_sensitive,super-sensitive,-0.466666666667,0,0
super_sensitive,super-sensitive,-0.45,0,0
super_sensitive,super-sensitive,-0.433333333333,0,0
super_sensitive,super-sensitive,-0.416666666667,0,0
super_sensitive,super-sensitive,-0.4,0,0
super_sensitive,super-sensitive,-0.383333333333,0,0
super_sensitive,super-sensitive,-0.366666666667,0,0
super_sensitive,super-sensitive,-0.35,0,0
super_sensitive,super-sensitive,-0.333333333333,0,0
super_sensitive,super-sensitive,-0.316666666667,0,0
super_sensitive,super-sensitive,-0.3,0,0
super_sensitive,super-sensitive,-0.283333333333,0,0
super_sensitive,super-sensitive,-0.266666666667,0,0
super_sensitive,super-sensitive,-0.25,0,0
super_sensitive,super-sensitive,-0.233333333333,0,0
super_sensitive,super-sensitive,-0.216666666667,0,0
super_sensitive,super-sensitive,-0.2,0,0
super_sensitive,super-sensitive,-0.183333333333,0,0
super_sensitive,super-sensitive,-0.166666666667,0,0
super_sensitive,super-sensitive,-0.15,0,0
super_sensitive,super-sensitive,-0.133333333333,0,0
super_sensitive,super-sensitive,-0.116666666667,0,0
super_sensitive,super-sensitive,-0.1,0,0
super_sensitive,super-sensitive,-0.0833333333333,0,0
super_sensitive,super-sensitive,-0.0666666666667,0,0
super_sensitive,super-sensitive,-0.05,0,0
super_sensitive,super-sensitive,-0.0333333333333,0,0
super_sensitive,super-sensitive,-0.0166666666667,0,0
super_sensitive,super-sensitive,0,0,0
super_sensitive,super-sensitive,0.0166666666667,0.0343099148345,0.0655404802425
super_sensitive,super-sensitive,0.0333333333333,0.0714930848171,0.13329329076
super_sensitive,super-sensitive,0.05,0.111755905151,0.203283362902
super_sensitive,super-sensitive,0.0666666666667,0.1553133541,0.275531526285
super_sensitive,super-sensitive,0.0833333333333,0.202388152011,0.350054151574
super_sensitive,super-sensitive,0.1,0.253209642016,0.426862794178
super_sensitive,super-sensitive,0.116666666667,0.308012356401,0.505963842185
super_sensitive,super-sensitive,0.133333333333,0.367034233162,0.587358172126
super_sensitive,super-sensitive,0.15,0.43051444932,0.671040816458
super_sensitive,super-sensitive,0.166666666667,0.498690841619,0.757000646835
super_sensitive,super-sensitive,0.183333333333,0.57179689162,0.845220077468
super_sensitive,super-sensitive,0.2,0.650058261387,0.935674792971
super_sensitive,super-sensitive,0.216666666667,0.733688878291,1.02833350518
super_sensitive,super-sensitive,0.233333333333,0.82288658306,1.12315774346
super_sensitive,super-sensitive,0.25,0.917828374368,1.2201016829
super_sensitive,super-sensitive,0.266666666667,1.01866530565,1.31911201465
super_sensitive,super-sensitive,0.283333333333,1.12551711517,1.42012786257
super_sensitive,super-sensitive,0.3,1.23846669781,1.52308074969
super_sensitive,super-sensitive,0.316666666667,1.35755455542,1.62789461796
super_sensitive,super-sensitive,0.333333333333,1.48277339027,1.73448590406
super_sensitive,super-sensitive,0.35,1.61406303131,1.84276367331
super_sensitive,super-sensitive,0.366666666667,1.75130590283,1.95262981346
super_sensitive,super-sensitive,0.383333333333,1.89432325809,2.06397928897
super_sensitive,super-sensitive,0.4,2.04287240262,2.17670045576
super_sensitive,super-sensitive,0.416666666667,2.19664512303,2.29067543576
super_sensitive,super-sensitive,0.433333333333,2.3552675133,2.40578054925
super_sensitive,super-sensitive,0.45,2.51830135294,2.52188680261
super_sensitive,super-sensitive,0.466666666667,2.68524713948,2.63886042792
super_sensitive,super-sensitive,0.483333333333,2.85554881316,2.75656346998
super_sensitive,super-sensitive,0.5,3.02860013808,2.87485441574
super_sensitive,super-sensitive,0.516666666667,3.20375262538,2.9935888603
super_sensitive,super-sensitive,0.533333333333,3.38032480574,3.11262020282
super_sensitive,super-sensitive,0.55,3.55761258626,3.23180036552
super_sensitive,super-sensitive,0.566666666667,3.73490036677,3.35098052821
super_sensitive,super-sensitive,0.583333333333,3.91147254713,3.47001187073
super_sensitive,super-sensitive,0.6,4.08662503443,3.58874631529
super_sensitive,super-sensitive,0.616666666667,4.25967635935,3.70703726106
super_sensitive,super-sensitive,0.633333333333,4.42997803303,3.82474030311
super_sensitive,super-sensitive,0.65,4.59692381957,3.94171392842
super_sensitive,super-sensitive,0.666666666667,4.75995765921,4.05782018178
super_sensitive,super-sensitive,0.683333333333,4.91858004948,4.17292529527
super_sensitive,super-sensitive,0.7,5.0723527699,4.28690027527
super_sensitive,super-sensitive,0.716666666667,5.22090191442,4.39962144207
super_sensitive,super-sensitive,0.733333333333,5.36391926968,4.51097091757
super_sensitive,super-sensitive,0.75,5.5011621412,4.62083705773
super_sensitive,super-sensitive,0.766666666667,5.63245178224,4.72911482698
super_sensitive,super-sensitive,0.783333333333,5.75767061709,4.83570611307
super_sensitive,super-sensitive,0.8,5.8767584747,4.94051998135
super_sensitive,super-sensitive,0.816666666667,5.98970805734,5.04347286846
super_sensitive,super-sensitive,0.833333333333,6.09655986686,5.14448871638
super_sensitive,super-sensitive,0.85,6.19739679814,5.24349904814
super_sensitive,super-sensitive,0.866666666667,6.29233858945,5.34044298757
super_sensitive,super-sensitive,0.883333333333,6.38153629422,5.43526722585
super_sensitive,super-sensitive,0.9,6.46516691112,5.52792593806
super_sensitive,super-sensitive,0.916666666667,6.54342828089,5.61838065357
super_sensitive,super-sensitive,0.933333333333,6.61653433089,5.7066000842
super_sensitive,super-sensitive,0.95,6.68471072319,5.79255991458
super_sensitive,super-sensitive,0.966666666667,6.74819093935,5.87624255891
super_sensitive,super-sensitive,0.983333333333,6.80721281611,5.95763688885
super_sensitive,super-sensitive,1,6.86201553049,6.03673793686
super_sensitive,super-sensitive,1.01666666667,6.9128370205,6.11354657946
super_sensitive,super-sensitive,1.03333333333,6.95991181841,6.18806920475
super_sensitive,super-sensitive,1.05,7.00346926736,6.26031736813
super_sensitive,super-sensitive,1.06666666667,7.04373208769,6.33030744027
super_sensitive,super-sensitive,1.08333333333,7.08091525768,6.39806025079
super_sensitive,super-sensitive,1.1,7.11522517251,6.46360073103
super_sensitive,super-sensitive,1.11666666667,7.14685904641,6.52695755898
super_sensitive,super-sensitive,1.13333333333,7.17600452402,6.58816280892
super_sensitive,super-sensitive,1.15,7.20283946962,6.64725160838
super_sensitive,super-sensitive,1.16666666667,7.22753190531,6.70426180429
super_sensitive,super-sensitive,1.18333333333,7.25024007185,6.7592336402
super_sensitive,super-sensitive,1.2,7.27111258897,6.81220944603
super_sensitive,super-sensitive,1.21666666667,7.29028869456,6.86323334157
super_sensitive,super-sensitive,1.23333333333,7.30789854484,6.91235095454
super_sensitive,super-sensitive,1.25,7.32406356023,6.9596091541
super_sensitive,super-sensitive,1.26666666667,7.3388968038,7.00505580012
super_sensitive,super-sensitive,1.28333333333,7.3525033812,7.04873950848
super_sensitive,super-sensitive,1.3,7.36498085317,7.09070943264
super_sensitive,super-sensitive,1.31666666667,7.37641965279,7.13101506119
super_sensitive,super-sensitive,1.33333333333,7.38690350174,7.16970603135
super_sensitive,super-sensitive,1.35,7.39650982037,7.20683195796
super_sensitive,super-sensitive,1.36666666667,7.40531012816,7.24244227763
super_sensitive,super-sensitive,1.38333333333,7.41337043132,7.2765861075
super_sensitive,super-sensitive,1.4,7.4207515957,7.30931211794
super_sensitive,super-sensitive,1.41666666667,7.42750970335,7.34066841878
super_sensitive,super-sensitive,1.43333333333,7.43369639179,7.37070245813
super_sensitive,super-sensitive,1.45,7.43935917545,7.39946093333
super_sensitive,super-sensitive,1.46666666667,7.44454174905,7.42698971321
super_sensitive,super-sensitive,1.48333333333,7.44928427307,7.45333377086
super_sensitive,super-sensitive,1.5,7.45362364144,7.47853712648
linear,linear,-2.5,-2.7,0
linear,linear,-2.48333333333,-2.67,0
linear,linear,-2.46666666667,-2.64,0
linear,linear,-2.45,-2.61,0
linear,linear,-2.43333333333,-2.58,0
linear,linear,-2.41666666667,-2.55,0
linear,linear,-2.4,-2.52,0
linear,linear,-2.38333333333,-2.49,0
linear,linear,-2.36666666667,-2.46,0
linear,linear,-2.35,-2.43,0
linear,linear,-2.33333333333,-2.4,0
linear,linear,-2.31666666667,-2.37,0
linear,linear,-2.3,-2.34,0
linear,linear,-2.28333333333,-2.31,0
linear,linear,-2.26666666667,-2.28,0
linear,linear,-2.25,-2.25,0
linear,linear,-2.23333333333,-2.22,0
linear,linear,-2.21666666667,-2.19,0
linear,linear,-2.2,-2.16,0
linear,linear,-2.18333333333,-2.13,0
linear,linear,-2.16666666667,-2.1,0
linear,linear,-2.15,-2.07,0
linear,linear,-2.13333333333,-2.04,0
linear,linear,-2.11666666667,-2.01,0
linear,linear,-2.1,-1.98,0
linear,linear,-2.08333333333,-1.95,0
linear,linear,-2.06666666667,-1.92,0
linear,linear,-2.05,-1.89,0
linear,linear,-2.03333333333,-1.86,0
linear,linear,-2.01666666667,-1.83,0
linear,linear,-2,-1.8,0
linear,linear,-1.98333333333,-1.77,0
linear,linear,-1.96666666667,-1.74,0
linear,linear,-1.95,-1.71,0
linear,linear,-1.93333333333,-1.68,0
linear,linear,-1.91666666667,-1.65,0
linear,linear,-1.9,-1.62,0
linear,linear,-1.88333333333,-1.59,0
linear,linear,-1.86666666667,-1.56,0
linear,linear,-1.85,-1.53,0
linear,linear,-1.83333333333,-1.5,0
linear,linear,-1.81666666667,-1.47,0
linear,linear,-1.8,-1.44,0
linear,linear,-1.78333333333,-1.41,0
linear,linear,-1.76666666667,-1.38,0
linear,linear,-1.75,-1.35,0
linear,linear,-1.73333333333,-1.32,0
linear,linear,-1.71666666667,-1.29,0
linear,linear,-1.7,-1.26,0
linear,linear,-1.68333333333,-1.23,0
linear,linear,-1.66666666667,-1.2,0
linear,linear,-1.65,-1.17,0
linear,linear,-1.63333333333,-1.14,0
linear,linear,-1.61666666667,-1.11,0
linear,linear,-1.6,-1.08,0
linear,linear,-1.58333333333,-1.05,0
linear,linear,-1.56666666667,-1.02,0
linear,linear,-1.55,-0.99,0
linear,linear,-1.53333333333,-0.96,0
linear,linear,-1.51666666667,-0.93,0
linear,linear,-1.5,-0.9,0
linear,linear,-1.48333333333,-0.87,0
linear,linear,-1.46666666667,-0.84,0
linear,linear,-1.45,-0.81,0
linear,linear,-1.43333333333,-0.78,0
linear,linear,-1.41666666667,-0.75,0
linear,linear,-1.4,-0.72,0
linear,linear,-1.38333333333,-0.69,0
linear,linear,-1.36666666667,-0.66,0
linear,linear,-1.35,-0.63,0
linear,linear,-1.33333333333,-0.6,0
linear,linear,-1.31666666667,-0.57,0
linear,linear,-1.3,-0.54,0
linear,linear,-1.28333333333,-0.51,0
linear,linear,-1.26666666667,-0.48,0
linear,linear,-1.25,-0.45,0
linear,linear,-1.23333333333,-0.42,0
linear,linear,-1.21666666667,-0.39,0
linear,linear,-1.2,-0.36,0
linear,linear,-1.18333333333,-0.33,0
linear,linear,-1.16666666667,-0.3,0
linear,linear,-1.15,-0.27,0
linear,linear,-1.13333333333,-0.24,0
linear,linear,-1.11666666667,-0.21,0
linear,linear,-1.1,-0.18,0
linear,linear,-1.08333333333,-0.15,0
linear,linear,-1.06666666667,-0.12,0
linear,linear,-1.05,-0.09,0
linear,linear,-1.03333333333,-0.06,0
linear,linear,-1.01666666667,-0.03,0
linear,linear,-1,0,0
linear,linear,-0.983333333333,0.03,0
linear,linear,-0.966666666667,0.06,0
linear,linear,-0.95,0.09,0
linear,linear,-0.933333333333,0.12,0
linear,linear,-0.916666666667,0.15,0
linear,linear,-0.9,0.18,0
linear,linear,-0.883333333333,0.21,0
linear,linear,-0.866666666667,0.24,0
linear,linear,-0.85,0.27,0
linear,linear,-0.833333333333,0.3,0
linear,linear,-0.816666666667,0.33,0
linear,linear,-0.8,0.36,0
linear,linear,-0.783333333333,0.39,0
linear,linear,-0.766666666667,0.42,0
linear,linear,-0.75,0.45,0
linear,linear,-0.733333333333,0.48,0
linear,linear,-0.716666666667,0.51,0
linear,linear,-0.7,0.54,0
linear,linear,-0.683333333333,0.57,0
linear,linear,-0.666666666667,0.6,0
linear,linear,-0.65,0.63,0
linear,linear,-0.633333333333,0.66,0
linear,linear,-0.616666666667,0.69,0
linear,linear,-0.6,0.72,0
linear,linear,-0.583333333333,0.75,0
linear,linear,-0.566666666667,0.78,0
linear,linear,-0.55,0.81,0
linear,linear,-0.533333333333,0.84,0
linear,linear,-0.516666666667,0.87,0
linear,linear,-0.5,0.9,0
linear,linear,-0.483333333333,0.93,0
linear,linear,-0.466666666667,0.96,0
linear,linear,-0.45,0.99,0
linear,linear,-0.433333333333,1.02,0
linear,linear,-0.416666666667,1.05,0
linear,linear,-0.4,1.08,0
linear,linear,-0.383333333333,1.11,0
linear,linear,-0.366666666667,1.14,0
linear,linear,-0.35,1.17,0
linear,linear,-0.333333333333,1.2,0
linear,linear,-0.316666666667,1.23,0
linear,linear,-0.3,1.26,0
linear,linear,-0.283333333333,1.29,0
linear,linear,-0.266666666667,1.32,0
linear,linear,-0.25,1.35,0
linear,linear,-0.233333333333,1.38,0
linear,linear,-0.216666666667,1.41,0
linear,linear,-0.2,1.44,0
linear,linear,-0.183333333333,1.47,0
linear,linear,-0.166666666667,1.5,0
linear,linear,-0.15,1.53,0
linear,linear,-0.133333333333,1.56,0
linear,linear,-0.116666666667,1.59,0
linear,linear,-0.1,1.62,0
linear,linear,-0.0833333333333,1.65,0
linear,linear,-0.0666666666667,1.68,0
linear,linear,-0.05,1.71,0
linear,linear,-0.0333333333333,1.74,0
linear,linear,-0.0166666666667,1.77,0
linear,linear,0,1.8,0
linear,linear,0.0166666666667,1.83,0.0350300719615
linear,linear,0.0333333333333,1.86,0.0717315379717
linear,linear,0.05,1.89,0.110152081178
linear,linear,0.0666666666667,1.92,0.150337114544
linear,linear,0.0833333333333,1.95,0.192329302128
linear,linear,0.1,1.98,0.23616805296
linear,linear,0.116666666667,2.01,0.281888990537
linear,linear,0.133333333333,2.04,0.329523401852
linear,linear,0.15,2.07,0.379097670776
linear,linear,0.166666666667,2.1,0.430632701533
linear,linear,0.183333333333,2.13,0.484143339016
linear,linear,0.2,2.16,0.539637793594
linear,linear,0.216666666667,2.19,0.597117078979
linear,linear,0.233333333333,2.22,0.656574472547
linear,linear,0.25,2.25,0.717995008186
linear,linear,0.266666666667,2.28,0.781355012326
linear,linear,0.283333333333,2.31,0.846621694102
linear,linear,0.3,2.34,0.913752800768
linear,linear,0.316666666667,2.37,0.982696349264
linear,linear,0.333333333333,2.4,1.0533904444
linear,linear,0.35,2.43,1.12576319335
linear,linear,0.366666666667,2.46,1.19973272491
linear,linear,0.383333333333,2.49,1.27520732071
linear,linear,0.4,2.52,1.35208566353
linear,linear,0.416666666667,2.55,1.43025720604
linear,linear,0.433333333333,2.58,1.50960266066
linear,linear,0.45,2.61,1.58999460904
linear,linear,0.466666666667,2.64,1.67129822674
linear,linear,0.483333333333,2.67,1.75337211607
linear,linear,0.5,2.7,1.83606923763
linear,linear,0.516666666667,2.73,1.91923792826
linear,linear,0.533333333333,2.76,2.00272299119
linear,linear,0.55,2.79,2.08636684199
linear,linear,0.566666666667,2.82,2.17001069279
linear,linear,0.583333333333,2.85,2.25349575572
linear,linear,0.6,2.88,2.33666444635
linear,linear,0.616666666667,2.91,2.41936156791
linear,linear,0.633333333333,2.94,2.50143545724
linear,linear,0.65,2.97,2.58273907494
linear,linear,0.666666666667,3,2.66313102332
linear,linear,0.683333333333,3.03,2.74247647794
linear,linear,0.7,3.06,2.82064802045
linear,linear,0.716666666667,3.09,2.89752636327
linear,linear,0.733333333333,3.12,2.97300095907
linear,linear,0.75,3.15,3.04697049063
linear,linear,0.766666666667,3.18,3.11934323958
linear,linear,0.783333333333,3.21,3.19003733472
linear,linear,0.8,3.24,3.25898088321
linear,linear,0.816666666667,3.27,3.32611198988
linear,linear,0.833333333333,3.3,3.39137867165
linear,linear,0.85,3.33,3.45473867579
linear,linear,0.866666666667,3.36,3.51615921143
linear,linear,0.883333333333,3.39,3.575616605
linear,linear,0.9,3.42,3.63309589039
linear,linear,0.916666666667,3.45,3.68859034496
linear,linear,0.933333333333,3.48,3.74210098245
linear,linear,0.95,3.51,3.7936360132
linear,linear,0.966666666667,3.54,3.84321028213
linear,linear,0.983333333333,3.57,3.89084469344
linear,linear,1,3.6,3.93656563102
linear,linear,1.01666666667,3.63,3.98040438185
linear,linear,1.03333333333,3.66,4.02239656944
linear,linear,1.05,3.69,4.0625816028
linear,linear,1.06666666667,3.72,4.10100214601
linear,linear,1.08333333333,3.75,4.13770361202
linear,linear,1.1,3.78,4.17273368398
linear,linear,1.11666666667,3.81,4.20614186616
linear,linear,1.13333333333,3.84,4.23797906603
linear,linear,1.15,3.87,4.26829720842
linear,linear,1.16666666667,3.9,4.29714888193
linear,linear,1.18333333333,3.93,4.32458701757
linear,linear,1.2,3.96,4.35066459886
linear,linear,1.21666666667,3.99,4.37543440252
linear,linear,1.23333333333,4.02,4.3989487686
linear,linear,1.25,4.05,4.42125939852
linear,linear,1.26666666667,4.08,4.4424171795
linear,linear,1.28333333333,4.11,4.46247203366
linear,linear,1.3,4.14,4.48147279018
linear,linear,1.31666666667,4.17,4.49946707857
linear,linear,1.33333333333,4.2,4.51650124137
linear,linear,1.35,4.23,4.53262026466
linear,linear,1.36666666667,4.26,4.54786772447
linear,linear,1.38333333333,4.29,4.56228574775
linear,linear,1.4,4.32,4.57591498606
linear,linear,1.41666666667,4.35,4.58879460084
linear,linear,1.43333333333,4.38,4.60096225866
linear,linear,1.45,4.41,4.61245413536
linear,linear,1.46666666667,4.44,4.62330492774
linear,linear,1.48333333333,4.47,4.63354787193
linear,linear,1.5,4.5,4.64321476726
true_sycophant_valid_invalid,true sycophant (valid=invalid),-2.5,3.29968602314,0
true_sycophant_valid_invalid,true sycophant (valid=invalid),-2.48333333333,3.26611360778,0
true_sycophant_valid_invalid,true sycophant (valid=invalid),-2.46666666667,3.23165937458,0
true_sycophant_valid_invalid,true sycophant (valid=invalid),-2.45,3.19634937791,0
true_sycophant_valid_invalid,true sycophant (valid=invalid),-2.43333333333,3.16021031927,0
true_sycophant_valid_invalid,true sycophant (valid=invalid),-2.41666666667,3.12326952711,0
true_sycophant_valid_invalid,true sycophant (valid=invalid),-2.4,3.08555493614,0
true_sycophant_valid_invalid,true sycophant (valid=invalid),-2.38333333333,3.04709506621,0
true_sycophant_valid_invalid,true sycophant (valid=invalid),-2.36666666667,3.00791900078,0
true_sycophant_valid_invalid,true sycophant (valid=invalid),-2.35,2.96805636488,0
true_sycophant_valid_invalid,true sycophant (valid=invalid),-2.33333333333,2.92753730271,0
true_sycophant_valid_invalid,true sycophant (valid=invalid),-2.31666666667,2.88639245491,0
true_sycophant_valid_invalid,true sycophant (valid=invalid),-2.3,2.84465293528,0
true_sycophant_valid_invalid,true sycophant (valid=invalid),-2.28333333333,2.80235030737,0
true_sycophant_valid_invalid,true sycophant (valid=invalid),-2.26666666667,2.7595165605,0
true_sycophant_valid_invalid,true sycophant (valid=invalid),-2.25,2.71618408567,0
true_sycophant_valid_invalid,true sycophant (valid=invalid),-2.23333333333,2.67238565099,0
true_sycophant_valid_invalid,true sycophant (valid=invalid),-2.21666666667,2.62815437694,0
true_sycophant_valid_invalid,true sycophant (valid=invalid),-2.2,2.58352371131,0
true_sycophant_valid_invalid,true sycophant (valid=invalid),-2.18333333333,2.53852740392,0
true_sycophant_valid_invalid,true sycophant (valid=invalid),-2.16666666667,2.49319948108,0
true_sycophant_valid_invalid,true sycophant (valid=invalid),-2.15,2.44757421988,0
true_sycophant_valid_invalid,true sycophant (valid=invalid),-2.13333333333,2.40168612223,0
true_sycophant_valid_invalid,true sycophant (valid=invalid),-2.11666666667,2.35556988883,0
true_sycophant_valid_invalid,true sycophant (valid=invalid),-2.1,2.30926039288,0
true_sycophant_valid_invalid,true sycophant (valid=invalid),-2.08333333333,2.26279265374,0
true_sycophant_valid_invalid,true sycophant (valid=invalid),-2.06666666667,2.21620181041,0
true_sycophant_valid_invalid,true sycophant (valid=invalid),-2.05,2.16952309499,0
true_sycophant_valid_invalid,true sycophant (valid=invalid),-2.03333333333,2.12279180605,0
true_sycophant_valid_invalid,true sycophant (valid=invalid),-2.01666666667,2.12395671811,0
true_sycophant_valid_invalid,true sycophant (valid=invalid),-2,2.17068712614,0
true_sycophant_valid_invalid,true sycophant (valid=invalid),-1.98333333333,2.2173640804,0
true_sycophant_valid_invalid,true sycophant (valid=invalid),-1.96666666667,2.26395228367,0
true_sycophant_valid_invalid,true sycophant (valid=invalid),-1.95,2.31041650583,0
true_sycophant_valid_invalid,true sycophant (valid=invalid),-1.93333333333,2.35672161055,0
true_sycophant_valid_invalid,true sycophant (valid=invalid),-1.91666666667,2.40283258178,0
true_sycophant_valid_invalid,true sycophant (valid=invalid),-1.9,2.4487145503,0
true_sycophant_valid_invalid,true sycophant (valid=invalid),-1.88333333333,2.49433282006,0
true_sycophant_valid_invalid,true sycophant (valid=invalid),-1.86666666667,2.53965289442,0
true_sycophant_valid_invalid,true sycophant (valid=invalid),-1.85,2.58464050224,0
true_sycophant_valid_invalid,true sycophant (valid=invalid),-1.83333333333,2.62926162377,0
true_sycophant_valid_invalid,true sycophant (valid=invalid),-1.81666666667,2.67348251642,0
true_sycophant_valid_invalid,true sycophant (valid=invalid),-1.8,2.71726974025,0
true_sycophant_valid_invalid,true sycophant (valid=invalid),-1.78333333333,2.76059018325,0
true_sycophant_valid_invalid,true sycophant (valid=invalid),-1.76666666667,2.80341108642,0
true_sycophant_valid_invalid,true sycophant (valid=invalid),-1.75,2.84570006847,0
true_sycophant_valid_invalid,true sycophant (valid=invalid),-1.73333333333,2.88742515038,0
true_sycophant_valid_invalid,true sycophant (valid=invalid),-1.71666666667,2.92855477955,0
true_sycophant_valid_invalid,true sycophant (valid=invalid),-1.7,2.96905785366,0
true_sycophant_valid_invalid,true sycophant (valid=invalid),-1.68333333333,3.00890374418,0
true_sycophant_valid_invalid,true sycophant (valid=invalid),-1.66666666667,3.04806231957,0
true_sycophant_valid_invalid,true sycophant (valid=invalid),-1.65,3.086503968,0
true_sycophant_valid_invalid,true sycophant (valid=invalid),-1.63333333333,3.12419961983,0
true_sycophant_valid_invalid,true sycophant (valid=invalid),-1.61666666667,3.1611207695,0
true_sycophant_valid_invalid,true sycophant (valid=invalid),-1.6,3.19723949717,0
true_sycophant_valid_invalid,true sycophant (valid=invalid),-1.58333333333,3.23252848976,0
true_sycophant_valid_invalid,true sycophant (valid=invalid),-1.56666666667,3.26696106165,0
true_sycophant_valid_invalid,true sycophant (valid=invalid),-1.55,3.30051117485,0
true_sycophant_valid_invalid,true sycophant (valid=invalid),-1.53333333333,3.33315345869,0
true_sycophant_valid_invalid,true sycophant (valid=invalid),-1.51666666667,3.364863229,0
true_sycophant_valid_invalid,true sycophant (valid=invalid),-1.5,3.39561650678,0
true_sycophant_valid_invalid,true sycophant (valid=invalid),-1.48333333333,3.42539003631,0
true_sycophant_valid_invalid,true sycophant (valid=invalid),-1.46666666667,3.4541613028,0
true_sycophant_valid_invalid,true sycophant (valid=invalid),-1.45,3.48190854934,0
true_sycophant_valid_invalid,true sycophant (valid=invalid),-1.43333333333,3.5086107934,0
true_sycophant_valid_invalid,true sycophant (valid=invalid),-1.41666666667,3.53424784268,0
true_sycophant_valid_invalid,true sycophant (valid=invalid),-1.4,3.55880031038,0
true_sycophant_valid_invalid,true sycophant (valid=invalid),-1.38333333333,3.58224962987,0
true_sycophant_valid_invalid,true sycophant (valid=invalid),-1.36666666667,3.60457806872,0
true_sycophant_valid_invalid,true sycophant (valid=invalid),-1.35,3.62576874211,0
true_sycophant_valid_invalid,true sycophant (valid=invalid),-1.33333333333,3.6458056256,0
true_sycophant_valid_invalid,true sycophant (valid=invalid),-1.31666666667,3.66467356726,0
true_sycophant_valid_invalid,true sycophant (valid=invalid),-1.3,3.68235829911,0
true_sycophant_valid_invalid,true sycophant (valid=invalid),-1.28333333333,3.6988464479,0
true_sycophant_valid_invalid,true sycophant (valid=invalid),-1.26666666667,3.71412554527,0
true_sycophant_valid_invalid,true sycophant (valid=invalid),-1.25,3.72818403712,0
true_sycophant_valid_invalid,true sycophant (valid=invalid),-1.23333333333,3.74101129239,0
true_sycophant_valid_invalid,true sycophant (valid=invalid),-1.21666666667,3.75259761107,0
true_sycophant_valid_invalid,true sycophant (valid=invalid),-1.2,3.76293423157,0
true_sycophant_valid_invalid,true sycophant (valid=invalid),-1.18333333333,3.77201333732,0
true_sycophant_valid_invalid,true sycophant (valid=invalid),-1.16666666667,3.77982806266,0
true_sycophant_valid_invalid,true sycophant (valid=invalid),-1.15,3.78637249808,0
true_sycophant_valid_invalid,true sycophant (valid=invalid),-1.13333333333,3.79164169468,0
true_sycophant_valid_invalid,true sycophant (valid=invalid),-1.11666666667,3.79563166786,0
true_sycophant_valid_invalid,true sycophant (valid=invalid),-1.1,3.79833940041,0
true_sycophant_valid_invalid,true sycophant (valid=invalid),-1.08333333333,3.79976284472,0
true_sycophant_valid_invalid,true sycophant (valid=invalid),-1.06666666667,3.79990092439,0
true_sycophant_valid_invalid,true sycophant (valid=invalid),-1.05,3.798753535,0
true_sycophant_valid_invalid,true sycophant (valid=invalid),-1.03333333333,3.79632154421,0
true_sycophant_valid_invalid,true sycophant (valid=invalid),-1.01666666667,3.7926067911,0
true_sycophant_valid_invalid,true sycophant (valid=invalid),-1,3.78761208476,0
true_sycophant_valid_invalid,true sycophant (valid=invalid),-0.983333333333,3.78134120222,0
true_sycophant_valid_invalid,true sycophant (valid=invalid),-0.966666666667,3.77379888552,0
true_sycophant_valid_invalid,true sycophant (valid=invalid),-0.95,3.76499083819,0
true_sycophant_valid_invalid,true sycophant (valid=invalid),-0.933333333333,3.75492372088,0
true_sycophant_valid_invalid,true sycophant (valid=invalid),-0.916666666667,3.74360514638,0
true_sycophant_valid_invalid,true sycophant (valid=invalid),-0.9,3.73104367382,0
true_sycophant_valid_invalid,true sycophant (valid=invalid),-0.883333333333,3.71724880222,0
true_sycophant_valid_invalid,true sycophant (valid=invalid),-0.866666666667,3.70223096328,0
true_sycophant_valid_invalid,true sycophant (valid=invalid),-0.85,3.68600151354,0
true_sycophant_valid_invalid,true sycophant (valid=invalid),-0.833333333333,3.66857272574,0
true_sycophant_valid_invalid,true sycophant (valid=invalid),-0.816666666667,3.64995777957,0
true_sycophant_valid_invalid,true sycophant (valid=invalid),-0.8,3.6301707517,0
true_sycophant_valid_invalid,true sycophant (valid=invalid),-0.783333333333,3.60922660512,0
true_sycophant_valid_invalid,true sycophant (valid=invalid),-0.766666666667,3.58714117785,0
true_sycophant_valid_invalid,true sycophant (valid=invalid),-0.75,3.56393117094,0
true_sycophant_valid_invalid,true sycophant (valid=invalid),-0.733333333333,3.53961413585,0
true_sycophant_valid_invalid,true sycophant (valid=invalid),-0.716666666667,3.51420846118,0
true_sycophant_valid_invalid,true sycophant (valid=invalid),-0.7,3.48773335876,0
true_sycophant_valid_invalid,true sycophant (valid=invalid),-0.683333333333,3.46020884912,0
true_sycophant_valid_invalid,true sycophant (valid=invalid),-0.666666666667,3.43165574637,0
true_sycophant_valid_invalid,true sycophant (valid=invalid),-0.65,3.40209564242,0
true_sycophant_valid_invalid,true sycophant (valid=invalid),-0.633333333333,3.3715508907,0
true_sycophant_valid_invalid,true sycophant (valid=invalid),-0.616666666667,3.34004458921,0
true_sycophant_valid_invalid,true sycophant (valid=invalid),-0.6,3.30760056311,0
true_sycophant_valid_invalid,true sycophant (valid=invalid),-0.583333333333,3.27424334663,0
true_sycophant_valid_invalid,true sycophant (valid=invalid),-0.566666666667,3.23999816458,0
true_sycophant_valid_invalid,true sycophant (valid=invalid),-0.55,3.20489091326,0
true_sycophant_valid_invalid,true sycophant (valid=invalid),-0.533333333333,3.16894814083,0
true_sycophant_valid_invalid,true sycophant (valid=invalid),-0.516666666667,3.13219702732,0
true_sycophant_valid_invalid,true sycophant (valid=invalid),-0.5,3.094665364,0
true_sycophant_valid_invalid,true sycophant (valid=invalid),-0.483333333333,3.0563815324,0
true_sycophant_valid_invalid,true sycophant (valid=invalid),-0.466666666667,3.01737448285,0
true_sycophant_valid_invalid,true sycophant (valid=invalid),-0.45,2.97767371256,0
true_sycophant_valid_invalid,true sycophant (valid=invalid),-0.433333333333,2.93730924336,0
true_sycophant_valid_invalid,true sycophant (valid=invalid),-0.416666666667,2.89631159895,0
true_sycophant_valid_invalid,true sycophant (valid=invalid),-0.4,2.85471178184,0
true_sycophant_valid_invalid,true sycophant (valid=invalid),-0.383333333333,2.81254124992,0
true_sycophant_valid_invalid,true sycophant (valid=invalid),-0.366666666667,2.76983189263,0
true_sycophant_valid_invalid,true sycophant (valid=invalid),-0.35,2.7266160069,0
true_sycophant_valid_invalid,true sycophant (valid=invalid),-0.333333333333,2.68292627267,0
true_sycophant_valid_invalid,true sycophant (valid=invalid),-0.316666666667,2.63879572824,0
true_sycophant_valid_invalid,true sycophant (valid=invalid),-0.3,2.59425774521,0
true_sycophant_valid_invalid,true sycophant (valid=invalid),-0.283333333333,2.54934600332,0
true_sycophant_valid_invalid,true sycophant (valid=invalid),-0.266666666667,2.50409446493,0
true_sycophant_valid_invalid,true sycophant (valid=invalid),-0.25,2.45853734935,0
true_sycophant_valid_invalid,true sycophant (valid=invalid),-0.233333333333,2.412709107,0
true_sycophant_valid_invalid,true sycophant (valid=invalid),-0.216666666667,2.36664439328,0
true_sycophant_valid_invalid,true sycophant (valid=invalid),-0.2,2.32037804245,0
true_sycophant_valid_invalid,true sycophant (valid=invalid),-0.183333333333,2.27394504123,0
true_sycophant_valid_invalid,true sycophant (valid=invalid),-0.166666666667,2.22738050236,0
true_sycophant_valid_invalid,true sycophant (valid=invalid),-0.15,2.18071963806,0
true_sycophant_valid_invalid,true sycophant (valid=invalid),-0.133333333333,2.13399773338,0
true_sycophant_valid_invalid,true sycophant (valid=invalid),-0.116666666667,2.11274988047,0
true_sycophant_valid_invalid,true sycophant (valid=invalid),-0.1,2.15948785283,0
true_sycophant_valid_invalid,true sycophant (valid=invalid),-0.0833333333333,2.20618084033,0
true_sycophant_valid_invalid,true sycophant (valid=invalid),-0.0666666666667,2.25279353364,0
true_sycophant_valid_invalid,true sycophant (valid=invalid),-0.05,2.29929068411,0
true_sycophant_valid_invalid,true sycophant (valid=invalid),-0.0333333333333,2.34563713051,0
true_sycophant_valid_invalid,true sycophant (valid=invalid),-0.0166666666667,2.39179782553,0
true_sycophant_valid_invalid,true sycophant (valid=invalid),0,2.43773786235,0
true_sycophant_valid_invalid,true sycophant (valid=invalid),0.0166666666667,2.48342250101,0.00199999953704
true_sycophant_valid_invalid,true sycophant (valid=invalid),0.0333333333333,2.52881719468,0.0039999962963
true_sycophant_valid_invalid,true sycophant (valid=invalid),0.05,2.57388761578,0.00599998750003
true_sycophant_valid_invalid,true sycophant (valid=invalid),0.0666666666667,2.61859968195,0.0079999703705
true_sycophant_valid_invalid,true sycophant (valid=invalid),0.0833333333333,2.66291958184,0.00999994213003
true_sycophant_valid_invalid,true sycophant (valid=invalid),0.1,2.70681380061,0.011999900001
true_sycophant_valid_invalid,true sycophant (valid=invalid),0.116666666667,2.75024914537,0.0139998412059
true_sycophant_valid_invalid,true sycophant (valid=invalid),0.133333333333,2.7931927702,0.0159997629672
true_sycophant_valid_invalid,true sycophant (valid=invalid),0.15,2.83561220104,0.0179996625076
true_sycophant_valid_invalid,true sycophant (valid=invalid),0.166666666667,2.8774753602,0.0199995370499
true_sycophant_valid_invalid,true sycophant (valid=invalid),0.183333333333,2.91875059068,0.021999383817
true_sycophant_valid_invalid,true sycophant (valid=invalid),0.2,2.95940668005,0.023999200032
true_sycophant_valid_invalid,true sycophant (valid=invalid),0.216666666667,2.99941288407,0.0259989829181
true_sycophant_valid_invalid,true sycophant (valid=invalid),0.233333333333,3.03873894996,0.0279987296988
true_sycophant_valid_invalid,true sycophant (valid=invalid),0.25,3.07735513926,0.0299984375976
true_sycophant_valid_invalid,true sycophant (valid=invalid),0.266666666667,3.11523225032,0.0319981038385
true_sycophant_valid_invalid,true sycophant (valid=invalid),0.283333333333,3.15234164037,0.0339977256455
true_sycophant_valid_invalid,true sycophant (valid=invalid),0.3,3.1886552472,0.035997300243
true_sycophant_valid_invalid,true sycophant (valid=invalid),0.316666666667,3.22414561039,0.0379968248554
true_sycophant_valid_invalid,true sycophant (valid=invalid),0.333333333333,3.25878589204,0.0399962967078
true_sycophant_valid_invalid,true sycophant (valid=invalid),0.35,3.29254989708,0.0419957130252
true_sycophant_valid_invalid,true sycophant (valid=invalid),0.366666666667,3.3254120931,0.043995071033
true_sycophant_valid_invalid,true sycophant (valid=invalid),0.383333333333,3.35734762962,0.0459943679572
true_sycophant_valid_invalid,true sycophant (valid=invalid),0.4,3.38833235692,0.0479936010238
true_sycophant_valid_invalid,true sycophant (valid=invalid),0.416666666667,3.41834284428,0.0499927674594
true_sycophant_valid_invalid,true sycophant (valid=invalid),0.433333333333,3.44735639769,0.0519918644906
true_sycophant_valid_invalid,true sycophant (valid=invalid),0.45,3.47535107703,0.0539908893449
true_sycophant_valid_invalid,true sycophant (valid=invalid),0.466666666667,3.50230571268,0.0559898392498
true_sycophant_valid_invalid,true sycophant (valid=invalid),0.483333333333,3.52819992145,0.0579887114334
true_sycophant_valid_invalid,true sycophant (valid=invalid),0.5,3.55301412211,0.0599875031242
true_sycophant_valid_invalid,true sycophant (valid=invalid),0.516666666667,3.57672955008,0.0619862115511
true_sycophant_valid_invalid,true sycophant (valid=invalid),0.533333333333,3.5993282717,0.0639848339435
true_sycophant_valid_invalid,true sycophant (valid=invalid),0.55,3.62079319778,0.0659833675313
true_sycophant_valid_invalid,true sycophant (valid=invalid),0.566666666667,3.64110809648,0.0679818095448
true_sycophant_valid_invalid,true sycophant (valid=invalid),0.583333333333,3.66025760563,0.069980157215
true_sycophant_valid_invalid,true sycophant (valid=invalid),0.6,3.67822724432,0.0719784077732
true_sycophant_valid_invalid,true sycophant (valid=invalid),0.616666666667,3.69500342388,0.0739765584513
true_sycophant_valid_invalid,true sycophant (valid=invalid),0.633333333333,3.71057345811,0.0759746064819
true_sycophant_valid_invalid,true sycophant (valid=invalid),0.65,3.72492557292,0.0779725490979
true_sycophant_valid_invalid,true sycophant (valid=invalid),0.666666666667,3.73804891521,0.0799703835332
true_sycophant_valid_invalid,true sycophant (valid=invalid),0.683333333333,3.74993356107,0.0819681070218
true_sycophant_valid_invalid,true sycophant (valid=invalid),0.7,3.76057052331,0.0839657167987
true_sycophant_valid_invalid,true sycophant (valid=invalid),0.716666666667,3.76995175823,0.0859632100993
true_sycophant_valid_invalid,true sycophant (valid=invalid),0.733333333333,3.77807017172,0.0879605841598
true_sycophant_valid_invalid,true sycophant (valid=invalid),0.75,3.78491962462,0.089957836217
true_sycophant_valid_invalid,true sycophant (valid=invalid),0.766666666667,3.79049493735,0.0919549635083
true_sycophant_valid_invalid,true sycophant (valid=invalid),0.783333333333,3.79479189386,0.093951963272
true_sycophant_valid_invalid,true sycophant (valid=invalid),0.8,3.79780724476,0.0959488327468
true_sycophant_valid_invalid,true sycophant (valid=invalid),0.816666666667,3.79953870985,0.0979455691724
true_sycophant_valid_invalid,true sycophant (valid=invalid),0.833333333333,3.79998497978,0.0999421697892
true_sycophant_valid_invalid,true sycophant (valid=invalid),0.85,3.7991457171,0.101938631838
true_sycophant_valid_invalid,true sycophant (valid=invalid),0.866666666667,3.79702155644,0.103934952561
true_sycophant_valid_invalid,true sycophant (valid=invalid),0.883333333333,3.79361410411,0.105931129201
true_sycophant_valid_invalid,true sycophant (valid=invalid),0.9,3.78892593683,0.107927159001
true_sycophant_valid_invalid,true sycophant (valid=invalid),0.916666666667,3.7829605998,0.109923039205
true_sycophant_valid_invalid,true sycophant (valid=invalid),0.933333333333,3.77572260402,0.111918767058
true_sycophant_valid_invalid,true sycophant (valid=invalid),0.95,3.76721742289,0.113914339807
true_sycophant_valid_invalid,true sycophant (valid=invalid),0.966666666667,3.75745148803,0.115909754699
true_sycophant_valid_invalid,true sycophant (valid=invalid),0.983333333333,3.74643218448,0.11790500898
true_sycophant_valid_invalid,true sycophant (valid=invalid),1,3.73416784506,0.119900099899
true_sycophant_valid_invalid,true sycophant (valid=invalid),1.01666666667,3.72066774408,0.121895024706
true_sycophant_valid_invalid,true sycophant (valid=invalid),1.03333333333,3.70594209037,0.123889780651
true_sycophant_valid_invalid,true sycophant (valid=invalid),1.05,3.69000201948,0.125884364986
true_sycophant_valid_invalid,true sycophant (valid=invalid),1.06666666667,3.67285958534,0.127878774962
true_sycophant_valid_invalid,true sycophant (valid=invalid),1.08333333333,3.6545277511,0.129873007834
true_sycophant_valid_invalid,true sycophant (valid=invalid),1.1,3.63502037934,0.131867060854
true_sycophant_valid_invalid,true sycophant (valid=invalid),1.11666666667,3.61435222156,0.133860931279
true_sycophant_valid_invalid,true sycophant (valid=invalid),1.13333333333,3.5925389071,0.135854616364
true_sycophant_valid_invalid,true sycophant (valid=invalid),1.15,3.56959693122,0.137848113367
true_sycophant_valid_invalid,true sycophant (valid=invalid),1.16666666667,3.54554364269,0.139841419546
true_sycophant_valid_invalid,true sycophant (valid=invalid),1.18333333333,3.52039723068,0.14183453216
true_sycophant_valid_invalid,true sycophant (valid=invalid),1.2,3.49417671096,0.14382744847
true_sycophant_valid_invalid,true sycophant (valid=invalid),1.21666666667,3.46690191154,0.145820165737
true_sycophant_valid_invalid,true sycophant (valid=invalid),1.23333333333,3.4385934577,0.147812681224
true_sycophant_valid_invalid,true sycophant (valid=invalid),1.25,3.40927275635,0.149804992194
true_sycophant_valid_invalid,true sycophant (valid=invalid),1.26666666667,3.37896197987,0.151797095912
true_sycophant_valid_invalid,true sycophant (valid=invalid),1.28333333333,3.34768404935,0.153788989645
true_sycophant_valid_invalid,true sycophant (valid=invalid),1.3,3.31546261723,0.155780670659
true_sycophant_valid_invalid,true sycophant (valid=invalid),1.31666666667,3.28232204944,0.157772136223
true_sycophant_valid_invalid,true sycophant (valid=invalid),1.33333333333,3.24828740694,0.159763383605
true_sycophant_valid_invalid,true sycophant (valid=invalid),1.35,3.21338442681,0.161754410078
true_sycophant_valid_invalid,true sycophant (valid=invalid),1.36666666667,3.17763950278,0.163745212912
true_sycophant_valid_invalid,true sycophant (valid=invalid),1.38333333333,3.14107966523,0.165735789381
true_sycophant_valid_invalid,true sycophant (valid=invalid),1.4,3.10373256079,0.167726136759
true_sycophant_valid_invalid,true sycophant (valid=invalid),1.41666666667,3.06562643145,0.169716252323
true_sycophant_valid_invalid,true sycophant (valid=invalid),1.43333333333,3.02679009314,0.171706133348
true_sycophant_valid_invalid,true sycophant (valid=invalid),1.45,2.98725291398,0.173695777113
true_sycophant_valid_invalid,true sycophant (valid=invalid),1.46666666667,2.9470447921,0.175685180897
true_sycophant_valid_invalid,true sycophant (valid=invalid),1.48333333333,2.90619613296,0.177674341982
true_sycophant_valid_invalid,true sycophant (valid=invalid),1.5,2.86473782642,0.17966325765
contrarian_decreasing,anti-discerning (decreasing),-2.5,3.99890168738,0
contrarian_decreasing,anti-discerning (decreasing),-2.48333333333,3.99882599291,0
contrarian_decreasing,anti-discerning (decreasing),-2.46666666667,3.9987450833,0
contrarian_decreasing,anti-discerning (decreasing),-2.45,3.99865859948,0
contrarian_decreasing,anti-discerning (decreasing),-2.43333333333,3.99856615767,0
contrarian_decreasing,anti-discerning (decreasing),-2.41666666667,3.99846734774,0
contrarian_decreasing,anti-discerning (decreasing),-2.4,3.99836173134,0
contrarian_decreasing,anti-discerning (decreasing),-2.38333333333,3.99824884001,0
contrarian_decreasing,anti-discerning (decreasing),-2.36666666667,3.9981281731,0
contrarian_decreasing,anti-discerning (decreasing),-2.35,3.99799919557,0
contrarian_decreasing,anti-discerning (decreasing),-2.33333333333,3.99786133565,0
contrarian_decreasing,anti-discerning (decreasing),-2.31666666667,3.99771398231,0
contrarian_decreasing,anti-discerning (decreasing),-2.3,3.99755648256,0
contrarian_decreasing,anti-discerning (decreasing),-2.28333333333,3.99738813865,0
contrarian_decreasing,anti-discerning (decreasing),-2.26666666667,3.99720820494,0
contrarian_decreasing,anti-discerning (decreasing),-2.25,3.99701588466,0
contrarian_decreasing,anti-discerning (decreasing),-2.23333333333,3.99681032647,0
contrarian_decreasing,anti-discerning (decreasing),-2.21666666667,3.99659062065,0
contrarian_decreasing,anti-discerning (decreasing),-2.2,3.99635579522,0
contrarian_decreasing,anti-discerning (decreasing),-2.18333333333,3.99610481165,0
contrarian_decreasing,anti-discerning (decreasing),-2.16666666667,3.99583656035,0
contrarian_decreasing,anti-discerning (decreasing),-2.15,3.99554985587,0
contrarian_decreasing,anti-discerning (decreasing),-2.13333333333,3.99524343173,0
contrarian_decreasing,anti-discerning (decreasing),-2.11666666667,3.99491593495,0
contrarian_decreasing,anti-discerning (decreasing),-2.1,3.9945659202,0
contrarian_decreasing,anti-discerning (decreasing),-2.08333333333,3.99419184356,0
contrarian_decreasing,anti-discerning (decreasing),-2.06666666667,3.99379205588,0
contrarian_decreasing,anti-discerning (decreasing),-2.05,3.99336479568,0
contrarian_decreasing,anti-discerning (decreasing),-2.03333333333,3.99290818162,0
contrarian_decreasing,anti-discerning (decreasing),-2.01666666667,3.99242020445,0
contrarian_decreasing,anti-discerning (decreasing),-2,3.99189871844,0
contrarian_decreasing,anti-discerning (decreasing),-1.98333333333,3.99134143228,0
contrarian_decreasing,anti-discerning (decreasing),-1.96666666667,3.99074589934,0
contrarian_decreasing,anti-discerning (decreasing),-1.95,3.99010950737,0
contrarian_decreasing,anti-discerning (decreasing),-1.93333333333,3.98942946751,0
contrarian_decreasing,anti-discerning (decreasing),-1.91666666667,3.98870280259,0
contrarian_decreasing,anti-discerning (decreasing),-1.9,3.9879263347,0
contrarian_decreasing,anti-discerning (decreasing),-1.88333333333,3.98709667203,0
contrarian_decreasing,anti-discerning (decreasing),-1.86666666667,3.98621019479,0
contrarian_decreasing,anti-discerning (decreasing),-1.85,3.9852630404,0
contrarian_decreasing,anti-discerning (decreasing),-1.83333333333,3.98425108762,0
contrarian_decreasing,anti-discerning (decreasing),-1.81666666667,3.98316993985,0
contrarian_decreasing,anti-discerning (decreasing),-1.8,3.98201490736,0
contrarian_decreasing,anti-discerning (decreasing),-1.78333333333,3.98078098845,0
contrarian_decreasing,anti-discerning (decreasing),-1.76666666667,3.97946284961,0
contrarian_decreasing,anti-discerning (decreasing),-1.75,3.9780548044,0
contrarian_decreasing,anti-discerning (decreasing),-1.73333333333,3.97655079121,0
contrarian_decreasing,anti-discerning (decreasing),-1.71666666667,3.97494434977,0
contrarian_decreasing,anti-discerning (decreasing),-1.7,3.9732285963,0
contrarian_decreasing,anti-discerning (decreasing),-1.68333333333,3.97139619744,0
contrarian_decreasing,anti-discerning (decreasing),-1.66666666667,3.96943934267,0
contrarian_decreasing,anti-discerning (decreasing),-1.65,3.96734971539,0
contrarian_decreasing,anti-discerning (decreasing),-1.63333333333,3.96511846251,0
contrarian_decreasing,anti-discerning (decreasing),-1.61666666667,3.96273616262,0
contrarian_decreasing,anti-discerning (decreasing),-1.6,3.96019279253,0
contrarian_decreasing,anti-discerning (decreasing),-1.58333333333,3.95747769246,0
contrarian_decreasing,anti-discerning (decreasing),-1.56666666667,3.95457952956,0
contrarian_decreasing,anti-discerning (decreasing),-1.55,3.95148626006,0
contrarian_decreasing,anti-discerning (decreasing),-1.53333333333,3.94818508988,0
contrarian_decreasing,anti-discerning (decreasing),-1.51666666667,3.94466243377,0
contrarian_decreasing,anti-discerning (decreasing),-1.5,3.94090387323,0
contrarian_decreasing,anti-discerning (decreasing),-1.48333333333,3.93689411298,0
contrarian_decreasing,anti-discerning (decreasing),-1.46666666667,3.93261693645,0
contrarian_decreasing,anti-discerning (decreasing),-1.45,3.92805516015,0
contrarian_decreasing,anti-discerning (decreasing),-1.43333333333,3.92319058731,0
contrarian_decreasing,anti-discerning (decreasing),-1.41666666667,3.91800396087,0
contrarian_decreasing,anti-discerning (decreasing),-1.4,3.91247491626,0
contrarian_decreasing,anti-discerning (decreasing),-1.38333333333,3.90658193409,0
contrarian_decreasing,anti-discerning (decreasing),-1.36666666667,3.90030229341,0
contrarian_decreasing,anti-discerning (decreasing),-1.35,3.89361202569,0
contrarian_decreasing,anti-discerning (decreasing),-1.33333333333,3.88648587032,0
contrarian_decreasing,anti-discerning (decreasing),-1.31666666667,3.87889723205,0
contrarian_decreasing,anti-discerning (decreasing),-1.3,3.87081814121,0
contrarian_decreasing,anti-discerning (decreasing),-1.28333333333,3.86221921734,0
contrarian_decreasing,anti-discerning (decreasing),-1.26666666667,3.85306963731,0
contrarian_decreasing,anti-discerning (decreasing),-1.25,3.84333710881,0
contrarian_decreasing,anti-discerning (decreasing),-1.23333333333,3.83298785033,0
contrarian_decreasing,anti-discerning (decreasing),-1.21666666667,3.82198657895,0
contrarian_decreasing,anti-discerning (decreasing),-1.2,3.81029650729,0
contrarian_decreasing,anti-discerning (decreasing),-1.18333333333,3.79787935106,0
contrarian_decreasing,anti-discerning (decreasing),-1.16666666667,3.78469534892,0
contrarian_decreasing,anti-discerning (decreasing),-1.15,3.7707032964,0
contrarian_decreasing,anti-discerning (decreasing),-1.13333333333,3.75586059571,0
contrarian_decreasing,anti-discerning (decreasing),-1.11666666667,3.74012332349,0
contrarian_decreasing,anti-discerning (decreasing),-1.1,3.72344631863,0
contrarian_decreasing,anti-discerning (decreasing),-1.08333333333,3.70578329226,0
contrarian_decreasing,anti-discerning (decreasing),-1.06666666667,3.68708696219,0
contrarian_decreasing,anti-discerning (decreasing),-1.05,3.66730921402,0
contrarian_decreasing,anti-discerning (decreasing),-1.03333333333,3.64640129117,0
contrarian_decreasing,anti-discerning (decreasing),-1.01666666667,3.62431401592,0
contrarian_decreasing,anti-discerning (decreasing),-1,3.60099804352,0
contrarian_decreasing,anti-discerning (decreasing),-0.983333333333,3.57640415106,0
contrarian_decreasing,anti-discerning (decreasing),-0.966666666667,3.55048356263,0
contrarian_decreasing,anti-discerning (decreasing),-0.95,3.52318831191,0
contrarian_decreasing,anti-discerning (decreasing),-0.933333333333,3.49447164257,0
contrarian_decreasing,anti-discerning (decreasing),-0.916666666667,3.4642884467,0
contrarian_decreasing,anti-discerning (decreasing),-0.9,3.4325957404,0
contrarian_decreasing,anti-discerning (decreasing),-0.883333333333,3.39935317484,0
contrarian_decreasing,anti-discerning (decreasing),-0.866666666667,3.36452358048,0
contrarian_decreasing,anti-discerning (decreasing),-0.85,3.32807354054,0
contrarian_decreasing,anti-discerning (decreasing),-0.833333333333,3.28997398915,0
contrarian_decreasing,anti-discerning (decreasing),-0.816666666667,3.25020082802,0
contrarian_decreasing,anti-discerning (decreasing),-0.8,3.20873555423,0
contrarian_decreasing,anti-discerning (decreasing),-0.783333333333,3.1655658907,0
contrarian_decreasing,anti-discerning (decreasing),-0.766666666667,3.12068640904,0
contrarian_decreasing,anti-discerning (decreasing),-0.75,3.074099134,0
contrarian_decreasing,anti-discerning (decreasing),-0.733333333333,3.02581411692,0
contrarian_decreasing,anti-discerning (decreasing),-0.716666666667,2.9758499653,0
contrarian_decreasing,anti-discerning (decreasing),-0.7,2.92423431452,0
contrarian_decreasing,anti-discerning (decreasing),-0.683333333333,2.87100422783,0
contrarian_decreasing,anti-discerning (decreasing),-0.666666666667,2.81620651047,0
contrarian_decreasing,anti-discerning (decreasing),-0.65,2.75989792451,0
contrarian_decreasing,anti-discerning (decreasing),-0.633333333333,2.70214529196,0
contrarian_decreasing,anti-discerning (decreasing),-0.616666666667,2.64302547506,0
contrarian_decreasing,anti-discerning (decreasing),-0.6,2.5826252249,0
contrarian_decreasing,anti-discerning (decreasing),-0.583333333333,2.52104089167,0
contrarian_decreasing,anti-discerning (decreasing),-0.566666666667,2.45837799307,0
contrarian_decreasing,anti-discerning (decreasing),-0.55,2.39475064045,0
contrarian_decreasing,anti-discerning (decreasing),-0.533333333333,2.33028082585,0
contrarian_decreasing,anti-discerning (decreasing),-0.516666666667,2.26509757678,0
contrarian_decreasing,anti-discerning (decreasing),-0.5,2.19933598925,0
contrarian_decreasing,anti-discerning (decreasing),-0.483333333333,2.133136153,0
contrarian_decreasing,anti-discerning (decreasing),-0.466666666667,2.06664198628,0
contrarian_decreasing,anti-discerning (decreasing),-0.45,2,0
contrarian_decreasing,anti-discerning (decreasing),-0.433333333333,1.93335801372,0
contrarian_decreasing,anti-discerning (decreasing),-0.416666666667,1.866863847,0
contrarian_decreasing,anti-discerning (decreasing),-0.4,1.80066401075,0
contrarian_decreasing,anti-discerning (decreasing),-0.383333333333,1.73490242322,0
contrarian_decreasing,anti-discerning (decreasing),-0.366666666667,1.66971917415,0
contrarian_decreasing,anti-discerning (decreasing),-0.35,1.60524935955,0
contrarian_decreasing,anti-discerning (decreasing),-0.333333333333,1.54162200693,0
contrarian_decreasing,anti-discerning (decreasing),-0.316666666667,1.47895910833,0
contrarian_decreasing,anti-discerning (decreasing),-0.3,1.4173747751,0
contrarian_decreasing,anti-discerning (decreasing),-0.283333333333,1.35697452494,0
contrarian_decreasing,anti-discerning (decreasing),-0.266666666667,1.29785470804,0
contrarian_decreasing,anti-discerning (decreasing),-0.25,1.24010207549,0
contrarian_decreasing,anti-discerning (decreasing),-0.233333333333,1.18379348953,0
contrarian_decreasing,anti-discerning (decreasing),-0.216666666667,1.12899577217,0
contrarian_decreasing,anti-discerning (decreasing),-0.2,1.07576568548,0
contrarian_decreasing,anti-discerning (decreasing),-0.183333333333,1.0241500347,0
contrarian_decreasing,anti-discerning (decreasing),-0.166666666667,0.974185883078,0
contrarian_decreasing,anti-discerning (decreasing),-0.15,0.925900866004,0
contrarian_decreasing,anti-discerning (decreasing),-0.133333333333,0.879313590963,0
contrarian_decreasing,anti-discerning (decreasing),-0.116666666667,0.834434109304,0
contrarian_decreasing,anti-discerning (decreasing),-0.1,0.791264445766,0
contrarian_decreasing,anti-discerning (decreasing),-0.0833333333333,0.749799171983,0
contrarian_decreasing,anti-discerning (decreasing),-0.0666666666667,0.710026010848,0
contrarian_decreasing,anti-discerning (decreasing),-0.05,0.671926459464,0
contrarian_decreasing,anti-discerning (decreasing),-0.0333333333333,0.635476419524,0
contrarian_decreasing,anti-discerning (decreasing),-0.0166666666667,0.600646825159,0
contrarian_decreasing,anti-discerning (decreasing),0,0.567404259602,0
contrarian_decreasing,anti-discerning (decreasing),0.0166666666667,0.535711553296,0.00133333302469
contrarian_decreasing,anti-discerning (decreasing),0.0333333333333,0.505528357432,0.00266666419753
contrarian_decreasing,anti-discerning (decreasing),0.05,0.476811688088,0.00399999166669
contrarian_decreasing,anti-discerning (decreasing),0.0666666666667,0.449516437365,0.00533331358033
contrarian_decreasing,anti-discerning (decreasing),0.0833333333333,0.423595848944,0.00666662808669
contrarian_decreasing,anti-discerning (decreasing),0.1,0.399001956479,0.007999933334
contrarian_decreasing,anti-discerning (decreasing),0.116666666667,0.375685984077,0.00933322747058
contrarian_decreasing,anti-discerning (decreasing),0.133333333333,0.353598708828,0.0106665086448
contrarian_decreasing,anti-discerning (decreasing),0.15,0.332690785976,0.0119997750051
contrarian_decreasing,anti-discerning (decreasing),0.166666666667,0.312913037807,0.0133330246999
contrarian_decreasing,anti-discerning (decreasing),0.183333333333,0.294216707739,0.014666255878
contrarian_decreasing,anti-discerning (decreasing),0.2,0.276553681373,0.015999466688
contrarian_decreasing,anti-discerning (decreasing),0.216666666667,0.259876676515,0.0173326552787
contrarian_decreasing,anti-discerning (decreasing),0.233333333333,0.244139404292,0.0186658197992
contrarian_decreasing,anti-discerning (decreasing),0.25,0.229296703595,0.0199989583984
contrarian_decreasing,anti-discerning (decreasing),0.266666666667,0.215304651077,0.0213320692257
contrarian_decreasing,anti-discerning (decreasing),0.283333333333,0.202120648942,0.0226651504304
contrarian_decreasing,anti-discerning (decreasing),0.3,0.18970349271,0.023998200162
contrarian_decreasing,anti-discerning (decreasing),0.316666666667,0.178013421049,0.0253312165703
contrarian_decreasing,anti-discerning (decreasing),0.333333333333,0.16701214967,0.0266641978052
contrarian_decreasing,anti-discerning (decreasing),0.35,0.156662891187,0.0279971420168
contrarian_decreasing,anti-discerning (decreasing),0.366666666667,0.146930362688,0.0293300473554
contrarian_decreasing,anti-discerning (decreasing),0.383333333333,0.137780782665,0.0306629119715
contrarian_decreasing,anti-discerning (decreasing),0.4,0.129181858794,0.0319957340159
contrarian_decreasing,anti-discerning (decreasing),0.416666666667,0.121102767948,0.0333285116396
contrarian_decreasing,anti-discerning (decreasing),0.433333333333,0.113514129681,0.0346612429938
contrarian_decreasing,anti-discerning (decreasing),0.45,0.106387974307,0.0359939262299
contrarian_decreasing,anti-discerning (decreasing),0.466666666667,0.0996977065885,0.0373265594999
contrarian_decreasing,anti-discerning (decreasing),0.483333333333,0.0934180659079,0.0386591409556
contrarian_decreasing,anti-discerning (decreasing),0.5,0.0875250837445,0.0399916687495
contrarian_decreasing,anti-discerning (decreasing),0.516666666667,0.0819960391279,0.0413241410341
contrarian_decreasing,anti-discerning (decreasing),0.533333333333,0.0768094126912,0.0426565559623
contrarian_decreasing,anti-discerning (decreasing),0.55,0.0719448398484,0.0439889116875
contrarian_decreasing,anti-discerning (decreasing),0.566666666667,0.0673830635519,0.0453212063632
contrarian_decreasing,anti-discerning (decreasing),0.583333333333,0.0631058870215,0.0466534381433
contrarian_decreasing,anti-discerning (decreasing),0.6,0.0590961267731,0.0479856051821
contrarian_decreasing,anti-discerning (decreasing),0.616666666667,0.0553375662266,0.0493177056342
contrarian_decreasing,anti-discerning (decreasing),0.633333333333,0.0518149101228,0.0506497376546
contrarian_decreasing,anti-discerning (decreasing),0.65,0.0485137399371,0.0519816993986
contrarian_decreasing,anti-discerning (decreasing),0.666666666667,0.0454204704431,0.0533135890221
contrarian_decreasing,anti-discerning (decreasing),0.683333333333,0.0425223075446,0.0546454046812
contrarian_decreasing,anti-discerning (decreasing),0.7,0.0398072074676,0.0559771445324
contrarian_decreasing,anti-discerning (decreasing),0.716666666667,0.0372638373803,0.0573088067329
contrarian_decreasing,anti-discerning (decreasing),0.733333333333,0.034881537485,0.0586403894399
contrarian_decreasing,anti-discerning (decreasing),0.75,0.0326502846126,0.0599718908113
contrarian_decreasing,anti-discerning (decreasing),0.766666666667,0.0305606573293,0.0613033090055
contrarian_decreasing,anti-discerning (decreasing),0.783333333333,0.0286038025572,0.0626346421813
contrarian_decreasing,anti-discerning (decreasing),0.8,0.0267714036971,0.0639658884979
contrarian_decreasing,anti-discerning (decreasing),0.816666666667,0.0250556502321,0.0652970461149
contrarian_decreasing,anti-discerning (decreasing),0.833333333333,0.0234492087854,0.0666281131928
contrarian_decreasing,anti-discerning (decreasing),0.85,0.0219451955978,0.0679590878921
contrarian_decreasing,anti-discerning (decreasing),0.866666666667,0.0205371503876,0.0692899683741
contrarian_decreasing,anti-discerning (decreasing),0.883333333333,0.0192190115486,0.0706207528005
contrarian_decreasing,anti-discerning (decreasing),0.9,0.0179850926438,0.0719514393338
contrarian_decreasing,anti-discerning (decreasing),0.916666666667,0.0168300601454,0.0732820261366
contrarian_decreasing,anti-discerning (decreasing),0.933333333333,0.0157489123759,0.0746125113723
contrarian_decreasing,anti-discerning (decreasing),0.95,0.0147369595977,0.075942893205
contrarian_decreasing,anti-discerning (decreasing),0.966666666667,0.0137898052063,0.0772731697991
contrarian_decreasing,anti-discerning (decreasing),0.983333333333,0.0129033279738,0.0786033393197
contrarian_decreasing,anti-discerning (decreasing),1,0.0120736652988,0.0799333999326
contrarian_decreasing,anti-discerning (decreasing),1.01666666667,0.0112971974109,0.081263349804
contrarian_decreasing,anti-discerning (decreasing),1.03333333333,0.0105705324861,0.0825931871008
contrarian_decreasing,anti-discerning (decreasing),1.05,0.00989049262654,0.0839229099906
contrarian_decreasing,anti-discerning (decreasing),1.06666666667,0.00925410066048,0.0852525166415
contrarian_decreasing,anti-discerning (decreasing),1.08333333333,0.00865856772017,0.0865820052224
contrarian_decreasing,anti-discerning (decreasing),1.1,0.0081012815562,0.0879113739027
contrarian_decreasing,anti-discerning (decreasing),1.11666666667,0.00757979554899,0.0892406208525
contrarian_decreasing,anti-discerning (decreasing),1.13333333333,0.00709181837917,0.0905697442427
contrarian_decreasing,anti-discerning (decreasing),1.15,0.0066352043207,0.0918987422446
contrarian_decreasing,anti-discerning (decreasing),1.16666666667,0.00620794412171,0.0932276130305
contrarian_decreasing,anti-discerning (decreasing),1.18333333333,0.00580815644004,0.0945563547734
contrarian_decreasing,anti-discerning (decreasing),1.2,0.00543407980172,0.0958849656466
contrarian_decreasing,anti-discerning (decreasing),1.21666666667,0.00508406505233,0.0972134438247
contrarian_decreasing,anti-discerning (decreasing),1.23333333333,0.00475656827265,0.0985417874825
contrarian_decreasing,anti-discerning (decreasing),1.25,0.00445014413144,0.099869994796
contrarian_decreasing,anti-discerning (decreasing),1.26666666667,0.0041634396495,0.101198063942
contrarian_decreasing,anti-discerning (decreasing),1.28333333333,0.00389518835082,0.102525993097
contrarian_decreasing,anti-discerning (decreasing),1.3,0.0036442047776,0.103853780439
contrarian_decreasing,anti-discerning (decreasing),1.31666666667,0.00340937934732,0.105181424148
contrarian_decreasing,anti-discerning (decreasing),1.33333333333,0.00318967353131,0.106508922404
contrarian_decreasing,anti-discerning (decreasing),1.35,0.00298411533535,0.107836273385
contrarian_decreasing,anti-discerning (decreasing),1.36666666667,0.0027917950638,0.109163475275
contrarian_decreasing,anti-discerning (decreasing),1.38333333333,0.00261186135021,0.110490526254
contrarian_decreasing,anti-discerning (decreasing),1.4,0.00244351743774,0.111817424506
contrarian_decreasing,anti-discerning (decreasing),1.41666666667,0.00228601769432,0.113144168215
contrarian_decreasing,anti-discerning (decreasing),1.43333333333,0.00213866434793,0.114470755565
contrarian_decreasing,anti-discerning (decreasing),1.45,0.00200080442832,0.115797184742
contrarian_decreasing,anti-discerning (decreasing),1.46666666667,0.00187182690253,0.117123453931
contrarian_decreasing,anti-discerning (decreasing),1.48333333333,0.00175115999199,0.118449561322
contrarian_decreasing,anti-discerning (decreasing),1.5,0.00163826865994,0.1197755051
bump_mid_quality,bump (mid-quality),-2.5,3.50556631599e-10,0
bump_mid_quality,bump (mid-quality),-2.48333333333,4.7987353964e-10,0
bump_mid_quality,bump (mid-quality),-2.46666666667,6.55487744092e-10,0
bump_mid_quality,bump (mid-quality),-2.45,8.93452574481e-10,0
bump_mid_quality,bump (mid-quality),-2.43333333333,1.21519952039e-09,0
bump_mid_quality,bump (mid-quality),-2.41666666667,1.64927406808e-09,0
bump_mid_quality,bump (mid-quality),-2.4,2.23360939556e-09,0
bump_mid_quality,bump (mid-quality),-2.38333333333,3.01849722726e-09,0
bump_mid_quality,bump (mid-quality),-2.36666666667,4.07045999622e-09,0
bump_mid_quality,bump (mid-quality),-2.35,5.4772852221e-09,0
bump_mid_quality,bump (mid-quality),-2.33333333333,7.35455464034e-09,0
bump_mid_quality,bump (mid-quality),-2.31666666667,9.85409074164e-09,0
bump_mid_quality,bump (mid-quality),-2.3,1.31748564412e-08,0
bump_mid_quality,bump (mid-quality),-2.28333333333,1.75769850097e-08,0
bump_mid_quality,bump (mid-quality),-2.26666666667,2.3399793737e-08,0
bump_mid_quality,bump (mid-quality),-2.25,3.10848540305e-08,0
bump_mid_quality,bump (mid-quality),-2.23333333333,4.12054623578e-08,0
bump_mid_quality,bump (mid-quality),-2.21666666667,5.45041921662e-08,0
bump_mid_quality,bump (mid-quality),-2.2,7.1940620413e-08,0
bump_mid_quality,bump (mid-quality),-2.18333333333,9.47518300498e-08,0
bump_mid_quality,bump (mid-quality),-2.16666666667,1.2452891118e-07,0
bump_mid_quality,bump (mid-quality),-2.15,1.63313441646e-07,0
bump_mid_quality,bump (mid-quality),-2.13333333333,2.13718849539e-07,0
bump_mid_quality,bump (mid-quality),-2.11666666667,2.7908267717e-07,0
bump_mid_quality,bump (mid-quality),-2.1,3.63657115258e-07,0
bump_mid_quality,bump (mid-quality),-2.08333333333,4.72846800183e-07,0
bump_mid_quality,bump (mid-quality),-2.06666666667,6.13504815299e-07,0
bump_mid_quality,bump (mid-quality),-2.05,7.94300166005e-07,0
bump_mid_quality,bump (mid-quality),-2.03333333333,1.02617277188e-06,0
bump_mid_quality,bump (mid-quality),-2.01666666667,1.32289531065e-06,0
bump_mid_quality,bump (mid-quality),-2,1.70176514028e-06,0
bump_mid_quality,bump (mid-quality),-1.98333333333,2.18445410894e-06,0
bump_mid_quality,bump (mid-quality),-1.96666666667,2.79804944033e-06,0
bump_mid_quality,bump (mid-quality),-1.95,3.57632516605e-06,0
bump_mid_quality,bump (mid-quality),-1.93333333333,4.56129089076e-06,0
bump_mid_quality,bump (mid-quality),-1.91666666667,5.80507315276e-06,0
bump_mid_quality,bump (mid-quality),-1.9,7.37219442508e-06,0
bump_mid_quality,bump (mid-quality),-1.88333333333,9.34232604093e-06,0
bump_mid_quality,bump (mid-quality),-1.86666666667,1.18136041808e-05,0
bump_mid_quality,bump (mid-quality),-1.85,1.49066126883e-05,0
bump_mid_quality,bump (mid-quality),-1.83333333333,1.87691530499e-05,0
bump_mid_quality,bump (mid-quality),-1.81666666667,2.35819405449e-05,0
bump_mid_quality,bump (mid-quality),-1.8,2.95653864918e-05,0
bump_mid_quality,bump (mid-quality),-1.78333333333,3.69876498321e-05,0
bump_mid_quality,bump (mid-quality),-1.76666666667,4.61741671154e-05,0
bump_mid_quality,bump (mid-quality),-1.75,5.75188983672e-05,0
bump_mid_quality,bump (mid-quality),-1.73333333333,7.1497557388e-05,0
bump_mid_quality,bump (mid-quality),-1.71666666667,8.86831287356e-05,0
bump_mid_quality,bump (mid-quality),-1.7,0.000109764009923,0
bump_mid_quality,bump (mid-quality),-1.68333333333,0.000135565156071,0
bump_mid_quality,bump (mid-quality),-1.66666666667,0.000167072645163,0
bump_mid_quality,bump (mid-quality),-1.65,0.000205462124759,0
bump_mid_quality,bump (mid-quality),-1.63333333333,0.000252131645165,0
bump_mid_quality,bump (mid-quality),-1.61666666667,0.000308739428862,0
bump_mid_quality,bump (mid-quality),-1.6,0.000377247170805,0
bump_mid_quality,bump (mid-quality),-1.58333333333,0.000459969507982,0
bump_mid_quality,bump (mid-quality),-1.56666666667,0.000559630338218,0
bump_mid_quality,bump (mid-quality),-1.55,0.000679426706246,0
bump_mid_quality,bump (mid-quality),-1.53333333333,0.000823101007963,0
bump_mid_quality,bump (mid-quality),-1.51666666667,0.000995022289647,0
bump_mid_quality,bump (mid-quality),-1.5,0.00120027743574,0
bump_mid_quality,bump (mid-quality),-1.48333333333,0.00144477304423,0
bump_mid_quality,bump (mid-quality),-1.46666666667,0.00173534878021,0
bump_mid_quality,bump (mid-quality),-1.45,0.00207990297302,0
bump_mid_quality,bump (mid-quality),-1.43333333333,0.00248753117784,0
bump_mid_quality,bump (mid-quality),-1.41666666667,0.00296867835503,0
bump_mid_quality,bump (mid-quality),-1.4,0.00353530522774,0
bump_mid_quality,bump (mid-quality),-1.38333333333,0.00420106925616,0
bump_mid_quality,bump (mid-quality),-1.36666666667,0.00498152051246,0
bump_mid_quality,bump (mid-quality),-1.35,0.00589431255173,0
bump_mid_quality,bump (mid-quality),-1.33333333333,0.0069594281467,0
bump_mid_quality,bump (mid-quality),-1.31666666667,0.00819941948722,0
bump_mid_quality,bump (mid-quality),-1.3,0.0096396621358,0
bump_mid_quality,bump (mid-quality),-1.28333333333,0.0113086216778,0
bump_mid_quality,bump (mid-quality),-1.26666666667,0.0132381316085,0
bump_mid_quality,bump (mid-quality),-1.25,0.0154636805579,0
bump_mid_quality,bump (mid-quality),-1.23333333333,0.0180247064744,0
bump_mid_quality,bump (mid-quality),-1.21666666667,0.0209648948635,0
bump_mid_quality,bump (mid-quality),-1.2,0.0243324776254,0
bump_mid_quality,bump (mid-quality),-1.18333333333,0.0281805284444,0
bump_mid_quality,bump (mid-quality),-1.16666666667,0.032567250081,0
bump_mid_quality,bump (mid-quality),-1.15,0.0375562482896,0
bump_mid_quality,bump (mid-quality),-1.13333333333,0.0432167864663,0
bump_mid_quality,bump (mid-quality),-1.11666666667,0.0496240145143,0
bump_mid_quality,bump (mid-quality),-1.1,0.0568591648269,0
bump_mid_quality,bump (mid-quality),-1.08333333333,0.0650097077375,0
bump_mid_quality,bump (mid-quality),-1.06666666667,0.0741694582958,0
bump_mid_quality,bump (mid-quality),-1.05,0.0844386258147,0
bump_mid_quality,bump (mid-quality),-1.03333333333,0.0959237973124,0
bump_mid_quality,bump (mid-quality),-1.01666666667,0.108737845775,0
bump_mid_quality,bump (mid-quality),-1,0.122999754096,0
bump_mid_quality,bump (mid-quality),-0.983333333333,0.138834345651,0
bump_mid_quality,bump (mid-quality),-0.966666666667,0.156371912726,0
bump_mid_quality,bump (mid-quality),-0.95,0.175747734494,0
bump_mid_quality,bump (mid-quality),-0.933333333333,0.197101476907,0
bump_mid_quality,bump (mid-quality),-0.916666666667,0.220576467793,0
bump_mid_quality,bump (mid-quality),-0.9,0.246318841555,0
bump_mid_quality,bump (mid-quality),-0.883333333333,0.274476549289,0
bump_mid_quality,bump (mid-quality),-0.866666666667,0.305198231756,0
bump_mid_quality,bump (mid-quality),-0.85,0.33863195449,0
bump_mid_quality,bump (mid-quality),-0.833333333333,0.374923806457,0
bump_mid_quality,bump (mid-quality),-0.816666666667,0.414216365963,0
bump_mid_quality,bump (mid-quality),-0.8,0.456647040039,0
bump_mid_quality,bump (mid-quality),-0.783333333333,0.502346286172,0
bump_mid_quality,bump (mid-quality),-0.766666666667,0.551435728067,0
bump_mid_quality,bump (mid-quality),-0.75,0.604026179982,0
bump_mid_quality,bump (mid-quality),-0.733333333333,0.660215597095,0
bump_mid_quality,bump (mid-quality),-0.716666666667,0.720086972244,0
bump_mid_quality,bump (mid-quality),-0.7,0.783706202183,0
bump_mid_quality,bump (mid-quality),-0.683333333333,0.851119949145,0
bump_mid_quality,bump (mid-quality),-0.666666666667,0.92235352596,0
bump_mid_quality,bump (mid-quality),-0.65,0.997408835109,0
bump_mid_quality,bump (mid-quality),-0.633333333333,1.07626239392,0
bump_mid_quality,bump (mid-quality),-0.616666666667,1.15886347949,0
bump_mid_quality,bump (mid-quality),-0.6,1.24513242782,0
bump_mid_quality,bump (mid-quality),-0.583333333333,1.33495912197,0
bump_mid_quality,bump (mid-quality),-0.566666666667,1.42820170399,0
bump_mid_quality,bump (mid-quality),-0.55,1.52468554421,0
bump_mid_quality,bump (mid-quality),-0.533333333333,1.62420250031,0
bump_mid_quality,bump (mid-quality),-0.516666666667,1.72651049607,0
bump_mid_quality,bump (mid-quality),-0.5,1.83133344709,0
bump_mid_quality,bump (mid-quality),-0.483333333333,1.93836155696,0
bump_mid_quality,bump (mid-quality),-0.466666666667,2.04725200342,0
bump_mid_quality,bump (mid-quality),-0.45,2.15763002895,0
bump_mid_quality,bump (mid-quality),-0.433333333333,2.26909044504,0
bump_mid_quality,bump (mid-quality),-0.416666666667,2.38119955362,0
bump_mid_quality,bump (mid-quality),-0.4,2.49349748262,0
bump_mid_quality,bump (mid-quality),-0.383333333333,2.60550092652,0
bump_mid_quality,bump (mid-quality),-0.366666666667,2.71670627561,0
bump_mid_quality,bump (mid-quality),-0.35,2.82659311143,0
bump_mid_quality,bump (mid-quality),-0.333333333333,2.93462803875,0
bump_mid_quality,bump (mid-quality),-0.316666666667,3.04026881843,0
bump_mid_quality,bump (mid-quality),-0.3,3.14296875903,0
bump_mid_quality,bump (mid-quality),-0.283333333333,3.24218131986,0
bump_mid_quality,bump (mid-quality),-0.266666666667,3.33736487272,0
bump_mid_quality,bump (mid-quality),-0.25,3.42798756574,0
bump_mid_quality,bump (mid-quality),-0.233333333333,3.51353222913,0
bump_mid_quality,bump (mid-quality),-0.216666666667,3.59350126008,0
bump_mid_quality,bump (mid-quality),-0.2,3.66742142293,0
bump_mid_quality,bump (mid-quality),-0.183333333333,3.73484849994,0
bump_mid_quality,bump (mid-quality),-0.166666666667,3.79537172908,0
bump_mid_quality,bump (mid-quality),-0.15,3.84861796685,0
bump_mid_quality,bump (mid-quality),-0.133333333333,3.89425551722,0
bump_mid_quality,bump (mid-quality),-0.116666666667,3.93199757171,0
bump_mid_quality,bump (mid-quality),-0.1,3.96160521079,0
bump_mid_quality,bump (mid-quality),-0.0833333333333,3.98288992263,0
bump_mid_quality,bump (mid-quality),-0.0666666666667,3.99571560205,0
bump_mid_quality,bump (mid-quality),-0.05,4,0
bump_mid_quality,bump (mid-quality),-0.0333333333333,3.99571560205,0
bump_mid_quality,bump (mid-quality),-0.0166666666667,3.98288992263,0
bump_mid_quality,bump (mid-quality),0,3.96160521079,0
bump_mid_quality,bump (mid-quality),0.0166666666667,3.93199757171,0.00333333024692
bump_mid_quality,bump (mid-quality),0.0333333333333,3.89425551722,0.00666664197542
bump_mid_quality,bump (mid-quality),0.05,3.84861796685,0.0099999166675
bump_mid_quality,bump (mid-quality),0.0666666666667,3.79537172908,0.013333135806
bump_mid_quality,bump (mid-quality),0.0833333333333,3.73484849994,0.0166662808749
bump_mid_quality,bump (mid-quality),0.1,3.66742142293,0.01999933336
bump_mid_quality,bump (mid-quality),0.116666666667,3.59350126008,0.023332274749
bump_mid_quality,bump (mid-quality),0.133333333333,3.51353222913,0.0266650865321
bump_mid_quality,bump (mid-quality),0.15,3.42798756574,0.0299977502025
bump_mid_quality,bump (mid-quality),0.166666666667,3.33736487272,0.0333302472565
bump_mid_quality,bump (mid-quality),0.183333333333,3.24218131986,0.0366625591942
bump_mid_quality,bump (mid-quality),0.2,3.14296875903,0.0399946675199
bump_mid_quality,bump (mid-quality),0.216666666667,3.04026881843,0.0433265537422
bump_mid_quality,bump (mid-quality),0.233333333333,2.93462803875,0.0466581993748
bump_mid_quality,bump (mid-quality),0.25,2.82659311143,0.0499895859368
bump_mid_quality,bump (mid-quality),0.266666666667,2.71670627561,0.0533206949529
bump_mid_quality,bump (mid-quality),0.283333333333,2.60550092652,0.056651507954
bump_mid_quality,bump (mid-quality),0.3,2.49349748262,0.0599820064776
bump_mid_quality,bump (mid-quality),0.316666666667,2.38119955362,0.0633121720682
bump_mid_quality,bump (mid-quality),0.333333333333,2.26909044504,0.0666419862776
bump_mid_quality,bump (mid-quality),0.35,2.15763002895,0.0699714306656
bump_mid_quality,bump (mid-quality),0.366666666667,2.04725200342,0.0733004867998
bump_mid_quality,bump (mid-quality),0.383333333333,1.93836155696,0.0766291362569
bump_mid_quality,bump (mid-quality),0.4,1.83133344709,0.0799573606223
bump_mid_quality,bump (mid-quality),0.416666666667,1.72651049607,0.083285141491
bump_mid_quality,bump (mid-quality),0.433333333333,1.62420250031,0.0866124604676
bump_mid_quality,bump (mid-quality),0.45,1.52468554421,0.0899392991672
bump_mid_quality,bump (mid-quality),0.466666666667,1.42820170399,0.0932656392154
bump_mid_quality,bump (mid-quality),0.483333333333,1.33495912197,0.0965914622489
bump_mid_quality,bump (mid-quality),0.5,1.24513242782,0.0999167499158
bump_mid_quality,bump (mid-quality),0.516666666667,1.15886347949,0.103241483876
bump_mid_quality,bump (mid-quality),0.533333333333,1.07626239392,0.106565645802
bump_mid_quality,bump (mid-quality),0.55,0.997408835109,0.109889217378
bump_mid_quality,bump (mid-quality),0.566666666667,0.92235352596,0.113212180303
bump_mid_quality,bump (mid-quality),0.583333333333,0.851119949145,0.116534516288
bump_mid_quality,bump (mid-quality),0.6,0.783706202183,0.119856207058
bump_mid_quality,bump (mid-quality),0.616666666667,0.720086972244,0.123177234353
bump_mid_quality,bump (mid-quality),0.633333333333,0.660215597095,0.126497579927
bump_mid_quality,bump (mid-quality),0.65,0.604026179982,0.129817225549
bump_mid_quality,bump (mid-quality),0.666666666667,0.551435728067,0.133136153005
bump_mid_quality,bump (mid-quality),0.683333333333,0.502346286172,0.136454344093
bump_mid_quality,bump (mid-quality),0.7,0.456647040039,0.139771780633
bump_mid_quality,bump (mid-quality),0.716666666667,0.414216365963,0.143088444456
bump_mid_quality,bump (mid-quality),0.733333333333,0.374923806457,0.146404317414
bump_mid_quality,bump (mid-quality),0.75,0.33863195449,0.149719381375
bump_mid_quality,bump (mid-quality),0.766666666667,0.305198231756,0.153033618224
bump_mid_quality,bump (mid-quality),0.783333333333,0.274476549289,0.156347009866
bump_mid_quality,bump (mid-quality),0.8,0.246318841555,0.159659538222
bump_mid_quality,bump (mid-quality),0.816666666667,0.220576467793,0.162971185236
bump_mid_quality,bump (mid-quality),0.833333333333,0.197101476907,0.166281932867
bump_mid_quality,bump (mid-quality),0.85,0.175747734494,0.169591763097
bump_mid_quality,bump (mid-quality),0.866666666667,0.156371912726,0.172900657927
bump_mid_quality,bump (mid-quality),0.883333333333,0.138834345651,0.176208599379
bump_mid_quality,bump (mid-quality),0.9,0.122999754096,0.179515569494
bump_mid_quality,bump (mid-quality),0.916666666667,0.108737845775,0.182821550338
bump_mid_quality,bump (mid-quality),0.933333333333,0.0959237973124,0.186126523994
bump_mid_quality,bump (mid-quality),0.95,0.0844386258147,0.189430472572
bump_mid_quality,bump (mid-quality),0.966666666667,0.0741694582958,0.192733378202
bump_mid_quality,bump (mid-quality),0.983333333333,0.0650097077375,0.196035223035
bump_mid_quality,bump (mid-quality),1,0.0568591648269,0.19933598925
bump_mid_quality,bump (mid-quality),1.01666666667,0.0496240145143,0.202635659045
bump_mid_quality,bump (mid-quality),1.03333333333,0.0432167864663,0.205934214645
bump_mid_quality,bump (mid-quality),1.05,0.0375562482896,0.209231638297
bump_mid_quality,bump (mid-quality),1.06666666667,0.032567250081,0.212527912276
bump_mid_quality,bump (mid-quality),1.08333333333,0.0281805284444,0.215823018878
bump_mid_quality,bump (mid-quality),1.1,0.0243324776254,0.219116940429
bump_mid_quality,bump (mid-quality),1.11666666667,0.0209648948635,0.222409659277
bump_mid_quality,bump (mid-quality),1.13333333333,0.0180247064744,0.225701157798
bump_mid_quality,bump (mid-quality),1.15,0.0154636805579,0.228991418394
bump_mid_quality,bump (mid-quality),1.16666666667,0.0132381316085,0.232280423496
bump_mid_quality,bump (mid-quality),1.18333333333,0.0113086216778,0.235568155559
bump_mid_quality,bump (mid-quality),1.2,0.0096396621358,0.238854597069
bump_mid_quality,bump (mid-quality),1.21666666667,0.00819941948722,0.242139730537
bump_mid_quality,bump (mid-quality),1.23333333333,0.0069594281467,0.245423538505
bump_mid_quality,bump (mid-quality),1.25,0.00589431255173,0.248706003543
bump_mid_quality,bump (mid-quality),1.26666666667,0.00498152051246,0.25198710825
bump_mid_quality,bump (mid-quality),1.28333333333,0.00420106925616,0.255266835253
bump_mid_quality,bump (mid-quality),1.3,0.00353530522774,0.258545167212
bump_mid_quality,bump (mid-quality),1.31666666667,0.00296867835503,0.261822086815
bump_mid_quality,bump (mid-quality),1.33333333333,0.00248753117784,0.265097576782
bump_mid_quality,bump (mid-quality),1.35,0.00207990297302,0.268371619862
bump_mid_quality,bump (mid-quality),1.36666666667,0.00173534878021,0.271644198837
bump_mid_quality,bump (mid-quality),1.38333333333,0.00144477304423,0.27491529652
bump_mid_quality,bump (mid-quality),1.4,0.00120027743574,0.278184895757
bump_mid_quality,bump (mid-quality),1.41666666667,0.000995022289647,0.281452979424
bump_mid_quality,bump (mid-quality),1.43333333333,0.000823101007963,0.284719530433
bump_mid_quality,bump (mid-quality),1.45,0.000679426706246,0.287984531726
bump_mid_quality,bump (mid-quality),1.46666666667,0.000559630338218,0.29124796628
bump_mid_quality,bump (mid-quality),1.48333333333,0.000459969507982,0.294509817105
bump_mid_quality,bump (mid-quality),1.5,0.000377247170805,0.297770067247
calibrated_noisy,calibrated but noisy,-2.5,0,0
calibrated_noisy,calibrated but noisy,-2.48333333333,0,0
calibrated_noisy,calibrated but noisy,-2.46666666667,0,0
calibrated_noisy,calibrated but noisy,-2.45,0,0
calibrated_noisy,calibrated but noisy,-2.43333333333,0,0
calibrated_noisy,calibrated but noisy,-2.41666666667,0,0
calibrated_noisy,calibrated but noisy,-2.4,0,0
calibrated_noisy,calibrated but noisy,-2.38333333333,0,0
calibrated_noisy,calibrated but noisy,-2.36666666667,0,0
calibrated_noisy,calibrated but noisy,-2.35,0,0
calibrated_noisy,calibrated but noisy,-2.33333333333,0,0
calibrated_noisy,calibrated but noisy,-2.31666666667,0,0
calibrated_noisy,calibrated but noisy,-2.3,0,0
calibrated_noisy,calibrated but noisy,-2.28333333333,0,0
calibrated_noisy,calibrated but noisy,-2.26666666667,0,0
calibrated_noisy,calibrated but noisy,-2.25,0,0
calibrated_noisy,calibrated but noisy,-2.23333333333,0,0
calibrated_noisy,calibrated but noisy,-2.21666666667,0,0
calibrated_noisy,calibrated but noisy,-2.2,0,0
calibrated_noisy,calibrated but noisy,-2.18333333333,0,0
calibrated_noisy,calibrated but noisy,-2.16666666667,0,0
calibrated_noisy,calibrated but noisy,-2.15,0,0
calibrated_noisy,calibrated but noisy,-2.13333333333,0,0
calibrated_noisy,calibrated but noisy,-2.11666666667,0,0
calibrated_noisy,calibrated but noisy,-2.1,0,0
calibrated_noisy,calibrated but noisy,-2.08333333333,0,0
calibrated_noisy,calibrated but noisy,-2.06666666667,0,0
calibrated_noisy,calibrated but noisy,-2.05,0,0
calibrated_noisy,calibrated but noisy,-2.03333333333,0,0
calibrated_noisy,calibrated but noisy,-2.01666666667,0,0
calibrated_noisy,calibrated but noisy,-2,0,0
calibrated_noisy,calibrated but noisy,-1.98333333333,0,0
calibrated_noisy,calibrated but noisy,-1.96666666667,0,0
calibrated_noisy,calibrated but noisy,-1.95,0,0
calibrated_noisy,calibrated but noisy,-1.93333333333,0,0
calibrated_noisy,calibrated but noisy,-1.91666666667,0,0
calibrated_noisy,calibrated but noisy,-1.9,0,0
calibrated_noisy,calibrated but noisy,-1.88333333333,0,0
calibrated_noisy,calibrated but noisy,-1.86666666667,0,0
calibrated_noisy,calibrated but noisy,-1.85,0,0
calibrated_noisy,calibrated but noisy,-1.83333333333,0,0
calibrated_noisy,calibrated but noisy,-1.81666666667,0,0
calibrated_noisy,calibrated but noisy,-1.8,0,0
calibrated_noisy,calibrated but noisy,-1.78333333333,0,0
calibrated_noisy,calibrated but noisy,-1.76666666667,0,0
calibrated_noisy,calibrated but noisy,-1.75,0,0
calibrated_noisy,calibrated but noisy,-1.73333333333,0,0
calibrated_noisy,calibrated but noisy,-1.71666666667,0,0
calibrated_noisy,calibrated but noisy,-1.7,0,0
calibrated_noisy,calibrated but noisy,-1.68333333333,0,0
calibrated_noisy,calibrated but noisy,-1.66666666667,0,0
calibrated_noisy,calibrated but noisy,-1.65,0,0
calibrated_noisy,calibrated but noisy,-1.63333333333,0,0
calibrated_noisy,calibrated but noisy,-1.61666666667,0,0
calibrated_noisy,calibrated but noisy,-1.6,0,0
calibrated_noisy,calibrated but noisy,-1.58333333333,0,0
calibrated_noisy,calibrated but noisy,-1.56666666667,0,0
calibrated_noisy,calibrated but noisy,-1.55,0,0
calibrated_noisy,calibrated but noisy,-1.53333333333,0,0
calibrated_noisy,calibrated but noisy,-1.51666666667,0,0
calibrated_noisy,calibrated but noisy,-1.5,0,0
calibrated_noisy,calibrated but noisy,-1.48333333333,0,0
calibrated_noisy,calibrated but noisy,-1.46666666667,0,0
calibrated_noisy,calibrated but noisy,-1.45,0,0
calibrated_noisy,calibrated but noisy,-1.43333333333,0,0
calibrated_noisy,calibrated but noisy,-1.41666666667,0,0
calibrated_noisy,calibrated but noisy,-1.4,0,0
calibrated_noisy,calibrated but noisy,-1.38333333333,0,0
calibrated_noisy,calibrated but noisy,-1.36666666667,0,0
calibrated_noisy,calibrated but noisy,-1.35,0,0
calibrated_noisy,calibrated but noisy,-1.33333333333,0,0
calibrated_noisy,calibrated but noisy,-1.31666666667,0,0
calibrated_noisy,calibrated but noisy,-1.3,0,0
calibrated_noisy,calibrated but noisy,-1.28333333333,0,0
calibrated_noisy,calibrated but noisy,-1.26666666667,0,0
calibrated_noisy,calibrated but noisy,-1.25,0,0
calibrated_noisy,calibrated but noisy,-1.23333333333,0,0
calibrated_noisy,calibrated but noisy,-1.21666666667,0,0
calibrated_noisy,calibrated but noisy,-1.2,0,0
calibrated_noisy,calibrated but noisy,-1.18333333333,0,0
calibrated_noisy,calibrated but noisy,-1.16666666667,0,0
calibrated_noisy,calibrated but noisy,-1.15,0,0
calibrated_noisy,calibrated but noisy,-1.13333333333,0,0
calibrated_noisy,calibrated but noisy,-1.11666666667,0,0
calibrated_noisy,calibrated but noisy,-1.1,0,0
calibrated_noisy,calibrated but noisy,-1.08333333333,0,0
calibrated_noisy,calibrated but noisy,-1.06666666667,0,0
calibrated_noisy,calibrated but noisy,-1.05,0,0
calibrated_noisy,calibrated but noisy,-1.03333333333,0,0
calibrated_noisy,calibrated but noisy,-1.01666666667,0,0
calibrated_noisy,calibrated but noisy,-1,0,0
calibrated_noisy,calibrated but noisy,-0.983333333333,0,0
calibrated_noisy,calibrated but noisy,-0.966666666667,0,0
calibrated_noisy,calibrated but noisy,-0.95,0,0
calibrated_noisy,calibrated but noisy,-0.933333333333,0,0
calibrated_noisy,calibrated but noisy,-0.916666666667,0,0
calibrated_noisy,calibrated but noisy,-0.9,0,0
calibrated_noisy,calibrated but noisy,-0.883333333333,0,0
calibrated_noisy,calibrated but noisy,-0.866666666667,0,0
calibrated_noisy,calibrated but noisy,-0.85,0,0
calibrated_noisy,calibrated but noisy,-0.833333333333,0,0
calibrated_noisy,calibrated but noisy,-0.816666666667,0,0
calibrated_noisy,calibrated but noisy,-0.8,0,0
calibrated_noisy,calibrated but noisy,-0.783333333333,0,0
calibrated_noisy,calibrated but noisy,-0.766666666667,0,0
calibrated_noisy,calibrated but noisy,-0.75,0,0
calibrated_noisy,calibrated but noisy,-0.733333333333,0,0
calibrated_noisy,calibrated but noisy,-0.716666666667,0,0
calibrated_noisy,calibrated but noisy,-0.7,0,0
calibrated_noisy,calibrated but noisy,-0.683333333333,0,0
calibrated_noisy,calibrated but noisy,-0.666666666667,0,0
calibrated_noisy,calibrated but noisy,-0.65,0,0
calibrated_noisy,calibrated but noisy,-0.633333333333,0,0
calibrated_noisy,calibrated but noisy,-0.616666666667,0,0
calibrated_noisy,calibrated but noisy,-0.6,0,0
calibrated_noisy,calibrated but noisy,-0.583333333333,0,0
calibrated_noisy,calibrated but noisy,-0.566666666667,0,0
calibrated_noisy,calibrated but noisy,-0.55,0,0
calibrated_noisy,calibrated but noisy,-0.533333333333,0,0
calibrated_noisy,calibrated but noisy,-0.516666666667,0,0
calibrated_noisy,calibrated but noisy,-0.5,0,0
calibrated_noisy,calibrated but noisy,-0.483333333333,0,0
calibrated_noisy,calibrated but noisy,-0.466666666667,0,0
calibrated_noisy,calibrated but noisy,-0.45,0,0
calibrated_noisy,calibrated but noisy,-0.433333333333,0,0
calibrated_noisy,calibrated but noisy,-0.416666666667,0,0
calibrated_noisy,calibrated but noisy,-0.4,0,0
calibrated_noisy,calibrated but noisy,-0.383333333333,0,0
calibrated_noisy,calibrated but noisy,-0.366666666667,0,0
calibrated_noisy,calibrated but noisy,-0.35,0,0
calibrated_noisy,calibrated but noisy,-0.333333333333,0,0
calibrated_noisy,calibrated but noisy,-0.316666666667,0,0
calibrated_noisy,calibrated but noisy,-0.3,0,0
calibrated_noisy,calibrated but noisy,-0.283333333333,0,0
calibrated_noisy,calibrated but noisy,-0.266666666667,0,0
calibrated_noisy,calibrated but noisy,-0.25,0,0
calibrated_noisy,calibrated but noisy,-0.233333333333,0,0
calibrated_noisy,calibrated but noisy,-0.216666666667,0,0
calibrated_noisy,calibrated but noisy,-0.2,0,0
calibrated_noisy,calibrated but noisy,-0.183333333333,0,0
calibrated_noisy,calibrated but noisy,-0.166666666667,0,0
calibrated_noisy,calibrated but noisy,-0.15,0,0
calibrated_noisy,calibrated but noisy,-0.133333333333,0,0
calibrated_noisy,calibrated but noisy,-0.116666666667,0,0
calibrated_noisy,calibrated but noisy,-0.1,0,0
calibrated_noisy,calibrated but noisy,-0.0833333333333,0,0
calibrated_noisy,calibrated but noisy,-0.0666666666667,0,0
calibrated_noisy,calibrated but noisy,-0.05,0,0
calibrated_noisy,calibrated but noisy,-0.0333333333333,0,0
calibrated_noisy,calibrated but noisy,-0.0166666666667,0,0
calibrated_noisy,calibrated but noisy,0,0,0
calibrated_noisy,calibrated but noisy,0.0166666666667,0.0415364754938,0.0436132992685
calibrated_noisy,calibrated but noisy,0.0333333333333,0.084423677861,0.0886448617541
calibrated_noisy,calibrated but noisy,0.05,0.128664607071,0.135097837424
calibrated_noisy,calibrated but noisy,0.0666666666667,0.174258486076,0.18297141038
calibrated_noisy,calibrated but noisy,0.0833333333333,0.221200526479,0.232260552803
calibrated_noisy,calibrated but noisy,0.1,0.269481707565,0.282955792943
calibrated_noisy,calibrated but noisy,0.116666666667,0.319088572248,0.335043000861
calibrated_noisy,calibrated but noisy,0.133333333333,0.370003043559,0.388503195737
calibrated_noisy,calibrated but noisy,0.15,0.422202265333,0.4433123786
calibrated_noisy,calibrated but noisy,0.166666666667,0.475658470751,0.499441394288
calibrated_noisy,calibrated but noisy,0.183333333333,0.530338882231,0.556855826343
calibrated_noisy,calibrated but noisy,0.2,0.586205646044,0.615515928346
calibrated_noisy,calibrated but noisy,0.216666666667,0.643215804697,0.675376594932
calibrated_noisy,calibrated but noisy,0.233333333333,0.701321309836,0.736387375327
calibrated_noisy,calibrated but noisy,0.25,0.760469077931,0.798492531828
calibrated_noisy,calibrated but noisy,0.266666666667,0.820601090541,0.861631145068
calibrated_noisy,calibrated but noisy,0.283333333333,0.881654540319,0.925737267335
calibrated_noisy,calibrated but noisy,0.3,0.943562023324,0.99074012449
calibrated_noisy,calibrated but noisy,0.316666666667,1.00625177744,1.05656436631
calibrated_noisy,calibrated but noisy,0.333333333333,1.069647966,1.1231303643
calibrated_noisy,calibrated but noisy,0.35,1.13367100496,1.19035455521
calibrated_noisy,calibrated but noisy,0.366666666667,1.19823793116,1.25814982771
calibrated_noisy,calibrated but noisy,0.383333333333,1.26326280845,1.32642594887
calibrated_noisy,calibrated but noisy,0.4,1.32865716787,1.39509002626
calibrated_noisy,calibrated but noisy,0.416666666667,1.39433047722,1.46404700108
calibrated_noisy,calibrated but noisy,0.433333333333,1.46019063494,1.53320016668
calibrated_noisy,calibrated but noisy,0.45,1.52614448264,1.60245170677
calibrated_noisy,calibrated but noisy,0.466666666667,1.59209833034,1.67170324685
calibrated_noisy,calibrated but noisy,0.483333333333,1.65795848805,1.74085641245
calibrated_noisy,calibrated but noisy,0.5,1.7236317974,1.80981338727
calibrated_noisy,calibrated but noisy,0.516666666667,1.78902615682,1.87847746467
calibrated_noisy,calibrated but noisy,0.533333333333,1.85405103412,1.94675358582
calibrated_noisy,calibrated but noisy,0.55,1.91861796031,2.01454885833
calibrated_noisy,calibrated but noisy,0.566666666667,1.98264099928,2.08177304924
calibrated_noisy,calibrated but noisy,0.583333333333,2.04603718783,2.14833904723
calibrated_noisy,calibrated but noisy,0.6,2.10872694195,2.21416328904
calibrated_noisy,calibrated but noisy,0.616666666667,2.17063442495,2.2791661462
calibrated_noisy,calibrated but noisy,0.633333333333,2.23168787473,2.34327226847
calibrated_noisy,calibrated but noisy,0.65,2.29181988734,2.40641088171
calibrated_noisy,calibrated but noisy,0.666666666667,2.35096765544,2.46851603821
calibrated_noisy,calibrated but noisy,0.683333333333,2.40907316057,2.5295268186
calibrated_noisy,calibrated but noisy,0.7,2.46608331923,2.58938748519
calibrated_noisy,calibrated but noisy,0.716666666667,2.52195008304,2.64804758719
calibrated_noisy,calibrated but noisy,0.733333333333,2.57663049452,2.70546201925
calibrated_noisy,calibrated but noisy,0.75,2.63008669994,2.76159103494
calibrated_noisy,calibrated but noisy,0.766666666667,2.68228592171,2.8164002178
calibrated_noisy,calibrated but noisy,0.783333333333,2.73320039302,2.86986041267
calibrated_noisy,calibrated but noisy,0.8,2.78280725771,2.92194762059
calibrated_noisy,calibrated but noisy,0.816666666667,2.83108843879,2.97264286073
calibrated_noisy,calibrated but noisy,0.833333333333,2.8780304792,3.02193200316
calibrated_noisy,calibrated but noisy,0.85,2.9236243582,3.06980557611
calibrated_noisy,calibrated but noisy,0.866666666667,2.96786528741,3.11625855178
calibrated_noisy,calibrated but noisy,0.883333333333,3.01075248978,3.16129011427
calibrated_noisy,calibrated but noisy,0.9,3.05228896527,3.20490341354
calibrated_noisy,calibrated but noisy,0.916666666667,3.09248124656,3.24710530889
calibrated_noisy,calibrated but noisy,0.933333333333,3.13133914795,3.28790610535
calibrated_noisy,calibrated but noisy,0.95,3.1688755105,3.32731928602
calibrated_noisy,calibrated but noisy,0.966666666667,3.20510594614,3.36536124345
calibrated_noisy,calibrated but noisy,0.983333333333,3.24004858328,3.40205101244
calibrated_noisy,calibrated but noisy,1,3.27372381597,3.43741000677
calibrated_noisy,calibrated but noisy,1.01666666667,3.30615405883,3.47146176177
calibrated_noisy,calibrated but noisy,1.03333333333,3.33736350908,3.50423168454
calibrated_noisy,calibrated but noisy,1.05,3.36737791741,3.53574681328
calibrated_noisy,calibrated but noisy,1.06666666667,3.39622436854,3.56603558696
calibrated_noisy,calibrated but noisy,1.08333333333,3.42393107263,3.59512762626
calibrated_noisy,calibrated but noisy,1.1,3.45052716803,3.62305352643
calibrated_noisy,calibrated but noisy,1.11666666667,3.47604253598,3.64984466278
calibrated_noisy,calibrated but noisy,1.13333333333,3.50050762749,3.67553300886
calibrated_noisy,calibrated but noisy,1.15,3.52395330257,3.70015096769
calibrated_noisy,calibrated but noisy,1.16666666667,3.54641068177,3.72373121586
calibrated_noisy,calibrated but noisy,1.18333333333,3.56791100992,3.74630656041
calibrated_noisy,calibrated but noisy,1.2,3.58848553177,3.76790980836
calibrated_noisy,calibrated but noisy,1.21666666667,3.60816537927,3.78857364823
calibrated_noisy,calibrated but noisy,1.23333333333,3.62698147,3.8083305435
calibrated_noisy,calibrated but noisy,1.25,3.64496441632,3.82721263713
calibrated_noisy,calibrated but noisy,1.26666666667,3.66214444475,3.84525166699
calibrated_noisy,calibrated but noisy,1.28333333333,3.67855132498,3.86247889123
calibrated_noisy,calibrated but noisy,1.3,3.69421430798,3.87892502338
calibrated_noisy,calibrated but noisy,1.31666666667,3.70916207259,3.89462017622
calibrated_noisy,calibrated but noisy,1.33333333333,3.72342268005,3.90959381406
calibrated_noisy,calibrated but noisy,1.35,3.73702353593,3.92387471273
calibrated_noisy,calibrated but noisy,1.36666666667,3.74999135872,3.93749092666
calibrated_noisy,calibrated but noisy,1.38333333333,3.76235215471,3.95046976245
calibrated_noisy,calibrated but noisy,1.4,3.77413119856,3.96283775849
calibrated_noisy,calibrated but noisy,1.41666666667,3.78535301898,3.97462066993
calibrated_noisy,calibrated but noisy,1.43333333333,3.79604138912,3.98584345857
calibrated_noisy,calibrated but noisy,1.45,3.80621932114,3.99653028719
calibrated_noisy,calibrated but noisy,1.46666666667,3.81590906456,4.00670451778
calibrated_noisy,calibrated but noisy,1.48333333333,3.82513210794,4.01638871334
calibrated_noisy,calibrated but noisy,1.5,3.83390918354,4.02560464272
