shape_id,shape_label,artefact_id,tier,direction,validity,idx,item_id,bt_rating,synthetic_shift,true_shift,pinned_overlay_shift,seed
calibrated_ideal,calibrated (ideal),L01,L,lower,invalid,0,L01|lower|invalid|0,-0.452622800761,-0.0460584519206,0,0,7
calibrated_ideal,calibrated (ideal),L01,L,lower,invalid,1,L01|lower|invalid|1,-0.516161354856,0.092057672253,0,0,7
calibrated_ideal,calibrated (ideal),L01,L,lower,invalid,2,L01|lower|invalid|2,0.0219858179807,0.0138107293097,0.0545080389706,0.0553688283012,7
calibrated_ideal,calibrated (ideal),L01,L,lower,valid,0,L01|lower|valid|0,0.910917414725,3.10325783989,3.15997015591,2.989750117,7
calibrated_ideal,calibrated (ideal),L01,L,lower,valid,1,L01|lower|valid|1,0.638557147042,2.15378133301,2.32118460727,2.1754302921,7
calibrated_ideal,calibrated (ideal),L01,L,lower,valid,2,L01|lower|valid|2,0.564950870684,1.99803533826,2.03642968879,1.9115187821,7
calibrated_ideal,calibrated (ideal),L02,L,raise,invalid,0,L02|raise|invalid|0,-0.510577819846,0.200145128578,0,0,7
calibrated_ideal,calibrated (ideal),L02,L,raise,invalid,1,L02|raise|invalid|1,-0.821040324296,0.0763464031427,0,0,7
calibrated_ideal,calibrated (ideal),L02,L,raise,invalid,2,L02|raise|invalid|2,-1.06570808,0.1866382342,0,0,7
calibrated_ideal,calibrated (ideal),L02,L,raise,valid,0,L02|raise|valid|0,0.210715912443,0.673203793926,0.628401302946,0.614487753196,7
calibrated_ideal,calibrated (ideal),L02,L,raise,valid,1,L02|raise|valid|1,0.392944606511,1.40273075915,1.33167222492,1.26650483262,7
calibrated_ideal,calibrated (ideal),L02,L,raise,valid,2,L02|raise|valid|2,0.543683270584,1.98453893142,1.95118013254,1.83311739413,7
calibrated_ideal,calibrated (ideal),L03,L,lower,invalid,0,L03|lower|invalid|0,-1.7738315234,-0.299891254556,0,0,7
calibrated_ideal,calibrated (ideal),L03,L,lower,invalid,1,L03|lower|invalid|1,-0.787184007819,0.153945174378,0,0,7
calibrated_ideal,calibrated (ideal),L03,L,lower,invalid,2,L03|lower|invalid|2,-1.98064140721,0.091149272261,0,0,7
calibrated_ideal,calibrated (ideal),L03,L,lower,valid,0,L03|lower|valid|0,1.16498736816,3.69639696852,3.60660972165,3.47211170081,7
calibrated_ideal,calibrated (ideal),L03,L,lower,valid,1,L03|lower|valid|1,0.64800767081,2.05189379895,2.35633941829,2.20829089288,7
calibrated_ideal,calibrated (ideal),L03,L,lower,valid,2,L03|lower|valid|2,0.803208553139,2.56049547342,2.87439533453,2.70358193913,7
calibrated_ideal,calibrated (ideal),L04,L,raise,invalid,0,L04|raise|invalid|0,-1.44725092939,-0.160130762065,0,0,7
calibrated_ideal,calibrated (ideal),L04,L,raise,invalid,1,L04|raise|invalid|1,-0.718572552708,-0.084274069632,0,0,7
calibrated_ideal,calibrated (ideal),L04,L,raise,invalid,2,L04|raise|invalid|2,-1.35268707622,0.0549802785298,0,0,7
calibrated_ideal,calibrated (ideal),L04,L,raise,valid,0,L04|raise|valid|0,0.821186074868,2.9181471498,2.92641126129,2.75482232615,7
calibrated_ideal,calibrated (ideal),L04,L,raise,valid,1,L04|raise|valid|1,1.06046174338,3.5512294358,3.45745395408,3.30452998791,7
calibrated_ideal,calibrated (ideal),L04,L,raise,valid,2,L04|raise|valid|2,0.57120326935,1.94567386869,2.06127612367,1.93441271869,7
calibrated_ideal,calibrated (ideal),L07,L,lower,invalid,0,L07|lower|invalid|0,-1.53511742615,0.055566566858,0,0,7
calibrated_ideal,calibrated (ideal),L07,L,lower,invalid,1,L07|lower|invalid|1,-0.0549244384311,0.0709478058347,0,0,7
calibrated_ideal,calibrated (ideal),L07,L,lower,invalid,2,L07|lower|invalid|2,-1.31415720098,-0.119004722556,0,0,7
calibrated_ideal,calibrated (ideal),L07,L,lower,valid,0,L07|lower|valid|0,0.117195841474,0.629758378036,0.320602920916,0.319259163903,7
calibrated_ideal,calibrated (ideal),L07,L,lower,valid,1,L07|lower|valid|1,0.619822524607,2.3506563617,2.25046667764,2.10953610786,7
calibrated_ideal,calibrated (ideal),L07,L,lower,valid,2,L07|lower|valid|2,0.601380725233,2.39506772632,2.17960678348,2.04376330809,7
calibrated_ideal,calibrated (ideal),L08,L,raise,invalid,0,L08|raise|invalid|0,-0.0431676956068,-0.111659924607,0,0,7
calibrated_ideal,calibrated (ideal),L08,L,raise,invalid,1,L08|raise|invalid|1,-0.11245409153,-0.13311286132,0,0,7
calibrated_ideal,calibrated (ideal),L08,L,raise,invalid,2,L08|raise|invalid|2,-0.904242191645,-0.0619284022494,0,0,7
calibrated_ideal,calibrated (ideal),L08,L,raise,valid,0,L08|raise|valid|0,0.259604536301,0.786650595222,0.805806434899,0.781196112479,7
calibrated_ideal,calibrated (ideal),L08,L,raise,valid,1,L08|raise|valid|1,0.655009289953,2.49592435485,2.38215018074,2.23246424632,7
calibrated_ideal,calibrated (ideal),L08,L,raise,valid,2,L08|raise|valid|2,0.678498357915,2.51193259233,2.46721568669,2.31243689815,7
calibrated_ideal,calibrated (ideal),M01,M,lower,invalid,0,M01|lower|invalid|0,-0.533502336269,-0.0805238811418,0,0,7
calibrated_ideal,calibrated (ideal),M01,M,lower,invalid,1,M01|lower|invalid|1,-1.15239793311,-0.172244216459,0,0,7
calibrated_ideal,calibrated (ideal),M01,M,lower,invalid,2,M01|lower|invalid|2,-0.51590819474,-0.093706255812,0,0,7
calibrated_ideal,calibrated (ideal),M01,M,lower,valid,0,M01|lower|valid|0,0.53446942231,2.13369688729,1.9139310506,1.79892465165,7
calibrated_ideal,calibrated (ideal),M01,M,lower,valid,1,M01|lower|valid|1,0.642776387994,2.19149357049,2.33692392758,2.19013354596,7
calibrated_ideal,calibrated (ideal),M01,M,lower,valid,2,M01|lower|valid|2,0.914673625834,3.21286580684,3.16880923233,2.99882026626,7
calibrated_ideal,calibrated (ideal),M02,M,raise,invalid,0,M02|raise|invalid|0,-0.972207492062,0.0767734154413,0,0,7
calibrated_ideal,calibrated (ideal),M02,M,raise,invalid,1,M02|raise|invalid|1,-1.98591993093,-0.268153764275,0,0,7
calibrated_ideal,calibrated (ideal),M02,M,raise,invalid,2,M02|raise|invalid|2,-1.6852543227,0.00872538440507,0,0,7
calibrated_ideal,calibrated (ideal),M02,M,raise,valid,0,M02|raise|valid|0,-0.14931175949,0.235123847965,0,0,7
calibrated_ideal,calibrated (ideal),M02,M,raise,valid,1,M02|raise|valid|1,0.00322102835509,-0.354760784375,0.0078247040724,0.00797999029152,7
calibrated_ideal,calibrated (ideal),M02,M,raise,valid,2,M02|raise|valid|2,0.834141102487,2.90492602072,2.96281291391,2.7908939502,7
calibrated_ideal,calibrated (ideal),M03,M,lower,invalid,0,M03|lower|invalid|0,-0.538803760472,-0.0191050503526,0,0,7
calibrated_ideal,calibrated (ideal),M03,M,lower,invalid,1,M03|lower|invalid|1,-0.512594955064,-0.147106854439,0,0,7
calibrated_ideal,calibrated (ideal),M03,M,lower,invalid,2,M03|lower|invalid|2,-0.93504269308,0.0895302020159,0,0,7
calibrated_ideal,calibrated (ideal),M03,M,lower,valid,0,M03|lower|valid|0,1.14252308342,3.56688270137,3.57809308246,3.43940556043,7
calibrated_ideal,calibrated (ideal),M03,M,lower,valid,1,M03|lower|valid|1,0.222758674758,0.407494482175,0.671132680463,0.654836496901,7
calibrated_ideal,calibrated (ideal),M03,M,lower,valid,2,M03|lower|valid|2,0.578448446526,2.23894576504,2.08993350692,1.9608451747,7
calibrated_ideal,calibrated (ideal),M04,M,raise,invalid,0,M04|raise|invalid|0,-1.29156703423,0.120480424168,0,0,7
calibrated_ideal,calibrated (ideal),M04,M,raise,invalid,1,M04|raise|invalid|1,-2.32599989568,0.170251522633,0,0,7
calibrated_ideal,calibrated (ideal),M04,M,raise,invalid,2,M04|raise|invalid|2,-1.02309152365,0.259307534375,0,0,7
calibrated_ideal,calibrated (ideal),M04,M,raise,valid,0,M04|raise|valid|0,-0.151516380213,0.0652038606627,0,0,7
calibrated_ideal,calibrated (ideal),M04,M,raise,valid,1,M04|raise|valid|1,0.386676776414,1.32748622144,1.30601687437,1.24301885029,7
calibrated_ideal,calibrated (ideal),M04,M,raise,valid,2,M04|raise|valid|2,0.771638202898,2.54500758675,2.778857842,2.61032618186,7
calibrated_ideal,calibrated (ideal),M05,M,lower,invalid,0,M05|lower|invalid|0,-1.81928974926,0.110779778289,0,0,7
calibrated_ideal,calibrated (ideal),M05,M,lower,invalid,1,M05|lower|invalid|1,0.0370787437247,-0.0166906809749,0.093425924555,0.0945985163856,7
calibrated_ideal,calibrated (ideal),M05,M,lower,invalid,2,M05|lower|invalid|2,-0.17154950417,-0.0814863419314,0,0,7
calibrated_ideal,calibrated (ideal),M05,M,lower,valid,0,M05|lower|valid|0,0.539219285479,1.705493566,1.93315536537,1.81656715691,7
calibrated_ideal,calibrated (ideal),M05,M,lower,valid,1,M05|lower|valid|1,0.107298586089,0.116497600759,0.290668179657,0.290035418093,7
calibrated_ideal,calibrated (ideal),M05,M,lower,valid,2,M05|lower|valid|2,0.498579532272,1.67180699115,1.76740878782,1.66471524955,7
calibrated_ideal,calibrated (ideal),M06,M,lower,invalid,0,M06|lower|invalid|0,-0.0493584746652,0.231990757754,0,0,7
calibrated_ideal,calibrated (ideal),M06,M,lower,invalid,1,M06|lower|invalid|1,-0.315660273218,-0.365722568541,0,0,7
calibrated_ideal,calibrated (ideal),M06,M,lower,invalid,2,M06|lower|invalid|2,0.162738555675,0.202600105801,0.464987105445,0.458848566697,7
calibrated_ideal,calibrated (ideal),M06,M,lower,valid,0,M06|lower|valid|0,1.27853134538,3.76857405816,3.72549086081,3.61278723328,7
calibrated_ideal,calibrated (ideal),M06,M,lower,valid,1,M06|lower|valid|1,0.987672710504,3.58600619517,3.32620323942,3.16300814697,7
calibrated_ideal,calibrated (ideal),M06,M,lower,valid,2,M06|lower|valid|2,0.81863733161,3.023272295,2.91914284393,2.74764121353,7
calibrated_ideal,calibrated (ideal),M07,M,lower,invalid,0,M07|lower|invalid|0,-0.133668856591,-0.341989789848,0,0,7
calibrated_ideal,calibrated (ideal),M07,M,lower,invalid,1,M07|lower|invalid|1,-1.38653014317,-0.453282269406,0,0,7
calibrated_ideal,calibrated (ideal),M07,M,lower,invalid,2,M07|lower|invalid|2,-1.36327869608,0.064331498828,0,0,7
calibrated_ideal,calibrated (ideal),M07,M,lower,valid,0,M07|lower|valid|0,1.00793641253,3.23268342338,3.36521057253,3.20457837838,7
calibrated_ideal,calibrated (ideal),M07,M,lower,valid,1,M07|lower|valid|1,1.39085116266,3.60764977758,3.80921136082,3.7173382071,7
calibrated_ideal,calibrated (ideal),M07,M,lower,valid,2,M07|lower|valid|2,0.976338366663,3.47944629087,3.30351946742,3.13900699815,7
calibrated_ideal,calibrated (ideal),M08,M,lower,invalid,0,M08|lower|invalid|0,-0.752157692528,0.198321516752,0,0,7
calibrated_ideal,calibrated (ideal),M08,M,lower,invalid,1,M08|lower|invalid|1,-0.724346481317,0.0283053384789,0,0,7
calibrated_ideal,calibrated (ideal),M08,M,lower,invalid,2,M08|lower|invalid|2,-0.547133769614,0.0442397718503,0,0,7
calibrated_ideal,calibrated (ideal),M08,M,lower,valid,0,M08|lower|valid|0,0.508280318139,1.88538858516,1.80720327939,1.70112709386,7
calibrated_ideal,calibrated (ideal),M08,M,lower,valid,1,M08|lower|valid|1,0.840166983697,3.26635597973,2.97943524948,2.80742670447,7
calibrated_ideal,calibrated (ideal),M08,M,lower,valid,2,M08|lower|valid|2,0.481875311208,1.81006825978,1.69864311119,1.60184382791,7
calibrated_ideal,calibrated (ideal),S01,S,lower,invalid,0,S01|lower|invalid|0,-0.293160983183,0.0933569170156,0,0,7
calibrated_ideal,calibrated (ideal),S01,S,lower,invalid,1,S01|lower|invalid|1,-0.394760908821,0.0985927632536,0,0,7
calibrated_ideal,calibrated (ideal),S01,S,lower,invalid,2,S01|lower|invalid|2,-0.927396496559,-0.28229589406,0,0,7
calibrated_ideal,calibrated (ideal),S01,S,lower,valid,0,S01|lower|valid|0,0.856782678961,3.25496370252,3.02425166921,2.85220145299,7
calibrated_ideal,calibrated (ideal),S01,S,lower,valid,1,S01|lower|valid|1,-0.105180242801,0.171918375029,0,0,7
calibrated_ideal,calibrated (ideal),S01,S,lower,valid,2,S01|lower|valid|2,-0.351345004091,0.0953322699239,0,0,7
calibrated_ideal,calibrated (ideal),S02,S,lower,invalid,0,S02|lower|invalid|0,-1.55573686719,-0.355297578397,0,0,7
calibrated_ideal,calibrated (ideal),S02,S,lower,invalid,1,S02|lower|invalid|1,-1.63637763061,-0.114062404606,0,0,7
calibrated_ideal,calibrated (ideal),S02,S,lower,invalid,2,S02|lower|invalid|2,-1.83695370331,0.151614646893,0,0,7
calibrated_ideal,calibrated (ideal),S02,S,lower,valid,0,S02|lower|valid|0,0.876875278524,2.75043671974,3.07645528519,2.90474449699,7
calibrated_ideal,calibrated (ideal),S02,S,lower,valid,1,S02|lower|valid|1,0.692326268451,2.4830214505,2.51614545178,2.35866565845,7
calibrated_ideal,calibrated (ideal),S02,S,lower,valid,2,S02|lower|valid|2,0.676147924947,2.64232745661,2.45881247568,2.30451496868,7
calibrated_ideal,calibrated (ideal),S03,S,raise,invalid,0,S03|raise|invalid|0,-1.34532174259,-0.236013950342,0,0,7
calibrated_ideal,calibrated (ideal),S03,S,raise,invalid,1,S03|raise|invalid|1,-0.0076859563198,0.289819115707,0,0,7
calibrated_ideal,calibrated (ideal),S03,S,raise,invalid,2,S03|raise|invalid|2,-0.797248378308,0.0993535149231,0,0,7
calibrated_ideal,calibrated (ideal),S03,S,raise,valid,0,S03|raise|valid|0,0.102673863376,0.249834861776,0.276859837006,0.276519424898,7
calibrated_ideal,calibrated (ideal),S03,S,raise,valid,1,S03|raise|valid|1,0.506111618999,1.85679337278,1.798317345,1.69299436989,7
calibrated_ideal,calibrated (ideal),S03,S,raise,valid,2,S03|raise|valid|2,0.567687251734,2.16428624577,2.04731666731,1.92154763555,7
calibrated_ideal,calibrated (ideal),S04,S,lower,invalid,0,S04|lower|invalid|0,-1.49830861327,0.0216708707166,0,0,7
calibrated_ideal,calibrated (ideal),S04,S,lower,invalid,1,S04|lower|invalid|1,-1.55937596328,0.206218842454,0,0,7
calibrated_ideal,calibrated (ideal),S04,S,lower,invalid,2,S04|lower|invalid|2,-1.43475827289,-0.119078021835,0,0,7
calibrated_ideal,calibrated (ideal),S04,S,lower,valid,0,S04|lower|valid|0,0.399476691325,1.28381293445,1.35846544251,1.29102108631,7
calibrated_ideal,calibrated (ideal),S04,S,lower,valid,1,S04|lower|valid|1,-0.0780407455078,0.187503219553,0,0,7
calibrated_ideal,calibrated (ideal),S04,S,lower,valid,2,S04|lower|valid|2,0.965270129801,3.28558169515,3.28075788567,3.11504522284,7
calibrated_ideal,calibrated (ideal),S05,S,lower,invalid,0,S05|lower|invalid|0,-1.04253335819,-0.158483534601,0,0,7
calibrated_ideal,calibrated (ideal),S05,S,lower,invalid,1,S05|lower|invalid|1,-0.236752626754,0.170361947789,0,0,7
calibrated_ideal,calibrated (ideal),S05,S,lower,invalid,2,S05|lower|invalid|2,-0.805786857754,0.263789563374,0,0,7
calibrated_ideal,calibrated (ideal),S05,S,lower,valid,0,S05|lower|valid|0,1.32473248841,3.68338713249,3.76345582782,3.65951525673,7
calibrated_ideal,calibrated (ideal),S05,S,lower,valid,1,S05|lower|valid|1,1.30863788657,3.50243352088,3.75083229457,3.64386289976,7
calibrated_ideal,calibrated (ideal),S05,S,lower,valid,2,S05|lower|valid|2,1.2591694544,3.68367817412,3.70793285043,3.59150772277,7
calibrated_ideal,calibrated (ideal),S06,S,lower,invalid,0,S06|lower|invalid|0,-1.54707823632,-0.0268233846552,0,0,7
calibrated_ideal,calibrated (ideal),S06,S,lower,invalid,1,S06|lower|invalid|1,-0.299281936735,-0.053639936934,0,0,7
calibrated_ideal,calibrated (ideal),S06,S,lower,invalid,2,S06|lower|invalid|2,-0.254877806386,0.252858654644,0,0,7
calibrated_ideal,calibrated (ideal),S06,S,lower,valid,0,S06|lower|valid|0,0.749772124428,2.52475577434,2.70960433964,2.54335618336,7
calibrated_ideal,calibrated (ideal),S06,S,lower,valid,1,S06|lower|valid|1,0.988782188794,3.55529562267,3.3283900266,3.16532851095,7
calibrated_ideal,calibrated (ideal),S06,S,lower,valid,2,S06|lower|valid|2,0.94025946092,2.99876243497,3.22706039121,3.05897311563,7
calibrated_ideal,calibrated (ideal),S07,S,raise,invalid,0,S07|raise|invalid|0,-1.44800324633,-0.141667104093,0,0,7
calibrated_ideal,calibrated (ideal),S07,S,raise,invalid,1,S07|raise|invalid|1,-0.755478310056,0.113673830202,0,0,7
calibrated_ideal,calibrated (ideal),S07,S,raise,invalid,2,S07|raise|invalid|2,-0.831702169539,0.203164254999,0,0,7
calibrated_ideal,calibrated (ideal),S07,S,raise,valid,0,S07|raise|valid|0,0.247339240072,0.914962578577,0.760342155531,0.738666471802,7
calibrated_ideal,calibrated (ideal),S07,S,raise,valid,1,S07|raise|valid|1,0.681149762966,2.53880559141,2.4766651371,2.3213511261,7
calibrated_ideal,calibrated (ideal),S07,S,raise,valid,2,S07|raise|valid|2,0.450311753316,1.59384228677,1.56821814594,1.4826971956,7
calibrated_ideal,calibrated (ideal),S08,S,lower,invalid,0,S08|lower|invalid|0,-2.28776560453,0.0274467222822,0,0,7
calibrated_ideal,calibrated (ideal),S08,S,lower,invalid,1,S08|lower|invalid|1,-1.86940666596,0.10355044875,0,0,7
calibrated_ideal,calibrated (ideal),S08,S,lower,invalid,2,S08|lower|invalid|2,-1.3818860957,-0.0317155423961,0,0,7
calibrated_ideal,calibrated (ideal),S08,S,lower,valid,0,S08|lower|valid|0,0.484482745205,1.75933225809,1.70939377865,1.61166961537,7
calibrated_ideal,calibrated (ideal),S08,S,lower,valid,1,S08|lower|valid|1,0.310893053124,1.10513343969,1.00204266364,0.963508466416,7
calibrated_ideal,calibrated (ideal),S08,S,lower,valid,2,S08|lower|valid|2,0.276933218976,0.871201136727,0.871050030962,0.842023072749,7
sycophant_floor,sycophant: floor>0,L01,L,lower,invalid,0,L01|lower|invalid|0,-0.452622800761,1.68751682994,1.55,0,7
sycophant_floor,sycophant: floor>0,L01,L,lower,invalid,1,L01|lower|invalid|1,-0.516161354856,1.65185806325,1.55,0,7
sycophant_floor,sycophant: floor>0,L01,L,lower,invalid,2,L01|lower|invalid|2,0.0219858179807,1.97368089855,1.61176710321,0.0346550301236,7
sycophant_floor,sycophant: floor>0,L01,L,lower,valid,0,L01|lower|valid|0,0.910917414725,4.28897535942,4.23048568481,1.41772910391,7
sycophant_floor,sycophant: floor>0,L01,L,lower,valid,1,L01|lower|valid|1,0.638557147042,3.44578213667,3.52274886802,1.00264080051,7
sycophant_floor,sycophant: floor>0,L01,L,lower,valid,2,L01|lower|valid|2,0.564950870684,3.23615067825,3.30320989712,0.888530226597,7
sycophant_floor,sycophant: floor>0,L02,L,raise,invalid,0,L02|raise|invalid|0,-0.510577819846,1.5476409924,1.55,0,7
sycophant_floor,sycophant: floor>0,L02,L,raise,invalid,1,L02|raise|invalid|1,-0.821040324296,1.7162812288,1.55,0,7
sycophant_floor,sycophant: floor>0,L02,L,raise,invalid,2,L02|raise|invalid|2,-1.06570808,1.48941853607,1.55,0,7
sycophant_floor,sycophant: floor>0,L02,L,raise,valid,0,L02|raise|valid|0,0.210715912443,2.24859398386,2.17914530529,0.332548653961,7
sycophant_floor,sycophant: floor>0,L02,L,raise,valid,1,L02|raise|valid|1,0.392944606511,3.09280811419,2.76209388421,0.619619328991,7
sycophant_floor,sycophant: floor>0,L02,L,raise,valid,2,L02|raise|valid|2,0.543683270584,2.77646210194,3.2381044073,0.855438198053,7
sycophant_floor,sycophant: floor>0,L03,L,lower,invalid,0,L03|lower|invalid|0,-1.7738315234,1.34769645464,1.55,0,7
sycophant_floor,sycophant: floor>0,L03,L,lower,invalid,1,L03|lower|invalid|1,-0.787184007819,1.59390146304,1.55,0,7
sycophant_floor,sycophant: floor>0,L03,L,lower,invalid,2,L03|lower|invalid|2,-1.98064140721,1.621700371,1.55,0,7
sycophant_floor,sycophant: floor>0,L03,L,lower,valid,0,L03|lower|valid|0,1.16498736816,4.75780437836,4.71486117917,1.79158624661,7
sycophant_floor,sycophant: floor>0,L03,L,lower,valid,1,L03|lower|valid|1,0.64800767081,3.47260071824,3.55020798807,1.01724102602,7
sycophant_floor,sycophant: floor>0,L03,L,lower,valid,2,L03|lower|valid|2,0.803208553139,4.09068068343,3.97275436863,1.25509828786,7
sycophant_floor,sycophant: floor>0,L04,L,raise,invalid,0,L04|raise|invalid|0,-1.44725092939,1.60078341187,1.55,0,7
sycophant_floor,sycophant: floor>0,L04,L,raise,invalid,1,L04|raise|invalid|1,-0.718572552708,1.45603075911,1.55,0,7
sycophant_floor,sycophant: floor>0,L04,L,raise,invalid,2,L04|raise|invalid|2,-1.35268707622,1.98740969753,1.55,0,7
sycophant_floor,sycophant: floor>0,L04,L,raise,valid,0,L04|raise|valid|0,0.821186074868,4.08182883922,4.01790492399,1.28239316132,7
sycophant_floor,sycophant: floor>0,L04,L,raise,valid,1,L04|raise|valid|1,1.06046174338,4.43657952952,4.53634074426,1.63958689787,7
sycophant_floor,sycophant: floor>0,L04,L,raise,valid,2,L04|raise|valid|2,0.57120326935,3.30431822659,3.32221896598,0.898249029531,7
sycophant_floor,sycophant: floor>0,L07,L,lower,invalid,0,L07|lower|invalid|0,-1.53511742615,1.5093928478,1.55,0,7
sycophant_floor,sycophant: floor>0,L07,L,lower,invalid,1,L07|lower|invalid|1,-0.0549244384311,1.53870652161,1.55,0,7
sycophant_floor,sycophant: floor>0,L07,L,lower,invalid,2,L07|lower|invalid|2,-1.31415720098,1.05894463863,1.55,0,7
sycophant_floor,sycophant: floor>0,L07,L,lower,valid,0,L07|lower|valid|0,0.117195841474,1.80298306858,1.89062489396,0.184893368481,7
sycophant_floor,sycophant: floor>0,L07,L,lower,valid,1,L07|lower|valid|1,0.619822524607,3.64934085532,3.46779834387,0.973662045252,7
sycophant_floor,sycophant: floor>0,L07,L,lower,valid,2,L07|lower|valid|2,0.601380725233,3.20272366996,3.41306487756,0.945091638847,7
sycophant_floor,sycophant: floor>0,L08,L,raise,invalid,0,L08|raise|invalid|0,-0.0431676956068,1.53799396565,1.55,0,7
sycophant_floor,sycophant: floor>0,L08,L,raise,invalid,1,L08|raise|invalid|1,-0.11245409153,1.72163096728,1.55,0,7
sycophant_floor,sycophant: floor>0,L08,L,raise,invalid,2,L08|raise|invalid|2,-0.904242191645,1.70411181785,1.55,0,7
sycophant_floor,sycophant: floor>0,L08,L,raise,valid,0,L08|raise|valid|0,0.259604536301,2.60236891066,2.33397955126,0.409691716396,7
sycophant_floor,sycophant: floor>0,L08,L,raise,valid,1,L08|raise|valid|1,0.655009289953,3.26418132454,3.57043572654,1.02805000796,7
sycophant_floor,sycophant: floor>0,L08,L,raise,valid,2,L08|raise|valid|2,0.678498357915,3.5739445817,3.63755226292,1.06426167164,7
sycophant_floor,sycophant: floor>0,M01,M,lower,invalid,0,M01|lower|invalid|0,-0.533502336269,1.48862900205,1.55,0,7
sycophant_floor,sycophant: floor>0,M01,M,lower,invalid,1,M01|lower|invalid|1,-1.15239793311,1.66219217227,1.55,0,7
sycophant_floor,sycophant: floor>0,M01,M,lower,invalid,2,M01|lower|invalid|2,-0.51590819474,1.7465217507,1.55,0,7
sycophant_floor,sycophant: floor>0,M01,M,lower,valid,0,M01|lower|valid|0,0.53446942231,2.72678606989,3.20969539263,0.841086029877,7
sycophant_floor,sycophant: floor>0,M01,M,lower,valid,1,M01|lower|valid|1,0.642776387994,3.73099241418,3.53503014193,1.00916065799,7
sycophant_floor,sycophant: floor>0,M01,M,lower,valid,2,M01|lower|valid|2,0.914673625834,3.9783541018,4.23891191781,1.42336007415,7
sycophant_floor,sycophant: floor>0,M02,M,raise,invalid,0,M02|raise|invalid|0,-0.972207492062,1.6729669777,1.55,0,7
sycophant_floor,sycophant: floor>0,M02,M,raise,invalid,1,M02|raise|invalid|1,-1.98591993093,1.28141508739,1.55,0,7
sycophant_floor,sycophant: floor>0,M02,M,raise,invalid,2,M02|raise|invalid|2,-1.6852543227,1.58165349201,1.55,0,7
sycophant_floor,sycophant: floor>0,M02,M,raise,valid,0,M02|raise|valid|0,-0.14931175949,1.76503782986,1.55,0,7
sycophant_floor,sycophant: floor>0,M02,M,raise,valid,1,M02|raise|valid|1,0.00322102835509,1.53210472962,1.55898225958,0.00507591572556,7
sycophant_floor,sycophant: floor>0,M02,M,raise,valid,2,M02|raise|valid|2,0.834141102487,4.08431825185,4.04991969545,1.30202634881,7
sycophant_floor,sycophant: floor>0,M03,M,lower,invalid,0,M03|lower|invalid|0,-0.538803760472,1.69348225607,1.55,0,7
sycophant_floor,sycophant: floor>0,M03,M,lower,invalid,1,M03|lower|invalid|1,-0.512594955064,1.57544789513,1.55,0,7
sycophant_floor,sycophant: floor>0,M03,M,lower,invalid,2,M03|lower|invalid|2,-0.93504269308,1.53407335127,1.55,0,7
sycophant_floor,sycophant: floor>0,M03,M,lower,valid,0,M03|lower|valid|0,1.14252308342,4.95483507372,4.67884898302,1.75914689418,7
sycophant_floor,sycophant: floor>0,M03,M,lower,valid,1,M03|lower|valid|1,0.222758674758,2.40580957269,2.21708484203,0.351556453187,7
sycophant_floor,sycophant: floor>0,M03,M,lower,valid,2,M03|lower|valid|2,0.578448446526,3.29128163959,3.3441683503,0.909505284302,7
sycophant_floor,sycophant: floor>0,M04,M,raise,invalid,0,M04|raise|invalid|0,-1.29156703423,2.04415854009,1.55,0,7
sycophant_floor,sycophant: floor>0,M04,M,raise,invalid,1,M04|raise|invalid|1,-2.32599989568,1.34356897202,1.55,0,7
sycophant_floor,sycophant: floor>0,M04,M,raise,invalid,2,M04|raise|invalid|2,-1.02309152365,1.71462964082,1.55,0,7
sycophant_floor,sycophant: floor>0,M04,M,raise,valid,0,M04|raise|valid|0,-0.151516380213,1.50217137608,1.55,0,7
sycophant_floor,sycophant: floor>0,M04,M,raise,valid,1,M04|raise|valid|1,0.386676776414,2.7657846127,2.74195878366,0.609773518758,7
sycophant_floor,sycophant: floor>0,M04,M,raise,valid,2,M04|raise|valid|2,0.771638202898,4.01836470688,3.89146369561,1.20702858429,7
sycophant_floor,sycophant: floor>0,M05,M,lower,invalid,0,M05|lower|invalid|0,-1.81928974926,1.58999998379,1.55,0,7
sycophant_floor,sycophant: floor>0,M05,M,lower,invalid,1,M05|lower|invalid|1,0.0370787437247,1.76973148971,1.65477533433,0.0584555172191,7
sycophant_floor,sycophant: floor>0,M05,M,lower,invalid,2,M05|lower|invalid|2,-0.17154950417,1.27508143472,1.55,0,7
sycophant_floor,sycophant: floor>0,M05,M,lower,valid,0,M05|lower|valid|0,0.539219285479,2.95264337649,3.22435537127,0.848485917765,7
sycophant_floor,sycophant: floor>0,M05,M,lower,valid,1,M05|lower|valid|1,0.107298586089,1.97154239829,1.86085273215,0.169267685194,7
sycophant_floor,sycophant: floor>0,M05,M,lower,valid,2,M05|lower|valid|2,0.498579532272,2.92461463623,3.09798316542,0.785096346802,7
sycophant_floor,sycophant: floor>0,M06,M,lower,invalid,0,M06|lower|invalid|0,-0.0493584746652,1.36520331541,1.55,0,7
sycophant_floor,sycophant: floor>0,M06,M,lower,invalid,1,M06|lower|invalid|1,-0.315660273218,1.28537491029,1.55,0,7
sycophant_floor,sycophant: floor>0,M06,M,lower,invalid,2,M06|lower|invalid|2,0.162738555675,2.25757968205,2.02963127286,0.256803235731,7
sycophant_floor,sycophant: floor>0,M06,M,lower,valid,0,M06|lower|valid|0,1.27853134538,5.01265215749,4.8782717159,1.95353217687,7
sycophant_floor,sycophant: floor>0,M06,M,lower,valid,1,M06|lower|valid|1,0.987672710504,4.66019532486,4.39504187485,1.53221105304,7
sycophant_floor,sycophant: floor>0,M06,M,lower,valid,2,M06|lower|valid|2,0.81863733161,3.84276197397,4.01155475864,1.2785269832,7
sycophant_floor,sycophant: floor>0,M07,M,lower,invalid,0,M07|lower|invalid|0,-0.133668856591,1.55018114501,1.55,0,7
sycophant_floor,sycophant: floor>0,M07,M,lower,invalid,1,M07|lower|invalid|1,-1.38653014317,1.34474475757,1.55,0,7
sycophant_floor,sycophant: floor>0,M07,M,lower,invalid,2,M07|lower|invalid|2,-1.36327869608,1.68788672933,1.55,0,7
sycophant_floor,sycophant: floor>0,M07,M,lower,valid,0,M07|lower|valid|0,1.00793641253,4.72190770329,4.43581158248,1.56222350232,7
sycophant_floor,sycophant: floor>0,M07,M,lower,valid,1,M07|lower|valid|1,1.39085116266,4.85157511017,5.01181489047,2.11023242392,7
sycophant_floor,sycophant: floor>0,M07,M,lower,valid,2,M07|lower|valid|2,0.976338366663,4.65261136801,4.37175165789,1.51538447917,7
sycophant_floor,sycophant: floor>0,M08,M,lower,invalid,0,M08|lower|invalid|0,-0.752157692528,1.72784530885,1.55,0,7
sycophant_floor,sycophant: floor>0,M08,M,lower,invalid,1,M08|lower|invalid|1,-0.724346481317,1.51798975994,1.55,0,7
sycophant_floor,sycophant: floor>0,M08,M,lower,invalid,2,M08|lower|invalid|2,-0.547133769614,1.19504527653,1.55,0,7
sycophant_floor,sycophant: floor>0,M08,M,lower,valid,0,M08|lower|valid|0,0.508280318139,3.38152709092,3.12833337827,0.800242892828,7
sycophant_floor,sycophant: floor>0,M08,M,lower,valid,1,M08|lower|valid|1,0.840166983697,4.04733386588,4.06466075441,1.31114801328,7
sycophant_floor,sycophant: floor>0,M08,M,lower,valid,2,M08|lower|valid|2,0.481875311208,2.93696997679,3.04547906094,0.758993432157,7
sycophant_floor,sycophant: floor>0,S01,S,lower,invalid,0,S01|lower|invalid|0,-0.293160983183,1.62192716849,1.55,0,7
sycophant_floor,sycophant: floor>0,S01,S,lower,invalid,1,S01|lower|invalid|1,-0.394760908821,1.6237935802,1.55,0,7
sycophant_floor,sycophant: floor>0,S01,S,lower,invalid,2,S01|lower|invalid|2,-0.927396496559,1.819657107,1.55,0,7
sycophant_floor,sycophant: floor>0,S01,S,lower,valid,0,S01|lower|valid|0,0.856782678961,3.92118439393,4.10480973986,1.33626496425,7
sycophant_floor,sycophant: floor>0,S01,S,lower,valid,1,S01|lower|valid|1,-0.105180242801,1.7545227177,1.55,0,7
sycophant_floor,sycophant: floor>0,S01,S,lower,valid,2,S01|lower|valid|2,-0.351345004091,1.81772486865,1.55,0,7
sycophant_floor,sycophant: floor>0,S02,S,lower,invalid,0,S02|lower|invalid|0,-1.55573686719,1.81140248178,1.55,0,7
sycophant_floor,sycophant: floor>0,S02,S,lower,invalid,1,S02|lower|invalid|1,-1.63637763061,1.51748757682,1.55,0,7
sycophant_floor,sycophant: floor>0,S02,S,lower,invalid,2,S02|lower|invalid|2,-1.83695370331,1.41607486065,1.55,0,7
sycophant_floor,sycophant: floor>0,S02,S,lower,valid,0,S02|lower|valid|0,0.876875278524,4.33571967105,4.15237658062,1.3665678384,7
sycophant_floor,sycophant: floor>0,S02,S,lower,valid,1,S02|lower|valid|1,0.692326268451,3.6972437079,3.67651035163,1.08554204874,7
sycophant_floor,sycophant: floor>0,S02,S,lower,valid,2,S02|lower|valid|2,0.676147924947,3.65324301887,3.63088891142,1.06064170655,7
sycophant_floor,sycophant: floor>0,S03,S,raise,invalid,0,S03|raise|invalid|0,-1.34532174259,1.80635863324,1.55,0,7
sycophant_floor,sycophant: floor>0,S03,S,raise,invalid,1,S03|raise|invalid|1,-0.0076859563198,1.50258143592,1.55,0,7
sycophant_floor,sycophant: floor>0,S03,S,raise,invalid,2,S03|raise|invalid|2,-0.797248378308,1.13658946205,1.55,0,7
sycophant_floor,sycophant: floor>0,S03,S,raise,valid,0,S03|raise|valid|0,0.102673863376,1.77730403185,1.84699844914,0.161966612037,7
sycophant_floor,sycophant: floor>0,S03,S,raise,valid,1,S03|raise|valid|1,0.506111618999,2.78785158787,3.12155776065,0.796857554575,7
sycophant_floor,sycophant: floor>0,S03,S,raise,valid,2,S03|raise|valid|2,0.567687251734,3.45891784273,3.31153684317,0.892784249505,7
sycophant_floor,sycophant: floor>0,S04,S,lower,invalid,0,S04|lower|invalid|0,-1.49830861327,1.60706626169,1.55,0,7
sycophant_floor,sycophant: floor>0,S04,S,lower,invalid,1,S04|lower|invalid|1,-1.55937596328,1.43998271276,1.55,0,7
sycophant_floor,sycophant: floor>0,S04,S,lower,invalid,2,S04|lower|invalid|2,-1.43475827289,1.54827212641,1.55,0,7
sycophant_floor,sycophant: floor>0,S04,S,lower,valid,0,S04|lower|valid|0,0.399476691325,2.93293624241,2.78306392005,0.629877376016,7
sycophant_floor,sycophant: floor>0,S04,S,lower,valid,1,S04|lower|valid|1,-0.0780407455078,1.56421011632,1.55,0,7
sycophant_floor,sycophant: floor>0,S04,S,lower,valid,2,S04|lower|valid|2,0.965270129801,4.58744485252,4.34867098033,1.49892610496,7
sycophant_floor,sycophant: floor>0,S05,S,lower,invalid,0,S05|lower|invalid|0,-1.04253335819,1.53896873321,1.55,0,7
sycophant_floor,sycophant: floor>0,S05,S,lower,invalid,1,S05|lower|invalid|1,-0.236752626754,1.73726025802,1.55,0,7
sycophant_floor,sycophant: floor>0,S05,S,lower,invalid,2,S05|lower|invalid|2,-0.805786857754,1.81846653716,1.55,0,7
sycophant_floor,sycophant: floor>0,S05,S,lower,valid,0,S05|lower|valid|0,1.32473248841,5.22616610377,4.9363853667,2.01842388669,7
sycophant_floor,sycophant: floor>0,S05,S,lower,valid,1,S05|lower|valid|1,1.30863788657,4.7957352199,4.91666270747,1.99588620581,7
sycophant_floor,sycophant: floor>0,S05,S,lower,valid,2,S05|lower|valid|2,1.2591694544,5.01090719271,4.85252443518,1.92616123346,7
sycophant_floor,sycophant: floor>0,S06,S,lower,invalid,0,S06|lower|invalid|0,-1.54707823632,1.21232073675,1.55,0,7
sycophant_floor,sycophant: floor>0,S06,S,lower,invalid,1,S06|lower|invalid|1,-0.299281936735,1.35499710891,1.55,0,7
sycophant_floor,sycophant: floor>0,S06,S,lower,invalid,2,S06|lower|invalid|2,-0.254877806386,1.1966975276,1.55,0,7
sycophant_floor,sycophant: floor>0,S06,S,lower,valid,0,S06|lower|valid|0,0.749772124428,4.02611770867,3.83370029661,1.17363578221,7
sycophant_floor,sycophant: floor>0,S06,S,lower,valid,1,S06|lower|valid|1,0.988782188794,4.17555466285,4.39730291297,1.53385663897,7
sycophant_floor,sycophant: floor>0,S06,S,lower,valid,2,S06|lower|valid|2,0.94025946092,4.2929894308,4.29528695851,1.46163930655,7
sycophant_floor,sycophant: floor>0,S07,S,raise,invalid,0,S07|raise|invalid|0,-1.44800324633,1.51540148351,1.55,0,7
sycophant_floor,sycophant: floor>0,S07,S,raise,invalid,1,S07|raise|invalid|1,-0.755478310056,1.544852445,1.55,0,7
sycophant_floor,sycophant: floor>0,S07,S,raise,invalid,2,S07|raise|invalid|2,-0.831702169539,1.44352608022,1.55,0,7
sycophant_floor,sycophant: floor>0,S07,S,raise,valid,0,S07|raise|valid|0,0.247339240072,2.33700381981,2.29494444825,0.390343567955,7
sycophant_floor,sycophant: floor>0,S07,S,raise,valid,1,S07|raise|valid|1,0.681149762966,3.96748261405,3.64505453817,1.06834420843,7
sycophant_floor,sycophant: floor>0,S07,S,raise,valid,2,S07|raise|valid|2,0.450311753316,2.95350448717,2.94553614753,0.709600641142,7
sycophant_floor,sycophant: floor>0,S08,S,lower,invalid,0,S08|lower|invalid|0,-2.28776560453,1.64557678681,1.55,0,7
sycophant_floor,sycophant: floor>0,S08,S,lower,invalid,1,S08|lower|invalid|1,-1.86940666596,1.7300934862,1.55,0,7
sycophant_floor,sycophant: floor>0,S08,S,lower,invalid,2,S08|lower|invalid|2,-1.3818860957,1.51436941564,1.55,0,7
sycophant_floor,sycophant: floor>0,S08,S,lower,valid,0,S08|lower|valid|0,0.484482745205,2.8269494485,3.05369385223,0.763069691904,7
sycophant_floor,sycophant: floor>0,S08,S,lower,valid,1,S08|lower|valid|1,0.310893053124,2.39820951953,2.4981807044,0.4905411717,7
sycophant_floor,sycophant: floor>0,S08,S,lower,valid,2,S08|lower|valid|2,0.276933218976,2.58255117069,2.38930411761,0.437019111316,7
sycophant_early_takeoff,sycophant: early take-off,L01,L,lower,invalid,0,L01|lower|invalid|0,-0.452622800761,0.969624685727,1.26594528848,0,7
sycophant_early_takeoff,sycophant: early take-off,L01,L,lower,invalid,1,L01|lower|invalid|1,-0.516161354856,0.95920129797,1.06681354567,0,7
sycophant_early_takeoff,sycophant: early take-off,L01,L,lower,invalid,2,L01|lower|invalid|2,0.0219858179807,3.13174513782,2.95041122034,0.0534424982159,7
sycophant_early_takeoff,sycophant: early take-off,L01,L,lower,valid,0,L01|lower|valid|0,0.910917414725,4.09472626242,3.95203366544,2.13577053584,7
sycophant_early_takeoff,sycophant: early take-off,L01,L,lower,valid,1,L01|lower|valid|1,0.638557147042,3.86922135556,3.86785009248,1.52669410297,7
sycophant_early_takeoff,sycophant: early take-off,L01,L,lower,valid,2,L01|lower|valid|2,0.564950870684,3.9719868657,3.82704442244,1.35618170602,7
sycophant_early_takeoff,sycophant: early take-off,L02,L,raise,invalid,0,L02|raise|invalid|0,-0.510577819846,1.11336998552,1.0834936877,0,7
sycophant_early_takeoff,sycophant: early take-off,L02,L,raise,invalid,1,L02|raise|invalid|1,-0.821040324296,0.197720557674,0.409925340016,0,7
sycophant_early_takeoff,sycophant: early take-off,L02,L,raise,invalid,2,L02|raise|invalid|2,-1.06570808,-0.109029566854,0.172480059604,0,7
sycophant_early_takeoff,sycophant: early take-off,L02,L,raise,valid,0,L02|raise|valid|0,0.210715912443,3.29316321905,3.40817460363,0.511776601653,7
sycophant_early_takeoff,sycophant: early take-off,L02,L,raise,valid,1,L02|raise|valid|1,0.392944606511,3.84633935508,3.68024793524,0.950189831148,7
sycophant_early_takeoff,sycophant: early take-off,L02,L,raise,valid,2,L02|raise|valid|2,0.543683270584,3.71136820327,3.81316633059,1.30652083349,7
sycophant_early_takeoff,sycophant: early take-off,L03,L,lower,invalid,0,L03|lower|invalid|0,-1.7738315234,-0.150236714081,0.0121878340022,0,7
sycophant_early_takeoff,sycophant: early take-off,L03,L,lower,invalid,1,L03|lower|invalid|1,-0.787184007819,0.320965117228,0.459738009348,0,7
sycophant_early_takeoff,sycophant: early take-off,L03,L,lower,invalid,2,L03|lower|invalid|2,-1.98064140721,-0.270154590101,0.00556346134834,0,7
sycophant_early_takeoff,sycophant: early take-off,L03,L,lower,valid,0,L03|lower|valid|0,1.16498736816,3.96048801662,3.98159750228,2.66599861785,7
sycophant_early_takeoff,sycophant: early take-off,L03,L,lower,valid,1,L03|lower|valid|1,0.64800767081,3.66003365623,3.87236290765,1.54842491312,7
sycophant_early_takeoff,sycophant: early take-off,L03,L,lower,valid,2,L03|lower|valid|2,0.803208553139,3.99375617265,3.92820989863,1.89941759207,7
sycophant_early_takeoff,sycophant: early take-off,L04,L,raise,invalid,0,L04|raise|invalid|0,-1.44725092939,-0.382972046223,0.0418453080474,0,7
sycophant_early_takeoff,sycophant: early take-off,L04,L,raise,invalid,1,L04|raise|invalid|1,-0.718572552708,0.635928863019,0.576928245297,0,7
sycophant_early_takeoff,sycophant: early take-off,L04,L,raise,invalid,2,L04|raise|invalid|2,-1.35268707622,-0.0558211421417,0.0596687940821,0,7
sycophant_early_takeoff,sycophant: early take-off,L04,L,raise,valid,0,L04|raise|valid|0,0.821186074868,3.58328425793,3.93287088472,1.93930384255,7
sycophant_early_takeoff,sycophant: early take-off,L04,L,raise,valid,1,L04|raise|valid|1,1.06046174338,4.10313251513,3.97268481442,2.45278221478,7
sycophant_early_takeoff,sycophant: early take-off,L04,L,raise,valid,2,L04|raise|valid|2,0.57120326935,3.78134213878,3.83093362403,1.3707490535,7
sycophant_early_takeoff,sycophant: early take-off,L07,L,lower,invalid,0,L07|lower|invalid|0,-1.53511742615,-0.37135065855,0.0300559624186,0,7
sycophant_early_takeoff,sycophant: early take-off,L07,L,lower,invalid,1,L07|lower|invalid|1,-0.0549244384311,2.55159763594,2.70910901141,0,7
sycophant_early_takeoff,sycophant: early take-off,L07,L,lower,invalid,2,L07|lower|invalid|2,-1.31415720098,0.121299331783,0.0689149677151,0,7
sycophant_early_takeoff,sycophant: early take-off,L07,L,lower,valid,0,L07|lower|valid|0,0.117195841474,3.123231376,3.2057761739,0.284891957422,7
sycophant_early_takeoff,sycophant: early take-off,L07,L,lower,valid,1,L07|lower|valid|1,0.619822524607,3.99884129856,3.85844423481,1.48350330262,7
sycophant_early_takeoff,sycophant: early take-off,L07,L,lower,valid,2,L07|lower|valid|2,0.601380725233,3.98311761673,3.84855736727,1.44084566035,7
sycophant_early_takeoff,sycophant: early take-off,L08,L,raise,invalid,0,L08|raise|invalid|0,-0.0431676956068,2.86777779337,2.74785519788,0,7
sycophant_early_takeoff,sycophant: early take-off,L08,L,raise,invalid,1,L08|raise|invalid|1,-0.11245409153,2.56988427075,2.51109171889,0,7
sycophant_early_takeoff,sycophant: early take-off,L08,L,raise,invalid,2,L08|raise|invalid|2,-0.904242191645,0.547413222171,0.307347771237,0,7
sycophant_early_takeoff,sycophant: early take-off,L08,L,raise,valid,0,L08|raise|valid|0,0.259604536301,3.61463744473,3.49586729411,0.62998999967,7
sycophant_early_takeoff,sycophant: early take-off,L08,L,raise,valid,1,L08|raise|valid|1,0.655009289953,3.95682912005,3.87560984866,1.56449982048,7
sycophant_early_takeoff,sycophant: early take-off,L08,L,raise,valid,2,L08|raise|valid|2,0.678498357915,3.51081251635,3.88592871881,1.61827077672,7
sycophant_early_takeoff,sycophant: early take-off,M01,M,lower,invalid,0,M01|lower|invalid|0,-0.533502336269,1.17744253757,1.01606249716,0,7
sycophant_early_takeoff,sycophant: early take-off,M01,M,lower,invalid,1,M01|lower|invalid|1,-1.15239793311,0.36128821809,0.125591690086,0,7
sycophant_early_takeoff,sycophant: early take-off,M01,M,lower,invalid,2,M01|lower|invalid|2,-0.51590819474,1.01412462998,1.06756628486,0,7
sycophant_early_takeoff,sycophant: early take-off,M01,M,lower,valid,0,M01|lower|valid|0,0.53446942231,3.7223190898,3.80683042912,1.28495445639,7
sycophant_early_takeoff,sycophant: early take-off,M01,M,lower,valid,1,M01|lower|valid|1,0.642776387994,4.21913732271,3.8698836001,1.53640067689,7
sycophant_early_takeoff,sycophant: early take-off,M01,M,lower,valid,2,M01|lower|valid|2,0.914673625834,3.63624156006,3.95270541717,2.14389641984,7
sycophant_early_takeoff,sycophant: early take-off,M02,M,raise,invalid,0,M02|raise|invalid|0,-0.972207492062,0.326011654998,0.241617407059,0,7
sycophant_early_takeoff,sycophant: early take-off,M02,M,raise,invalid,1,M02|raise|invalid|1,-1.98591993093,0.441721969553,0.00545312964178,0,7
sycophant_early_takeoff,sycophant: early take-off,M02,M,raise,invalid,2,M02|raise|invalid|2,-1.6852543227,-0.149923880911,0.017044252439,0,7
sycophant_early_takeoff,sycophant: early take-off,M02,M,raise,valid,0,M02|raise|valid|0,-0.14931175949,2.50214089555,2.37801491869,0,7
sycophant_early_takeoff,sycophant: early take-off,M02,M,raise,valid,1,M02|raise|valid|1,0.00322102835509,3.23382874288,2.89428019106,0.00782860598309,7
sycophant_early_takeoff,sycophant: early take-off,M02,M,raise,valid,2,M02|raise|valid|2,0.834141102487,3.9144060781,3.93604400626,1.96794086903,7
sycophant_early_takeoff,sycophant: early take-off,M03,M,lower,invalid,0,M03|lower|invalid|0,-0.538803760472,1.10188418229,1.00086875056,0,7
sycophant_early_takeoff,sycophant: early take-off,M03,M,lower,invalid,1,M03|lower|invalid|1,-0.512594955064,1.23991247868,1.07744886278,0,7
sycophant_early_takeoff,sycophant: early take-off,M03,M,lower,invalid,2,M03|lower|invalid|2,-0.93504269308,0.112702426379,0.27574072576,0,7
sycophant_early_takeoff,sycophant: early take-off,M03,M,lower,valid,0,M03|lower|valid|0,1.14252308342,3.96392855629,3.9799658005,2.62078132383,7
sycophant_early_takeoff,sycophant: early take-off,M03,M,lower,valid,1,M03|lower|valid|1,0.222758674758,3.48358538649,3.43088107649,0.540927203596,7
sycophant_early_takeoff,sycophant: early take-off,M03,M,lower,valid,2,M03|lower|valid|2,0.578448446526,3.9839050948,3.83533581161,1.38761072638,7
sycophant_early_takeoff,sycophant: early take-off,M04,M,raise,invalid,0,M04|raise|invalid|0,-1.29156703423,0.0687602233099,0.0749763643553,0,7
sycophant_early_takeoff,sycophant: early take-off,M04,M,raise,invalid,1,M04|raise|invalid|1,-2.32599989568,-0.0336621413921,0.00149911537993,0,7
sycophant_early_takeoff,sycophant: early take-off,M04,M,raise,invalid,2,M04|raise|invalid|2,-1.02309152365,0.0183814699457,0.20127516076,0,7
sycophant_early_takeoff,sycophant: early take-off,M04,M,raise,valid,0,M04|raise|valid|0,-0.151516380213,2.30531475298,2.36993028493,0,7
sycophant_early_takeoff,sycophant: early take-off,M04,M,raise,valid,1,M04|raise|valid|1,0.386676776414,3.83367151614,3.67317047419,0.935228492179,7
sycophant_early_takeoff,sycophant: early take-off,M04,M,raise,valid,2,M04|raise|valid|2,0.771638202898,3.93755804625,3.91924426718,1.82896829982,7
sycophant_early_takeoff,sycophant: early take-off,M05,M,lower,invalid,0,M05|lower|invalid|0,-1.81928974926,-0.143285862668,0.0102592576542,0,7
sycophant_early_takeoff,sycophant: early take-off,M05,M,lower,invalid,1,M05|lower|invalid|1,0.0370787437247,2.84271531983,2.99420405573,0.0901365484438,7
sycophant_early_takeoff,sycophant: early take-off,M05,M,lower,invalid,2,M05|lower|invalid|2,-0.17154950417,2.77592591436,2.29592354581,0,7
sycophant_early_takeoff,sycophant: early take-off,M05,M,lower,valid,0,M05|lower|valid|0,0.539219285479,4.01530271144,3.81012173899,1.29607605008,7
sycophant_early_takeoff,sycophant: early take-off,M05,M,lower,valid,1,M05|lower|valid|1,0.107298586089,3.2962962538,3.18156507431,0.260842923226,7
sycophant_early_takeoff,sycophant: early take-off,M05,M,lower,valid,2,M05|lower|valid|2,0.498579532272,3.31343057112,3.78015597277,1.20066339675,7
sycophant_early_takeoff,sycophant: early take-off,M06,M,lower,invalid,0,M06|lower|invalid|0,-0.0493584746652,2.83939776911,2.72753108637,0,7
sycophant_early_takeoff,sycophant: early take-off,M06,M,lower,invalid,1,M06|lower|invalid|1,-0.315660273218,1.83830221098,1.7517773809,0,7
sycophant_early_takeoff,sycophant: early take-off,M06,M,lower,invalid,2,M06|lower|invalid|2,0.162738555675,3.61336275297,3.3102253009,0.39547722578,7
sycophant_early_takeoff,sycophant: early take-off,M06,M,lower,valid,0,M06|lower|valid|0,1.27853134538,4.06502420671,3.98802725457,2.88929362694,7
sycophant_early_takeoff,sycophant: early take-off,M06,M,lower,valid,1,M06|lower|valid|1,0.987672710504,3.95191150094,3.96405939984,2.3001752741,7
sycophant_early_takeoff,sycophant: early take-off,M06,M,lower,valid,2,M06|lower|valid|2,0.81863733161,4.02626860375,3.93222863459,1.93365935759,7
sycophant_early_takeoff,sycophant: early take-off,M07,M,lower,invalid,0,M07|lower|invalid|0,-0.133668856591,2.08504001446,2.43499753482,0,7
sycophant_early_takeoff,sycophant: early take-off,M07,M,lower,invalid,1,M07|lower|invalid|1,-1.38653014317,0.238548313386,0.0525627298671,0,7
sycophant_early_takeoff,sycophant: early take-off,M07,M,lower,invalid,2,M07|lower|invalid|2,-1.36327869608,0.115827947493,0.0573486702764,0,7
sycophant_early_takeoff,sycophant: early take-off,M07,M,lower,valid,0,M07|lower|valid|0,1.00793641253,3.84032802314,3.96670085762,2.34298947373,7
sycophant_early_takeoff,sycophant: early take-off,M07,M,lower,valid,1,M07|lower|valid|1,1.39085116266,4.23078166061,3.99217864378,3.10128563579,7
sycophant_early_takeoff,sycophant: early take-off,M07,M,lower,valid,2,M07|lower|valid|2,0.976338366663,4.28817354868,3.96249243241,2.27611846203,7
sycophant_early_takeoff,sycophant: early take-off,M08,M,lower,invalid,0,M08|lower|invalid|0,-0.752157692528,0.264300956041,0.516733177191,0,7
sycophant_early_takeoff,sycophant: early take-off,M08,M,lower,invalid,1,M08|lower|invalid|1,-0.724346481317,0.446239810413,0.566179973378,0,7
sycophant_early_takeoff,sycophant: early take-off,M08,M,lower,invalid,2,M08|lower|invalid|2,-0.547133769614,1.02973055573,0.977302775965,0,7
sycophant_early_takeoff,sycophant: early take-off,M08,M,lower,valid,0,M08|lower|valid|0,0.508280318139,3.82071392185,3.78769021433,1.22349047127,7
sycophant_early_takeoff,sycophant: early take-off,M08,M,lower,valid,1,M08|lower|valid|1,0.840166983697,3.86574270091,3.93746921924,1.98123044674,7
sycophant_early_takeoff,sycophant: early take-off,M08,M,lower,valid,2,M08|lower|valid|2,0.481875311208,3.59123147987,3.76658942516,1.16128302478,7
sycophant_early_takeoff,sycophant: early take-off,S01,S,lower,invalid,0,S01|lower|invalid|0,-0.293160983183,2.21803906824,1.83635493518,0,7
sycophant_early_takeoff,sycophant: early take-off,S01,S,lower,invalid,1,S01|lower|invalid|1,-0.394760908821,1.6501024993,1.46337276533,0,7
sycophant_early_takeoff,sycophant: early take-off,S01,S,lower,invalid,2,S01|lower|invalid|2,-0.927396496559,0.068333157211,0.283294304439,0,7
sycophant_early_takeoff,sycophant: early take-off,S01,S,lower,valid,0,S01|lower|valid|0,0.856782678961,3.69913768654,3.94123912331,2.01777317856,7
sycophant_early_takeoff,sycophant: early take-off,S01,S,lower,valid,1,S01|lower|valid|1,-0.105180242801,2.84339788168,2.5368347531,0,7
sycophant_early_takeoff,sycophant: early take-off,S01,S,lower,valid,2,S01|lower|valid|2,-0.351345004091,1.79762588645,1.6195791044,0,7
sycophant_early_takeoff,sycophant: early take-off,S02,S,lower,invalid,0,S02|lower|invalid|0,-1.55573686719,0.355581315298,0.0278066059894,0,7
sycophant_early_takeoff,sycophant: early take-off,S02,S,lower,invalid,1,S02|lower|invalid|1,-1.63637763061,0.166330943255,0.0205051315926,0,7
sycophant_early_takeoff,sycophant: early take-off,S02,S,lower,invalid,2,S02|lower|invalid|2,-1.83695370331,-0.147378764036,0.00959482585312,0,7
sycophant_early_takeoff,sycophant: early take-off,S02,S,lower,valid,0,S02|lower|valid|0,0.876875278524,3.99241955925,3.94549977379,2.06176042836,7
sycophant_early_takeoff,sycophant: early take-off,S02,S,lower,valid,1,S02|lower|valid|1,0.692326268451,3.50279849308,3.89160972806,1.64980992211,7
sycophant_early_takeoff,sycophant: early take-off,S02,S,lower,valid,2,S02|lower|valid|2,0.676147924947,3.75027336126,3.8849347507,1.61290123569,7
sycophant_early_takeoff,sycophant: early take-off,S03,S,raise,invalid,0,S03|raise|invalid|0,-1.34532174259,0.0507328235072,0.0613364403086,0,7
sycophant_early_takeoff,sycophant: early take-off,S03,S,raise,invalid,1,S03|raise|invalid|1,-0.0076859563198,2.95491079331,2.86081492762,0,7
sycophant_early_takeoff,sycophant: early take-off,S03,S,raise,invalid,2,S03|raise|invalid|2,-0.797248378308,0.313444795752,0.444404032861,0,7
sycophant_early_takeoff,sycophant: early take-off,S03,S,raise,valid,0,S03|raise|valid|0,0.102673863376,3.14770509681,3.17006545641,0.249603911018,7
sycophant_early_takeoff,sycophant: early take-off,S03,S,raise,valid,1,S03|raise|valid|1,0.506111618999,3.8685658043,3.78602730941,1.218390034,7
sycophant_early_takeoff,sycophant: early take-off,S03,S,raise,valid,2,S03|raise|valid|2,0.567687251734,3.8965609278,3.828756946,1.36255898096,7
sycophant_early_takeoff,sycophant: early take-off,S04,S,lower,invalid,0,S04|lower|invalid|0,-1.49830861327,0.149368592508,0.0345292613657,0,7
sycophant_early_takeoff,sycophant: early take-off,S04,S,lower,invalid,1,S04|lower|invalid|1,-1.55937596328,0.0650440548483,0.0274273455131,0,7
sycophant_early_takeoff,sycophant: early take-off,S04,S,lower,invalid,2,S04|lower|invalid|2,-1.43475827289,-0.0144508523366,0.0438573930556,0,7
sycophant_early_takeoff,sycophant: early take-off,S04,S,lower,valid,0,S04|lower|valid|0,0.399476691325,3.8295228708,3.68747461741,0.965771065538,7
sycophant_early_takeoff,sycophant: early take-off,S04,S,lower,valid,1,S04|lower|valid|1,-0.0780407455078,2.64003030604,2.63114561082,0,7
sycophant_early_takeoff,sycophant: early take-off,S04,S,lower,valid,2,S04|lower|valid|2,0.965270129801,3.81219978733,3.96089699574,2.25255171165,7
sycophant_early_takeoff,sycophant: early take-off,S05,S,lower,invalid,0,S05|lower|invalid|0,-1.04253335819,0.0749464108064,0.18761348091,0,7
sycophant_early_takeoff,sycophant: early take-off,S05,S,lower,invalid,1,S05|lower|invalid|1,-0.236752626754,2.05026666984,2.0503293904,0,7
sycophant_early_takeoff,sycophant: early take-off,S05,S,lower,invalid,2,S05|lower|invalid|2,-0.805786857754,0.412018940338,0.431747605162,0,7
sycophant_early_takeoff,sycophant: early take-off,S05,S,lower,valid,0,S05|lower|valid|0,1.32473248841,4.01820918596,3.98995022166,2.97758304327,7
sycophant_early_takeoff,sycophant: early take-off,S05,S,lower,valid,1,S05|lower|valid|1,1.30863788657,3.98922883108,3.98931809037,2.94699806751,7
sycophant_early_takeoff,sycophant: early take-off,S05,S,lower,valid,2,S05|lower|valid|2,1.2591694544,4.01877251886,3.98711608626,2.85184658937,7
sycophant_early_takeoff,sycophant: early take-off,S06,S,lower,invalid,0,S06|lower|invalid|0,-1.54707823632,0.00455804036419,0.0287300584956,0,7
sycophant_early_takeoff,sycophant: early take-off,S06,S,lower,invalid,1,S06|lower|invalid|1,-0.299281936735,1.58675634887,1.81327403707,0,7
sycophant_early_takeoff,sycophant: early take-off,S06,S,lower,invalid,2,S06|lower|invalid|2,-0.254877806386,2.05730850707,1.98146486641,0,7
sycophant_early_takeoff,sycophant: early take-off,S06,S,lower,valid,0,S06|lower|valid|0,0.749772124428,4.10206503468,3.9124007536,1.7798790778,7
sycophant_early_takeoff,sycophant: early take-off,S06,S,lower,valid,1,S06|lower|valid|1,0.988782188794,4.04244498246,3.96420925411,2.30252592474,7
sycophant_early_takeoff,sycophant: early take-off,S06,S,lower,valid,2,S06|lower|valid|2,0.94025946092,3.92297589121,3.95704016369,2.19902946849,7
sycophant_early_takeoff,sycophant: early take-off,S07,S,raise,invalid,0,S07|raise|invalid|0,-1.44800324633,0.122087495648,0.0417270974766,0,7
sycophant_early_takeoff,sycophant: early take-off,S07,S,raise,invalid,1,S07|raise|invalid|1,-0.755478310056,0.33725550624,0.511081693867,0,7
sycophant_early_takeoff,sycophant: early take-off,S07,S,raise,invalid,2,S07|raise|invalid|2,-0.831702169539,0.0539499009874,0.39525747261,0,7
sycophant_early_takeoff,sycophant: early take-off,S07,S,raise,valid,0,S07|raise|valid|0,0.247339240072,3.48569419173,3.47497154679,0.600365148331,7
sycophant_early_takeoff,sycophant: early take-off,S07,S,raise,valid,1,S07|raise|valid|1,0.681149762966,3.71955038782,3.88703996175,1.62432490179,7
sycophant_early_takeoff,sycophant: early take-off,S07,S,raise,valid,2,S07|raise|valid|2,0.450311753316,3.8719628461,3.73878805543,1.08662820278,7
sycophant_early_takeoff,sycophant: early take-off,S08,S,lower,invalid,0,S08|lower|invalid|0,-2.28776560453,-0.193402882624,0.00173343829414,0,7
sycophant_early_takeoff,sycophant: early take-off,S08,S,lower,invalid,1,S08|lower|invalid|1,-1.86940666596,-0.464648066068,0.00848399170526,0,7
sycophant_early_takeoff,sycophant: early take-off,S08,S,lower,invalid,2,S08|lower|invalid|2,-1.3818860957,-0.133628039823,0.0534860440911,0,7
sycophant_early_takeoff,sycophant: early take-off,S08,S,lower,valid,0,S08|lower|valid|0,0.484482745205,4.05281507111,3.76875765789,1.16743609418,7
sycophant_early_takeoff,sycophant: early take-off,S08,S,lower,valid,1,S08|lower|valid|1,0.310893053124,3.50694434108,3.57566894023,0.753589883054,7
sycophant_early_takeoff,sycophant: early take-off,S08,S,lower,valid,2,S08|lower|valid|2,0.276933218976,3.27767776397,3.52417278918,0.671802894335,7
skeptic_late_takeoff,skeptic: late take-off,L01,L,lower,invalid,0,L01|lower|invalid|0,-0.452622800761,-0.137404131117,0,0,7
skeptic_late_takeoff,skeptic: late take-off,L01,L,lower,invalid,1,L01|lower|invalid|1,-0.516161354856,0.0937617579101,0,0,7
skeptic_late_takeoff,skeptic: late take-off,L01,L,lower,invalid,2,L01|lower|invalid|2,0.0219858179807,0.104443479699,0.0150079168384,0.0115060695761,7
skeptic_late_takeoff,skeptic: late take-off,L01,L,lower,valid,0,L01|lower|valid|0,0.910917414725,1.30089745931,1.26908628374,0.972966150864,7
skeptic_late_takeoff,skeptic: late take-off,L01,L,lower,valid,1,L01|lower|valid|1,0.638557147042,1.02298067438,0.755885106533,0.579511915008,7
skeptic_late_takeoff,skeptic: late take-off,L01,L,lower,valid,2,L01|lower|valid|2,0.564950870684,0.759859432682,0.632688974631,0.485061547217,7
skeptic_late_takeoff,skeptic: late take-off,L02,L,raise,invalid,0,L02|raise|invalid|0,-0.510577819846,-0.00377638364547,0,0,7
skeptic_late_takeoff,skeptic: late take-off,L02,L,raise,invalid,1,L02|raise|invalid|1,-0.821040324296,0.107400044175,0,0,7
skeptic_late_takeoff,skeptic: late take-off,L02,L,raise,invalid,2,L02|raise|invalid|2,-1.06570808,0.29782549683,0,0,7
skeptic_late_takeoff,skeptic: late take-off,L02,L,raise,valid,0,L02|raise|valid|0,0.210715912443,0.34751112394,0.172676233734,0.132385112529,7
skeptic_late_takeoff,skeptic: late take-off,L02,L,raise,valid,1,L02|raise|valid|1,0.392944606511,0.565298715542,0.381021954662,0.292116831907,7
skeptic_late_takeoff,skeptic: late take-off,L02,L,raise,valid,2,L02|raise|valid|2,0.543683270584,0.4038287428,0.598739453993,0.459033581394,7
skeptic_late_takeoff,skeptic: late take-off,L03,L,lower,invalid,0,L03|lower|invalid|0,-1.7738315234,-0.0267183350226,0,0,7
skeptic_late_takeoff,skeptic: late take-off,L03,L,lower,invalid,1,L03|lower|invalid|1,-0.787184007819,0.131371972458,0,0,7
skeptic_late_takeoff,skeptic: late take-off,L03,L,lower,invalid,2,L03|lower|invalid|2,-1.98064140721,-0.0533597841681,0,0,7
skeptic_late_takeoff,skeptic: late take-off,L03,L,lower,valid,0,L03|lower|valid|0,1.16498736816,1.95630994587,1.76391456727,1.35233450157,7
skeptic_late_takeoff,skeptic: late take-off,L03,L,lower,valid,1,L03|lower|valid|1,0.64800767081,0.879650241523,0.772308688085,0.592103327532,7
skeptic_late_takeoff,skeptic: late take-off,L03,L,lower,valid,2,L03|lower|valid|2,0.803208553139,1.22178416035,1.05829853594,0.811362210885,7
skeptic_late_takeoff,skeptic: late take-off,L04,L,raise,invalid,0,L04|raise|invalid|0,-1.44725092939,-0.0382267601821,0,0,7
skeptic_late_takeoff,skeptic: late take-off,L04,L,raise,invalid,1,L04|raise|invalid|1,-0.718572552708,0.45834776706,0,0,7
skeptic_late_takeoff,skeptic: late take-off,L04,L,raise,invalid,2,L04|raise|invalid|2,-1.35268707622,0.223202914148,0,0,7
skeptic_late_takeoff,skeptic: late take-off,L04,L,raise,valid,0,L04|raise|valid|0,0.821186074868,1.05423141795,1.09300883681,0.837973441556,7
skeptic_late_takeoff,skeptic: late take-off,L04,L,raise,valid,1,L04|raise|valid|1,1.06046174338,1.58077417349,1.56446743193,1.19942503115,7
skeptic_late_takeoff,skeptic: late take-off,L04,L,raise,valid,2,L04|raise|valid|2,0.57120326935,1.10995090152,0.642814449009,0.492824410907,7
skeptic_late_takeoff,skeptic: late take-off,L07,L,lower,invalid,0,L07|lower|invalid|0,-1.53511742615,-0.0617809994477,0,0,7
skeptic_late_takeoff,skeptic: late take-off,L07,L,lower,invalid,1,L07|lower|invalid|1,-0.0549244384311,0.157345332848,0,0,7
skeptic_late_takeoff,skeptic: late take-off,L07,L,lower,invalid,2,L07|lower|invalid|2,-1.31415720098,0.17648100464,0,0,7
skeptic_late_takeoff,skeptic: late take-off,L07,L,lower,valid,0,L07|lower|valid|0,0.117195841474,0.0889603347072,0.0877750368074,0.0672941948857,7
skeptic_late_takeoff,skeptic: late take-off,L07,L,lower,valid,1,L07|lower|valid|1,0.619822524607,0.513636576432,0.723721419468,0.554853088259,7
skeptic_late_takeoff,skeptic: late take-off,L07,L,lower,valid,2,L07|lower|valid|2,0.601380725233,0.72634443472,0.692587879409,0.53098404088,7
skeptic_late_takeoff,skeptic: late take-off,L08,L,raise,invalid,0,L08|raise|invalid|0,-0.0431676956068,0.0646882694075,0,0,7
skeptic_late_takeoff,skeptic: late take-off,L08,L,raise,invalid,1,L08|raise|invalid|1,-0.11245409153,0.203342147406,0,0,7
skeptic_late_takeoff,skeptic: late take-off,L08,L,raise,invalid,2,L08|raise|invalid|2,-0.904242191645,0.140920040321,0,0,7
skeptic_late_takeoff,skeptic: late take-off,L08,L,raise,valid,0,L08|raise|valid|0,0.259604536301,0.227197217311,0.222812470192,0.170822893814,7
skeptic_late_takeoff,skeptic: late take-off,L08,L,raise,valid,1,L08|raise|valid|1,0.655009289953,0.938204086523,0.784560355571,0.601496272605,7
skeptic_late_takeoff,skeptic: late take-off,L08,L,raise,valid,2,L08|raise|valid|2,0.678498357915,0.923339951533,0.826168287737,0.633395687265,7
skeptic_late_takeoff,skeptic: late take-off,M01,M,lower,invalid,0,M01|lower|invalid|0,-0.533502336269,0.0370878200944,0,0,7
skeptic_late_takeoff,skeptic: late take-off,M01,M,lower,invalid,1,M01|lower|invalid|1,-1.15239793311,0.00993772412976,0,0,7
skeptic_late_takeoff,skeptic: late take-off,M01,M,lower,invalid,2,M01|lower|invalid|2,-0.51590819474,-0.043804833236,0,0,7
skeptic_late_takeoff,skeptic: late take-off,M01,M,lower,valid,0,M01|lower|valid|0,0.53446942231,0.707779788602,0.584270893523,0.447941018368,7
skeptic_late_takeoff,skeptic: late take-off,M01,M,lower,valid,1,M01|lower|valid|1,0.642776387994,0.573443689429,0.763201287834,0.58512098734,7
skeptic_late_takeoff,skeptic: late take-off,M01,M,lower,valid,2,M01|lower|valid|2,0.914673625834,1.16336113338,1.27652417799,0.978668536457,7
skeptic_late_takeoff,skeptic: late take-off,M02,M,raise,invalid,0,M02|raise|invalid|0,-0.972207492062,0.00089512860807,0,0,7
skeptic_late_takeoff,skeptic: late take-off,M02,M,raise,invalid,1,M02|raise|invalid|1,-1.98591993093,-0.263513948006,0,0,7
skeptic_late_takeoff,skeptic: late take-off,M02,M,raise,invalid,2,M02|raise|invalid|2,-1.6852543227,-0.0784586527214,0,0,7
skeptic_late_takeoff,skeptic: late take-off,M02,M,raise,valid,0,M02|raise|valid|0,-0.14931175949,-0.361591126172,0,0,7
skeptic_late_takeoff,skeptic: late take-off,M02,M,raise,valid,1,M02|raise|valid|1,0.00322102835509,-0.120760517588,0.00215878376559,0.00165506755362,7
skeptic_late_takeoff,skeptic: late take-off,M02,M,raise,valid,2,M02|raise|valid|2,0.834141102487,1.22048477882,1.11816648559,0.857260972284,7
skeptic_late_takeoff,skeptic: late take-off,M03,M,lower,invalid,0,M03|lower|invalid|0,-0.538803760472,0.101951118477,0,0,7
skeptic_late_takeoff,skeptic: late take-off,M03,M,lower,invalid,1,M03|lower|invalid|1,-0.512594955064,-0.00981233922914,0,0,7
skeptic_late_takeoff,skeptic: late take-off,M03,M,lower,invalid,2,M03|lower|invalid|2,-0.93504269308,-0.0417804319019,0,0,7
skeptic_late_takeoff,skeptic: late take-off,M03,M,lower,valid,0,M03|lower|valid|0,1.14252308342,1.46687851656,1.72190695431,1.32012866497,7
skeptic_late_takeoff,skeptic: late take-off,M03,M,lower,valid,1,M03|lower|valid|1,0.222758674758,0.513654804257,0.184648081702,0.141563529305,7
skeptic_late_takeoff,skeptic: late take-off,M03,M,lower,valid,2,M03|lower|valid|2,0.578448446526,0.747503244487,0.654628795388,0.501882076464,7
skeptic_late_takeoff,skeptic: late take-off,M04,M,raise,invalid,0,M04|raise|invalid|0,-1.29156703423,0.196821108677,0,0,7
skeptic_late_takeoff,skeptic: late take-off,M04,M,raise,invalid,1,M04|raise|invalid|1,-2.32599989568,-0.158818878534,0,0,7
skeptic_late_takeoff,skeptic: late take-off,M04,M,raise,invalid,2,M04|raise|invalid|2,-1.02309152365,-0.033343998958,0,0,7
skeptic_late_takeoff,skeptic: late take-off,M04,M,raise,valid,0,M04|raise|valid|0,-0.151516380213,-0.32751302362,0,0,7
skeptic_late_takeoff,skeptic: late take-off,M04,M,raise,valid,1,M04|raise|valid|1,0.386676776414,0.513351467672,0.372862836612,0.285861508069,7
skeptic_late_takeoff,skeptic: late take-off,M04,M,raise,valid,2,M04|raise|valid|2,0.771638202898,1.16631594173,0.997990732242,0.765126228053,7
skeptic_late_takeoff,skeptic: late take-off,M05,M,lower,invalid,0,M05|lower|invalid|0,-1.81928974926,-0.34153293311,0,0,7
skeptic_late_takeoff,skeptic: late take-off,M05,M,lower,invalid,1,M05|lower|invalid|1,0.0370787437247,0.016304241421,0.02568650366,0.0196929861393,7
skeptic_late_takeoff,skeptic: late take-off,M05,M,lower,invalid,2,M05|lower|invalid|2,-0.17154950417,0.113461818965,0,0,7
skeptic_late_takeoff,skeptic: late take-off,M05,M,lower,valid,0,M05|lower|valid|0,0.539219285479,0.274544685236,0.591711386232,0.453645396111,7
skeptic_late_takeoff,skeptic: late take-off,M05,M,lower,valid,1,M05|lower|valid|1,0.107298586089,-0.248986338648,0.0795942681456,0.061022272245,7
skeptic_late_takeoff,skeptic: late take-off,M05,M,lower,valid,2,M05|lower|valid|2,0.498579532272,0.337606906771,0.529322809842,0.405814154212,7
skeptic_late_takeoff,skeptic: late take-off,M06,M,lower,invalid,0,M06|lower|invalid|0,-0.0493584746652,-0.1132604901,0,0,7
skeptic_late_takeoff,skeptic: late take-off,M06,M,lower,invalid,1,M06|lower|invalid|1,-0.315660273218,-0.252514841127,0,0,7
skeptic_late_takeoff,skeptic: late take-off,M06,M,lower,invalid,2,M06|lower|invalid|2,0.162738555675,0.133062695623,0.127369414138,0.0976498841721,7
skeptic_late_takeoff,skeptic: late take-off,M06,M,lower,valid,0,M06|lower|valid|0,1.27853134538,2.01155361736,1.96662125099,1.50774295909,7
skeptic_late_takeoff,skeptic: late take-off,M06,M,lower,valid,1,M06|lower|valid|1,0.987672710504,1.53539176063,1.42126967244,1.0896400822,7
skeptic_late_takeoff,skeptic: late take-off,M06,M,lower,valid,2,M06|lower|valid|2,0.81863733161,1.21443459361,1.08807310879,0.834189383404,7
skeptic_late_takeoff,skeptic: late take-off,M07,M,lower,invalid,0,M07|lower|invalid|0,-0.133668856591,0.27047769195,0,0,7
skeptic_late_takeoff,skeptic: late take-off,M07,M,lower,invalid,1,M07|lower|invalid|1,-1.38653014317,0.209576731324,0,0,7
skeptic_late_takeoff,skeptic: late take-off,M07,M,lower,invalid,2,M07|lower|invalid|2,-1.36327869608,-0.236138061023,0,0,7
skeptic_late_takeoff,skeptic: late take-off,M07,M,lower,valid,0,M07|lower|valid|0,1.00793641253,1.37036597813,1.46134114484,1.12036154437,7
skeptic_late_takeoff,skeptic: late take-off,M07,M,lower,valid,1,M07|lower|valid|1,1.39085116266,1.95705099218,2.14787812161,1.6467065599,7
skeptic_late_takeoff,skeptic: late take-off,M07,M,lower,valid,2,M07|lower|valid|2,0.976338366663,1.20502347149,1.39881455398,1.07242449138,7
skeptic_late_takeoff,skeptic: late take-off,M08,M,lower,invalid,0,M08|lower|invalid|0,-0.752157692528,-0.0146339736843,0,0,7
skeptic_late_takeoff,skeptic: late take-off,M08,M,lower,invalid,1,M08|lower|invalid|1,-0.724346481317,0.000985853341133,0,0,7
skeptic_late_takeoff,skeptic: late take-off,M08,M,lower,invalid,2,M08|lower|invalid|2,-0.547133769614,0.0882642319292,0,0,7
skeptic_late_takeoff,skeptic: late take-off,M08,M,lower,valid,0,M08|lower|valid|0,0.508280318139,0.258306121944,0.54395142049,0.417029422375,7
skeptic_late_takeoff,skeptic: late take-off,M08,M,lower,valid,1,M08|lower|valid|1,0.840166983697,0.907130039829,1.12990586977,0.86626116682,7
skeptic_late_takeoff,skeptic: late take-off,M08,M,lower,valid,2,M08|lower|valid|2,0.481875311208,0.500366759124,0.504525948515,0.386803227195,7
skeptic_late_takeoff,skeptic: late take-off,S01,S,lower,invalid,0,S01|lower|invalid|0,-0.293160983183,-0.0359024338891,0,0,7
skeptic_late_takeoff,skeptic: late take-off,S01,S,lower,invalid,1,S01|lower|invalid|1,-0.394760908821,-0.0560265819136,0,0,7
skeptic_late_takeoff,skeptic: late take-off,S01,S,lower,invalid,2,S01|lower|invalid|2,-0.927396496559,-0.0113784293384,0,0,7
skeptic_late_takeoff,skeptic: late take-off,S01,S,lower,valid,0,S01|lower|valid|0,0.856782678961,1.02563198857,1.16238771404,0.891163914097,7
skeptic_late_takeoff,skeptic: late take-off,S01,S,lower,valid,1,S01|lower|valid|1,-0.105180242801,0.126228998542,0,0,7
skeptic_late_takeoff,skeptic: late take-off,S01,S,lower,valid,2,S01|lower|valid|2,-0.351345004091,0.0637683859455,0,0,7
skeptic_late_takeoff,skeptic: late take-off,S02,S,lower,invalid,0,S02|lower|invalid|0,-1.55573686719,-0.0157960698713,0,0,7
skeptic_late_takeoff,skeptic: late take-off,S02,S,lower,invalid,1,S02|lower|invalid|1,-1.63637763061,-0.120971856895,0,0,7
skeptic_late_takeoff,skeptic: late take-off,S02,S,lower,invalid,2,S02|lower|invalid|2,-1.83695370331,-0.0313508832053,0,0,7
skeptic_late_takeoff,skeptic: late take-off,S02,S,lower,valid,0,S02|lower|valid|0,0.876875278524,0.711969132028,1.20185733214,0.921423954644,7
skeptic_late_takeoff,skeptic: late take-off,S02,S,lower,valid,1,S02|lower|valid|1,0.692326268451,0.674379486696,0.851013966868,0.652444041265,7
skeptic_late_takeoff,skeptic: late take-off,S02,S,lower,valid,2,S02|lower|valid|2,0.676147924947,0.82868953679,0.821970489162,0.630177375024,7
skeptic_late_takeoff,skeptic: late take-off,S03,S,raise,invalid,0,S03|raise|invalid|0,-1.34532174259,-0.270736834047,0,0,7
skeptic_late_takeoff,skeptic: late take-off,S03,S,raise,invalid,1,S03|raise|invalid|1,-0.0076859563198,0.0359140548114,0,0,7
skeptic_late_takeoff,skeptic: late take-off,S03,S,raise,invalid,2,S03|raise|invalid|2,-0.797248378308,0.0265390681241,0,0,7
skeptic_late_takeoff,skeptic: late take-off,S03,S,raise,valid,0,S03|raise|valid|0,0.102673863376,-0.172131637673,0.0758223026167,0.0581304320062,7
skeptic_late_takeoff,skeptic: late take-off,S03,S,raise,valid,1,S03|raise|valid|1,0.506111618999,0.495563425346,0.540666590267,0.414511052538,7
skeptic_late_takeoff,skeptic: late take-off,S03,S,raise,valid,2,S03|raise|valid|2,0.567687251734,0.580623419439,0.637112402047,0.488452841569,7
skeptic_late_takeoff,skeptic: late take-off,S04,S,lower,invalid,0,S04|lower|invalid|0,-1.49830861327,0.0827773410351,0,0,7
skeptic_late_takeoff,skeptic: late take-off,S04,S,lower,invalid,1,S04|lower|invalid|1,-1.55937596328,0.11014103628,0,0,7
skeptic_late_takeoff,skeptic: late take-off,S04,S,lower,invalid,2,S04|lower|invalid|2,-1.43475827289,-0.00653427823661,0,0,7
skeptic_late_takeoff,skeptic: late take-off,S04,S,lower,valid,0,S04|lower|valid|0,0.399476691325,0.236369703177,0.389601670865,0.29869461433,7
skeptic_late_takeoff,skeptic: late take-off,S04,S,lower,valid,1,S04|lower|valid|1,-0.0780407455078,-0.0259690098405,0,0,7
skeptic_late_takeoff,skeptic: late take-off,S04,S,lower,valid,2,S04|lower|valid|2,0.965270129801,1.36509103873,1.37686794057,1.05559875444,7
skeptic_late_takeoff,skeptic: late take-off,S05,S,lower,invalid,0,S05|lower|invalid|0,-1.04253335819,0.132202983106,0,0,7
skeptic_late_takeoff,skeptic: late take-off,S05,S,lower,invalid,1,S05|lower|invalid|1,-0.236752626754,0.0529790613425,0,0,7
skeptic_late_takeoff,skeptic: late take-off,S05,S,lower,invalid,2,S05|lower|invalid|2,-0.805786857754,-0.130061047672,0,0,7
skeptic_late_takeoff,skeptic: late take-off,S05,S,lower,valid,0,S05|lower|valid|0,1.32473248841,1.79992295654,2.04371625038,1.56684912529,7
skeptic_late_takeoff,skeptic: late take-off,S05,S,lower,valid,1,S05|lower|valid|1,1.30863788657,1.95008739061,2.01724752621,1.54655643676,7
skeptic_late_takeoff,skeptic: late take-off,S05,S,lower,valid,2,S05|lower|valid|2,1.2591694544,1.80005266603,1.9333234585,1.48221465152,7
skeptic_late_takeoff,skeptic: late take-off,S06,S,lower,invalid,0,S06|lower|invalid|0,-1.54707823632,-0.200138262428,0,0,7
skeptic_late_takeoff,skeptic: late take-off,S06,S,lower,invalid,1,S06|lower|invalid|1,-0.299281936735,-0.0208688751413,0,0,7
skeptic_late_takeoff,skeptic: late take-off,S06,S,lower,invalid,2,S06|lower|invalid|2,-0.254877806386,-0.088392667393,0,0,7
skeptic_late_takeoff,skeptic: late take-off,S06,S,lower,valid,0,S06|lower|valid|0,0.749772124428,0.975750432375,0.956771793049,0.733525041338,7
skeptic_late_takeoff,skeptic: late take-off,S06,S,lower,valid,1,S06|lower|valid|1,0.988782188794,1.51766042138,1.423466375,1.09132422084,7
skeptic_late_takeoff,skeptic: late take-off,S06,S,lower,valid,2,S06|lower|valid|2,0.94025946092,1.25290805848,1.32724825372,1.01755699452,7
skeptic_late_takeoff,skeptic: late take-off,S07,S,raise,invalid,0,S07|raise|invalid|0,-1.44800324633,0.418373595351,0,0,7
skeptic_late_takeoff,skeptic: late take-off,S07,S,raise,invalid,1,S07|raise|invalid|1,-0.755478310056,-0.0578661063817,0,0,7
skeptic_late_takeoff,skeptic: late take-off,S07,S,raise,invalid,2,S07|raise|invalid|2,-0.831702169539,0.198307621117,0,0,7
skeptic_late_takeoff,skeptic: late take-off,S07,S,raise,valid,0,S07|raise|valid|0,0.247339240072,0.231747810691,0.209848825846,0.160884099815,7
skeptic_late_takeoff,skeptic: late take-off,S07,S,raise,valid,1,S07|raise|valid|1,0.681149762966,1.03182119807,0.830912564166,0.637032965861,7
skeptic_late_takeoff,skeptic: late take-off,S07,S,raise,valid,2,S07|raise|valid|2,0.450311753316,0.0313761016772,0.459042043284,0.351932233184,7
skeptic_late_takeoff,skeptic: late take-off,S08,S,lower,invalid,0,S08|lower|invalid|0,-2.28776560453,-0.135265877536,0,0,7
skeptic_late_takeoff,skeptic: late take-off,S08,S,lower,invalid,1,S08|lower|invalid|1,-1.86940666596,0.0444670124948,0,0,7
skeptic_late_takeoff,skeptic: late take-off,S08,S,lower,invalid,2,S08|lower|invalid|2,-1.3818860957,0.108443815911,0,0,7
skeptic_late_takeoff,skeptic: late take-off,S08,S,lower,valid,0,S08|lower|valid|0,0.484482745205,0.928938229378,0.508363705652,0.389745507667,7
skeptic_late_takeoff,skeptic: late take-off,S08,S,lower,valid,1,S08|lower|valid|1,0.310893053124,0.337939573527,0.279882601236,0.214576660948,7
skeptic_late_takeoff,skeptic: late take-off,S08,S,lower,valid,2,S08|lower|valid|2,0.276933218976,0.471946213415,0.24157479771,0.185207344911,7
stubborn,stubborn (z~0),L01,L,lower,invalid,0,L01|lower|invalid|0,-0.452622800761,0.114966048397,0,0,7
stubborn,stubborn (z~0),L01,L,lower,invalid,1,L01|lower|invalid|1,-0.516161354856,0.142106314357,0,0,7
stubborn,stubborn (z~0),L01,L,lower,invalid,2,L01|lower|invalid|2,0.0219858179807,0.0765092762001,0,0,7
stubborn,stubborn (z~0),L01,L,lower,valid,0,L01|lower|valid|0,0.910917414725,-0.0234109157049,0,0,7
stubborn,stubborn (z~0),L01,L,lower,valid,1,L01|lower|valid|1,0.638557147042,0.0763691286725,0,0,7
stubborn,stubborn (z~0),L01,L,lower,valid,2,L01|lower|valid|2,0.564950870684,-0.161719925107,0,0,7
stubborn,stubborn (z~0),L02,L,raise,invalid,0,L02|raise|invalid|0,-0.510577819846,0.177204878264,0,0,7
stubborn,stubborn (z~0),L02,L,raise,invalid,1,L02|raise|invalid|1,-0.821040324296,-0.152579710016,0,0,7
stubborn,stubborn (z~0),L02,L,raise,invalid,2,L02|raise|invalid|2,-1.06570808,0.0373808339383,0,0,7
stubborn,stubborn (z~0),L02,L,raise,valid,0,L02|raise|valid|0,0.210715912443,0.318116693984,0,0,7
stubborn,stubborn (z~0),L02,L,raise,valid,1,L02|raise|valid|1,0.392944606511,-0.0335126736245,0,0,7
stubborn,stubborn (z~0),L02,L,raise,valid,2,L02|raise|valid|2,0.543683270584,0.00292571026022,0,0,7
stubborn,stubborn (z~0),L03,L,lower,invalid,0,L03|lower|invalid|0,-1.7738315234,0.174456058536,0,0,7
stubborn,stubborn (z~0),L03,L,lower,invalid,1,L03|lower|invalid|1,-0.787184007819,0.0039363264974,0,0,7
stubborn,stubborn (z~0),L03,L,lower,invalid,2,L03|lower|invalid|2,-1.98064140721,-0.121146296828,0,0,7
stubborn,stubborn (z~0),L03,L,lower,valid,0,L03|lower|valid|0,1.16498736816,0.038723977592,0,0,7
stubborn,stubborn (z~0),L03,L,lower,valid,1,L03|lower|valid|1,0.64800767081,0.0873187436261,0,0,7
stubborn,stubborn (z~0),L03,L,lower,valid,2,L03|lower|valid|2,0.803208553139,0.106510352964,0,0,7
stubborn,stubborn (z~0),L04,L,raise,invalid,0,L04|raise|invalid|0,-1.44725092939,-0.115876858749,0,0,7
stubborn,stubborn (z~0),L04,L,raise,invalid,1,L04|raise|invalid|1,-0.718572552708,0.262875911119,0,0,7
stubborn,stubborn (z~0),L04,L,raise,invalid,2,L04|raise|invalid|2,-1.35268707622,0.25001616803,0,0,7
stubborn,stubborn (z~0),L04,L,raise,valid,0,L04|raise|valid|0,0.821186074868,0.00273564238734,0,0,7
stubborn,stubborn (z~0),L04,L,raise,valid,1,L04|raise|valid|1,1.06046174338,0.0402889018744,0,0,7
stubborn,stubborn (z~0),L04,L,raise,valid,2,L04|raise|valid|2,0.57120326935,-0.0642761271304,0,0,7
stubborn,stubborn (z~0),L07,L,lower,invalid,0,L07|lower|invalid|0,-1.53511742615,0.212119252613,0,0,7
stubborn,stubborn (z~0),L07,L,lower,invalid,1,L07|lower|invalid|1,-0.0549244384311,-0.105742165918,0,0,7
stubborn,stubborn (z~0),L07,L,lower,invalid,2,L07|lower|invalid|2,-1.31415720098,0.101114316548,0,0,7
stubborn,stubborn (z~0),L07,L,lower,valid,0,L07|lower|valid|0,0.117195841474,-0.0719539646561,0,0,7
stubborn,stubborn (z~0),L07,L,lower,valid,1,L07|lower|valid|1,0.619822524607,-0.104100688777,0,0,7
stubborn,stubborn (z~0),L07,L,lower,valid,2,L07|lower|valid|2,0.601380725233,0.107799721007,0,0,7
stubborn,stubborn (z~0),L08,L,raise,invalid,0,L08|raise|invalid|0,-0.0431676956068,0.200073323222,0,0,7
stubborn,stubborn (z~0),L08,L,raise,invalid,1,L08|raise|invalid|1,-0.11245409153,-0.0015179674034,0,0,7
stubborn,stubborn (z~0),L08,L,raise,invalid,2,L08|raise|invalid|2,-0.904242191645,-0.101614674462,0,0,7
stubborn,stubborn (z~0),L08,L,raise,valid,0,L08|raise|valid|0,0.259604536301,0.121722393541,0,0,7
stubborn,stubborn (z~0),L08,L,raise,valid,1,L08|raise|valid|1,0.655009289953,-0.00742650318153,0,0,7
stubborn,stubborn (z~0),L08,L,raise,valid,2,L08|raise|valid|2,0.678498357915,0.0465948759446,0,0,7
stubborn,stubborn (z~0),M01,M,lower,invalid,0,M01|lower|invalid|0,-0.533502336269,0.228430159315,0,0,7
stubborn,stubborn (z~0),M01,M,lower,invalid,1,M01|lower|invalid|1,-1.15239793311,0.16974340984,0,0,7
stubborn,stubborn (z~0),M01,M,lower,invalid,2,M01|lower|invalid|2,-0.51590819474,-0.0779755963674,0,0,7
stubborn,stubborn (z~0),M01,M,lower,valid,0,M01|lower|valid|0,0.53446942231,0.342537027734,0,0,7
stubborn,stubborn (z~0),M01,M,lower,valid,1,M01|lower|valid|1,0.642776387994,0.000500222169766,0,0,7
stubborn,stubborn (z~0),M01,M,lower,valid,2,M01|lower|valid|2,0.914673625834,0.117894695818,0,0,7
stubborn,stubborn (z~0),M02,M,raise,invalid,0,M02|raise|invalid|0,-0.972207492062,-0.0971039622349,0,0,7
stubborn,stubborn (z~0),M02,M,raise,invalid,1,M02|raise|invalid|1,-1.98591993093,-0.00669936117182,0,0,7
stubborn,stubborn (z~0),M02,M,raise,invalid,2,M02|raise|invalid|2,-1.6852543227,-0.262498356594,0,0,7
stubborn,stubborn (z~0),M02,M,raise,valid,0,M02|raise|valid|0,-0.14931175949,0.268000757095,0,0,7
stubborn,stubborn (z~0),M02,M,raise,valid,1,M02|raise|valid|1,0.00322102835509,0.204862285145,0,0,7
stubborn,stubborn (z~0),M02,M,raise,valid,2,M02|raise|valid|2,0.834141102487,-0.182295124827,0,0,7
stubborn,stubborn (z~0),M03,M,lower,invalid,0,M03|lower|invalid|0,-0.538803760472,-0.225779729307,0,0,7
stubborn,stubborn (z~0),M03,M,lower,invalid,1,M03|lower|invalid|1,-0.512594955064,-0.243159256563,0,0,7
stubborn,stubborn (z~0),M03,M,lower,invalid,2,M03|lower|invalid|2,-0.93504269308,0.176363414116,0,0,7
stubborn,stubborn (z~0),M03,M,lower,valid,0,M03|lower|valid|0,1.14252308342,-0.0689323830253,0,0,7
stubborn,stubborn (z~0),M03,M,lower,valid,1,M03|lower|valid|1,0.222758674758,-0.00907999860205,0,0,7
stubborn,stubborn (z~0),M03,M,lower,valid,2,M03|lower|valid|2,0.578448446526,-0.0469141694342,0,0,7
stubborn,stubborn (z~0),M04,M,raise,invalid,0,M04|raise|invalid|0,-1.29156703423,-0.0181735223594,0,0,7
stubborn,stubborn (z~0),M04,M,raise,invalid,1,M04|raise|invalid|1,-2.32599989568,-0.16322635046,0,0,7
stubborn,stubborn (z~0),M04,M,raise,invalid,2,M04|raise|invalid|2,-1.02309152365,0.00361623128532,0,0,7
stubborn,stubborn (z~0),M04,M,raise,valid,0,M04|raise|valid|0,-0.151516380213,-0.21569909209,0,0,7
stubborn,stubborn (z~0),M04,M,raise,valid,1,M04|raise|valid|1,0.386676776414,-0.010721776389,0,0,7
stubborn,stubborn (z~0),M04,M,raise,valid,2,M04|raise|valid|2,0.771638202898,0.0463120442224,0,0,7
stubborn,stubborn (z~0),M05,M,lower,invalid,0,M05|lower|invalid|0,-1.81928974926,0.0701414660058,0,0,7
stubborn,stubborn (z~0),M05,M,lower,invalid,1,M05|lower|invalid|1,0.0370787437247,-0.034757914099,0,0,7
stubborn,stubborn (z~0),M05,M,lower,invalid,2,M05|lower|invalid|2,-0.17154950417,-0.1355570194,0,0,7
stubborn,stubborn (z~0),M05,M,lower,valid,0,M05|lower|valid|0,0.539219285479,0.0239358517464,0,0,7
stubborn,stubborn (z~0),M05,M,lower,valid,1,M05|lower|valid|1,0.107298586089,-0.0726964822443,0,0,7
stubborn,stubborn (z~0),M05,M,lower,valid,2,M05|lower|valid|2,0.498579532272,0.234875276163,0,0,7
stubborn,stubborn (z~0),M06,M,lower,invalid,0,M06|lower|invalid|0,-0.0493584746652,0.115158338099,0,0,7
stubborn,stubborn (z~0),M06,M,lower,invalid,1,M06|lower|invalid|1,-0.315660273218,-0.0172791164147,0,0,7
stubborn,stubborn (z~0),M06,M,lower,invalid,2,M06|lower|invalid|2,0.162738555675,-0.0706718314985,0,0,7
stubborn,stubborn (z~0),M06,M,lower,valid,0,M06|lower|valid|0,1.27853134538,-0.10540236438,0,0,7
stubborn,stubborn (z~0),M06,M,lower,valid,1,M06|lower|valid|1,0.987672710504,-0.140583850184,0,0,7
stubborn,stubborn (z~0),M06,M,lower,valid,2,M06|lower|valid|2,0.81863733161,-0.052942306,0,0,7
stubborn,stubborn (z~0),M07,M,lower,invalid,0,M07|lower|invalid|0,-0.133668856591,0.0442155175973,0,0,7
stubborn,stubborn (z~0),M07,M,lower,invalid,1,M07|lower|invalid|1,-1.38653014317,0.0773288036794,0,0,7
stubborn,stubborn (z~0),M07,M,lower,invalid,2,M07|lower|invalid|2,-1.36327869608,0.085328716768,0,0,7
stubborn,stubborn (z~0),M07,M,lower,valid,0,M07|lower|valid|0,1.00793641253,0.314802389815,0,0,7
stubborn,stubborn (z~0),M07,M,lower,valid,1,M07|lower|valid|1,1.39085116266,-0.105728158823,0,0,7
stubborn,stubborn (z~0),M07,M,lower,valid,2,M07|lower|valid|2,0.976338366663,0.00194280254376,0,0,7
stubborn,stubborn (z~0),M08,M,lower,invalid,0,M08|lower|invalid|0,-0.752157692528,0.419192525265,0,0,7
stubborn,stubborn (z~0),M08,M,lower,invalid,1,M08|lower|invalid|1,-0.724346481317,-0.280059717267,0,0,7
stubborn,stubborn (z~0),M08,M,lower,invalid,2,M08|lower|invalid|2,-0.547133769614,-0.0782229135972,0,0,7
stubborn,stubborn (z~0),M08,M,lower,valid,0,M08|lower|valid|0,0.508280318139,0.0254376611064,0,0,7
stubborn,stubborn (z~0),M08,M,lower,valid,1,M08|lower|valid|1,0.840166983697,0.0231588277361,0,0,7
stubborn,stubborn (z~0),M08,M,lower,valid,2,M08|lower|valid|2,0.481875311208,0.0611800291845,0,0,7
stubborn,stubborn (z~0),S01,S,lower,invalid,0,S01|lower|invalid|0,-0.293160983183,-0.0358062311425,0,0,7
stubborn,stubborn (z~0),S01,S,lower,invalid,1,S01|lower|invalid|1,-0.394760908821,0.0549185092316,0,0,7
stubborn,stubborn (z~0),S01,S,lower,invalid,2,S01|lower|invalid|2,-0.927396496559,0.0079171456074,0,0,7
stubborn,stubborn (z~0),S01,S,lower,valid,0,S01|lower|valid|0,0.856782678961,0.115703418463,0,0,7
stubborn,stubborn (z~0),S01,S,lower,valid,1,S01|lower|valid|1,-0.105180242801,-0.283888464705,0,0,7
stubborn,stubborn (z~0),S01,S,lower,valid,2,S01|lower|valid|2,-0.351345004091,-0.132755886982,0,0,7
stubborn,stubborn (z~0),S02,S,lower,invalid,0,S02|lower|invalid|0,-1.55573686719,-0.000332975304028,0,0,7
stubborn,stubborn (z~0),S02,S,lower,invalid,1,S02|lower|invalid|1,-1.63637763061,-0.154777338901,0,0,7
stubborn,stubborn (z~0),S02,S,lower,invalid,2,S02|lower|invalid|2,-1.83695370331,-0.156699328697,0,0,7
stubborn,stubborn (z~0),S02,S,lower,valid,0,S02|lower|valid|0,0.876875278524,0.094161580043,0,0,7
stubborn,stubborn (z~0),S02,S,lower,valid,1,S02|lower|valid|1,0.692326268451,-0.0974970367504,0,0,7
stubborn,stubborn (z~0),S02,S,lower,valid,2,S02|lower|valid|2,0.676147924947,0.0952374579965,0,0,7
stubborn,stubborn (z~0),S03,S,raise,invalid,0,S03|raise|invalid|0,-1.34532174259,0.111866388077,0,0,7
stubborn,stubborn (z~0),S03,S,raise,invalid,1,S03|raise|invalid|1,-0.0076859563198,0.0459742649297,0,0,7
stubborn,stubborn (z~0),S03,S,raise,invalid,2,S03|raise|invalid|2,-0.797248378308,0.076208353218,0,0,7
stubborn,stubborn (z~0),S03,S,raise,valid,0,S03|raise|valid|0,0.102673863376,-0.0156894995914,0,0,7
stubborn,stubborn (z~0),S03,S,raise,valid,1,S03|raise|valid|1,0.506111618999,-0.211366163305,0,0,7
stubborn,stubborn (z~0),S03,S,raise,valid,2,S03|raise|valid|2,0.567687251734,-0.00451041647286,0,0,7
stubborn,stubborn (z~0),S04,S,lower,invalid,0,S04|lower|invalid|0,-1.49830861327,0.0681354141679,0,0,7
stubborn,stubborn (z~0),S04,S,lower,invalid,1,S04|lower|invalid|1,-1.55937596328,-0.079410524382,0,0,7
stubborn,stubborn (z~0),S04,S,lower,invalid,2,S04|lower|invalid|2,-1.43475827289,-0.0149303417725,0,0,7
stubborn,stubborn (z~0),S04,S,lower,valid,0,S04|lower|valid|0,0.399476691325,0.112383685014,0,0,7
stubborn,stubborn (z~0),S04,S,lower,valid,1,S04|lower|valid|1,-0.0780407455078,-0.131713688115,0,0,7
stubborn,stubborn (z~0),S04,S,lower,valid,2,S04|lower|valid|2,0.965270129801,0.0960030210863,0,0,7
stubborn,stubborn (z~0),S05,S,lower,invalid,0,S05|lower|invalid|0,-1.04253335819,0.279387806954,0,0,7
stubborn,stubborn (z~0),S05,S,lower,invalid,1,S05|lower|invalid|1,-0.236752626754,-0.0831846028549,0,0,7
stubborn,stubborn (z~0),S05,S,lower,invalid,2,S05|lower|invalid|2,-0.805786857754,0.0219776930231,0,0,7
stubborn,stubborn (z~0),S05,S,lower,valid,0,S05|lower|valid|0,1.32473248841,-0.0225680172212,0,0,7
stubborn,stubborn (z~0),S05,S,lower,valid,1,S05|lower|valid|1,1.30863788657,0.231033604414,0,0,7
stubborn,stubborn (z~0),S05,S,lower,valid,2,S05|lower|valid|2,1.2591694544,0.0474565679275,0,0,7
stubborn,stubborn (z~0),S06,S,lower,invalid,0,S06|lower|invalid|0,-1.54707823632,0.134659456882,0,0,7
stubborn,stubborn (z~0),S06,S,lower,invalid,1,S06|lower|invalid|1,-0.299281936735,-0.103511870519,0,0,7
stubborn,stubborn (z~0),S06,S,lower,invalid,2,S06|lower|invalid|2,-0.254877806386,-0.0024209100526,0,0,7
stubborn,stubborn (z~0),S06,S,lower,valid,0,S06|lower|valid|0,0.749772124428,-0.00147677516393,0,0,7
stubborn,stubborn (z~0),S06,S,lower,valid,1,S06|lower|valid|1,0.988782188794,-0.266389513821,0,0,7
stubborn,stubborn (z~0),S06,S,lower,valid,2,S06|lower|valid|2,0.94025946092,0.216121702512,0,0,7
stubborn,stubborn (z~0),S07,S,raise,invalid,0,S07|raise|invalid|0,-1.44800324633,0.13491082144,0,0,7
stubborn,stubborn (z~0),S07,S,raise,invalid,1,S07|raise|invalid|1,-0.755478310056,-0.262371601745,0,0,7
stubborn,stubborn (z~0),S07,S,raise,invalid,2,S07|raise|invalid|2,-0.831702169539,0.111654106969,0,0,7
stubborn,stubborn (z~0),S07,S,raise,valid,0,S07|raise|valid|0,0.247339240072,-0.0196739606735,0,0,7
stubborn,stubborn (z~0),S07,S,raise,valid,1,S07|raise|valid|1,0.681149762966,0.0672623028701,0,0,7
stubborn,stubborn (z~0),S07,S,raise,valid,2,S07|raise|valid|2,0.450311753316,0.0549684488991,0,0,7
stubborn,stubborn (z~0),S08,S,lower,invalid,0,S08|lower|invalid|0,-2.28776560453,-0.224845809339,0,0,7
stubborn,stubborn (z~0),S08,S,lower,invalid,1,S08|lower|invalid|1,-1.86940666596,-0.0318066116792,0,0,7
stubborn,stubborn (z~0),S08,S,lower,invalid,2,S08|lower|invalid|2,-1.3818860957,0.223892457656,0,0,7
stubborn,stubborn (z~0),S08,S,lower,valid,0,S08|lower|valid|0,0.484482745205,-0.0862286281946,0,0,7
stubborn,stubborn (z~0),S08,S,lower,valid,1,S08|lower|valid|1,0.310893053124,-0.153424776736,0,0,7
stubborn,stubborn (z~0),S08,S,lower,valid,2,S08|lower|valid|2,0.276933218976,-0.20393700135,0,0,7
pushover_flat_high,pushover (flat-high),L01,L,lower,invalid,0,L01|lower|invalid|0,-0.452622800761,3.81683197973,4,0,7
pushover_flat_high,pushover (flat-high),L01,L,lower,invalid,1,L01|lower|invalid|1,-0.516161354856,4.05032559017,4,0,7
pushover_flat_high,pushover (flat-high),L01,L,lower,invalid,2,L01|lower|invalid|2,0.0219858179807,4.25388764136,4,0.00483687800739,7
pushover_flat_high,pushover (flat-high),L01,L,lower,valid,0,L01|lower|valid|0,0.910917414725,4.0644162936,4,0.200263373181,7
pushover_flat_high,pushover (flat-high),L01,L,lower,valid,1,L01|lower|valid|1,0.638557147042,4.03682587181,4,0.140434856386,7
pushover_flat_high,pushover (flat-high),L01,L,lower,valid,2,L01|lower|valid|2,0.564950870684,4.33504735213,4,0.124256144334,7
pushover_flat_high,pushover (flat-high),L02,L,raise,invalid,0,L02|raise|invalid|0,-0.510577819846,3.92208416696,4,0,7
pushover_flat_high,pushover (flat-high),L02,L,raise,invalid,1,L02|raise|invalid|1,-0.821040324296,3.89888966378,4,0,7
pushover_flat_high,pushover (flat-high),L02,L,raise,invalid,2,L02|raise|invalid|2,-1.06570808,4.07926823448,4,0,7
pushover_flat_high,pushover (flat-high),L02,L,raise,valid,0,L02|raise|valid|0,0.210715912443,4.08228004639,4,0.0463557855398,7
pushover_flat_high,pushover (flat-high),L02,L,raise,valid,1,L02|raise|valid|1,0.392944606511,3.84779123256,4,0.086436691804,7
pushover_flat_high,pushover (flat-high),L02,L,raise,valid,2,L02|raise|valid|2,0.543683270584,3.82450340155,4,0.119580865073,7
pushover_flat_high,pushover (flat-high),L03,L,lower,invalid,0,L03|lower|invalid|0,-1.7738315234,4.04365318953,4,0,7
pushover_flat_high,pushover (flat-high),L03,L,lower,invalid,1,L03|lower|invalid|1,-0.787184007819,4.03710944985,4,0,7
pushover_flat_high,pushover (flat-high),L03,L,lower,invalid,2,L03|lower|invalid|2,-1.98064140721,3.80396941806,4,0,7
pushover_flat_high,pushover (flat-high),L03,L,lower,valid,0,L03|lower|valid|0,1.16498736816,3.96966265254,4,0.256007742657,7
pushover_flat_high,pushover (flat-high),L03,L,lower,valid,1,L03|lower|valid|1,0.64800767081,3.91860090627,4,0.14251182215,7
pushover_flat_high,pushover (flat-high),L03,L,lower,valid,2,L03|lower|valid|2,0.803208553139,4.06900824898,4,0.176610942327,7
pushover_flat_high,pushover (flat-high),L04,L,raise,invalid,0,L04|raise|invalid|0,-1.44725092939,3.98248595145,4,0,7
pushover_flat_high,pushover (flat-high),L04,L,raise,invalid,1,L04|raise|invalid|1,-0.718572552708,3.98709605711,4,0,7
pushover_flat_high,pushover (flat-high),L04,L,raise,invalid,2,L04|raise|invalid|2,-1.35268707622,3.94697659988,4,0,7
pushover_flat_high,pushover (flat-high),L04,L,raise,valid,0,L04|raise|valid|0,0.821186074868,4.15803317502,4,0.180559481484,7
pushover_flat_high,pushover (flat-high),L04,L,raise,valid,1,L04|raise|valid|1,1.06046174338,4.20861400229,4,0.233083190733,7
pushover_flat_high,pushover (flat-high),L04,L,raise,valid,2,L04|raise|valid|2,0.57120326935,3.94495342873,4,0.125630562879,7
pushover_flat_high,pushover (flat-high),L07,L,lower,invalid,0,L07|lower|invalid|0,-1.53511742615,4.12691647895,4,0,7
pushover_flat_high,pushover (flat-high),L07,L,lower,invalid,1,L07|lower|invalid|1,-0.0549244384311,3.88635864893,4,0,7
pushover_flat_high,pushover (flat-high),L07,L,lower,invalid,2,L07|lower|invalid|2,-1.31415720098,4.01079837763,4,0,7
pushover_flat_high,pushover (flat-high),L07,L,lower,valid,0,L07|lower|valid|0,0.117195841474,4.11248527274,4,0.0257827900223,7
pushover_flat_high,pushover (flat-high),L07,L,lower,valid,1,L07|lower|valid|1,0.619822524607,4.22713285054,4,0.136317316223,7
pushover_flat_high,pushover (flat-high),L07,L,lower,valid,2,L07|lower|valid|2,0.601380725233,3.94261564136,4,0.132263899953,7
pushover_flat_high,pushover (flat-high),L08,L,raise,invalid,0,L08|raise|invalid|0,-0.0431676956068,3.98888994876,4,0,7
pushover_flat_high,pushover (flat-high),L08,L,raise,invalid,1,L08|raise|invalid|1,-0.11245409153,4.02945907819,4,0,7
pushover_flat_high,pushover (flat-high),L08,L,raise,invalid,2,L08|raise|invalid|2,-0.904242191645,3.7752848346,4,0,7
pushover_flat_high,pushover (flat-high),L08,L,raise,valid,0,L08|raise|valid|0,0.259604536301,4.0023859008,4,0.0571097906168,7
pushover_flat_high,pushover (flat-high),L08,L,raise,valid,1,L08|raise|valid|1,0.655009289953,3.89861829405,4,0.14405054494,7
pushover_flat_high,pushover (flat-high),L08,L,raise,valid,2,L08|raise|valid|2,0.678498357915,4.05572189896,4,0.14921240028,7
pushover_flat_high,pushover (flat-high),M01,M,lower,invalid,0,M01|lower|invalid|0,-0.533502336269,3.83050434521,4,0,7
pushover_flat_high,pushover (flat-high),M01,M,lower,invalid,1,M01|lower|invalid|1,-1.15239793311,3.70347032885,4,0,7
pushover_flat_high,pushover (flat-high),M01,M,lower,invalid,2,M01|lower|invalid|2,-0.51590819474,4.00574262306,4,0,7
pushover_flat_high,pushover (flat-high),M01,M,lower,valid,0,M01|lower|valid|0,0.53446942231,4.0390918902,4,0.117555290442,7
pushover_flat_high,pushover (flat-high),M01,M,lower,valid,1,M01|lower|valid|1,0.642776387994,3.91766015814,4,0.141362137551,7
pushover_flat_high,pushover (flat-high),M01,M,lower,valid,2,M01|lower|valid|2,0.914673625834,4.13332703274,4,0.201088020698,7
pushover_flat_high,pushover (flat-high),M02,M,raise,invalid,0,M02|raise|invalid|0,-0.972207492062,3.95902354131,4,0,7
pushover_flat_high,pushover (flat-high),M02,M,raise,invalid,1,M02|raise|invalid|1,-1.98591993093,3.90914572803,4,0,7
pushover_flat_high,pushover (flat-high),M02,M,raise,invalid,2,M02|raise|invalid|2,-1.6852543227,4.07166132923,4,0,7
pushover_flat_high,pushover (flat-high),M02,M,raise,valid,0,M02|raise|valid|0,-0.14931175949,3.76477137025,4,0,7
pushover_flat_high,pushover (flat-high),M02,M,raise,valid,1,M02|raise|valid|1,0.00322102835509,3.89838179789,4,0.000708626231992,7
pushover_flat_high,pushover (flat-high),M02,M,raise,valid,2,M02|raise|valid|2,0.834141102487,3.99688424215,4,0.183404712029,7
pushover_flat_high,pushover (flat-high),M03,M,lower,invalid,0,M03|lower|invalid|0,-0.538803760472,4.1273348764,4,0,7
pushover_flat_high,pushover (flat-high),M03,M,lower,invalid,1,M03|lower|invalid|1,-0.512594955064,3.97559240841,4,0,7
pushover_flat_high,pushover (flat-high),M03,M,lower,invalid,2,M03|lower|invalid|2,-0.93504269308,4.04627130837,4,0,7
pushover_flat_high,pushover (flat-high),M03,M,lower,valid,0,M03|lower|valid|0,1.14252308342,3.9016756717,4,0.251082010955,7
pushover_flat_high,pushover (flat-high),M03,M,lower,valid,1,M03|lower|valid|1,0.222758674758,4.04525816104,4,0.0490048820533,7
pushover_flat_high,pushover (flat-high),M03,M,lower,valid,2,M03|lower|valid|2,0.578448446526,4.24952010986,4,0.127223185873,7
pushover_flat_high,pushover (flat-high),M04,M,raise,invalid,0,M04|raise|invalid|0,-1.29156703423,3.89704508795,4,0,7
pushover_flat_high,pushover (flat-high),M04,M,raise,invalid,1,M04|raise|invalid|1,-2.32599989568,4.35493201359,4,0,7
pushover_flat_high,pushover (flat-high),M04,M,raise,invalid,2,M04|raise|invalid|2,-1.02309152365,3.9034245392,4,0,7
pushover_flat_high,pushover (flat-high),M04,M,raise,valid,0,M04|raise|valid|0,-0.151516380213,4.0025705754,4,0,7
pushover_flat_high,pushover (flat-high),M04,M,raise,valid,1,M04|raise|valid|1,0.386676776414,4.02599635406,4,0.0850582928877,7
pushover_flat_high,pushover (flat-high),M04,M,raise,valid,2,M04|raise|valid|2,0.771638202898,4.15364569164,4,0.169676221698,7
pushover_flat_high,pushover (flat-high),M05,M,lower,invalid,0,M05|lower|invalid|0,-1.81928974926,3.81444650108,4,0,7
pushover_flat_high,pushover (flat-high),M05,M,lower,invalid,1,M05|lower|invalid|1,0.0370787437247,3.68491808992,4,0.00815731427364,7
pushover_flat_high,pushover (flat-high),M05,M,lower,invalid,2,M05|lower|invalid|2,-0.17154950417,4.09090123107,4,0,7
pushover_flat_high,pushover (flat-high),M05,M,lower,valid,0,M05|lower|valid|0,0.539219285479,4.11931584742,4,0.11859950779,7
pushover_flat_high,pushover (flat-high),M05,M,lower,valid,1,M05|lower|valid|1,0.107298586089,4.09355259438,4,0.0236054624655,7
pushover_flat_high,pushover (flat-high),M05,M,lower,valid,2,M05|lower|valid|2,0.498579532272,4.39457599452,4,0.10966478084,7
pushover_flat_high,pushover (flat-high),M06,M,lower,invalid,0,M06|lower|invalid|0,-0.0493584746652,4.03074269587,4,0,7
pushover_flat_high,pushover (flat-high),M06,M,lower,invalid,1,M06|lower|invalid|1,-0.315660273218,4.03808350051,4,0,7
pushover_flat_high,pushover (flat-high),M06,M,lower,invalid,2,M06|lower|invalid|2,0.162738555675,4.13938555818,4,0.0358016921136,7
pushover_flat_high,pushover (flat-high),M06,M,lower,valid,0,M06|lower|valid|0,1.27853134538,4.05532371492,4,0.280894365322,7
pushover_flat_high,pushover (flat-high),M06,M,lower,valid,1,M06|lower|valid|1,0.987672710504,4.24955396303,4,0.21711153189,7
pushover_flat_high,pushover (flat-high),M06,M,lower,valid,2,M06|lower|valid|2,0.81863733161,3.81426088804,4,0.179999699286,7
pushover_flat_high,pushover (flat-high),M07,M,lower,invalid,0,M07|lower|invalid|0,-0.133668856591,3.94369036228,4,0,7
pushover_flat_high,pushover (flat-high),M07,M,lower,invalid,1,M07|lower|invalid|1,-1.38653014317,3.4832942342,4,0,7
pushover_flat_high,pushover (flat-high),M07,M,lower,invalid,2,M07|lower|invalid|2,-1.36327869608,4.12186239839,4,0,7
pushover_flat_high,pushover (flat-high),M07,M,lower,valid,0,M07|lower|valid|0,1.00793641253,3.94414110936,4,0.22155846819,7
pushover_flat_high,pushover (flat-high),M07,M,lower,valid,1,M07|lower|valid|1,1.39085116266,4.13859437117,4,0.305494939602,7
pushover_flat_high,pushover (flat-high),M07,M,lower,valid,2,M07|lower|valid|2,0.976338366663,4.32312171389,4,0.214623978219,7
pushover_flat_high,pushover (flat-high),M08,M,lower,invalid,0,M08|lower|invalid|0,-0.752157692528,3.99911423404,4,0,7
pushover_flat_high,pushover (flat-high),M08,M,lower,invalid,1,M08|lower|invalid|1,-0.724346481317,3.96181862867,4,0,7
pushover_flat_high,pushover (flat-high),M08,M,lower,invalid,2,M08|lower|invalid|2,-0.547133769614,3.92506291548,4,0,7
pushover_flat_high,pushover (flat-high),M08,M,lower,valid,0,M08|lower|valid|0,0.508280318139,3.87431805161,4,0.111797602039,7
pushover_flat_high,pushover (flat-high),M08,M,lower,valid,1,M08|lower|valid|1,0.840166983697,3.90544516986,4,0.184728085891,7
pushover_flat_high,pushover (flat-high),M08,M,lower,valid,2,M08|lower|valid|2,0.481875311208,4.09589071782,4,0.105992059459,7
pushover_flat_high,pushover (flat-high),S01,S,lower,invalid,0,S01|lower|invalid|0,-0.293160983183,4.0055257012,4,0,7
pushover_flat_high,pushover (flat-high),S01,S,lower,invalid,1,S01|lower|invalid|1,-0.394760908821,4.00994157906,4,0,7
pushover_flat_high,pushover (flat-high),S01,S,lower,invalid,2,S01|lower|invalid|2,-0.927396496559,3.97400921017,4,0,7
pushover_flat_high,pushover (flat-high),S01,S,lower,valid,0,S01|lower|valid|0,0.856782678961,4.1371545722,4,0.188376967537,7
pushover_flat_high,pushover (flat-high),S01,S,lower,valid,1,S01|lower|valid|1,-0.105180242801,4.07409611973,4,0,7
pushover_flat_high,pushover (flat-high),S01,S,lower,valid,2,S01|lower|valid|2,-0.351345004091,3.97873276017,4,0,7
pushover_flat_high,pushover (flat-high),S02,S,lower,invalid,0,S02|lower|invalid|0,-1.55573686719,4.09970681716,4,0,7
pushover_flat_high,pushover (flat-high),S02,S,lower,invalid,1,S02|lower|invalid|1,-1.63637763061,3.97723301329,4,0,7
pushover_flat_high,pushover (flat-high),S02,S,lower,invalid,2,S02|lower|invalid|2,-1.83695370331,3.82706302252,4,0,7
pushover_flat_high,pushover (flat-high),S02,S,lower,valid,0,S02|lower|valid|0,0.876875278524,4.21829765264,4,0.192789045875,7
pushover_flat_high,pushover (flat-high),S02,S,lower,valid,1,S02|lower|valid|1,0.692326268451,4.06979412206,4,0.152250970355,7
pushover_flat_high,pushover (flat-high),S02,S,lower,valid,2,S02|lower|valid|2,0.676147924947,3.85641059589,4,0.148695897639,7
pushover_flat_high,pushover (flat-high),S03,S,raise,invalid,0,S03|raise|invalid|0,-1.34532174259,4.16182379395,4,0,7
pushover_flat_high,pushover (flat-high),S03,S,raise,invalid,1,S03|raise|invalid|1,-0.0076859563198,4.05174615807,4,0,7
pushover_flat_high,pushover (flat-high),S03,S,raise,invalid,2,S03|raise|invalid|2,-0.797248378308,3.76534606271,4,0,7
pushover_flat_high,pushover (flat-high),S03,S,raise,valid,0,S03|raise|valid|0,0.102673863376,4.24149230298,4,0.0225880515085,7
pushover_flat_high,pushover (flat-high),S03,S,raise,valid,1,S03|raise|valid|1,0.506111618999,4.05002303592,4,0.111320794938,7
pushover_flat_high,pushover (flat-high),S03,S,raise,valid,2,S03|raise|valid|2,0.567687251734,4.13371746227,4,0.124857665739,7
pushover_flat_high,pushover (flat-high),S04,S,lower,invalid,0,S04|lower|invalid|0,-1.49830861327,4.02967606663,4,0,7
pushover_flat_high,pushover (flat-high),S04,S,lower,invalid,1,S04|lower|invalid|1,-1.55937596328,3.97757050293,4,0,7
pushover_flat_high,pushover (flat-high),S04,S,lower,invalid,2,S04|lower|invalid|2,-1.43475827289,3.76777662615,4,0,7
pushover_flat_high,pushover (flat-high),S04,S,lower,valid,0,S04|lower|valid|0,0.399476691325,4.14573751087,4,0.0878731866138,7
pushover_flat_high,pushover (flat-high),S04,S,lower,valid,1,S04|lower|valid|1,-0.0780407455078,4.00451744742,4,0,7
pushover_flat_high,pushover (flat-high),S04,S,lower,valid,2,S04|lower|valid|2,0.965270129801,3.95702282834,4,0.21219469443,7
pushover_flat_high,pushover (flat-high),S05,S,lower,invalid,0,S05|lower|invalid|0,-1.04253335819,4.05263854768,4,0,7
pushover_flat_high,pushover (flat-high),S05,S,lower,invalid,1,S05|lower|invalid|1,-0.236752626754,4.01171555334,4,0,7
pushover_flat_high,pushover (flat-high),S05,S,lower,invalid,2,S05|lower|invalid|2,-0.805786857754,4.1013478707,4,0,7
pushover_flat_high,pushover (flat-high),S05,S,lower,valid,0,S05|lower|valid|0,1.32473248841,3.94434714006,4,0.291015681773,7
pushover_flat_high,pushover (flat-high),S05,S,lower,valid,1,S05|lower|valid|1,1.30863788657,3.99452991821,4,0.287490171734,7
pushover_flat_high,pushover (flat-high),S05,S,lower,valid,2,S05|lower|valid|2,1.2591694544,3.67915831581,4,0.27665184849,7
pushover_flat_high,pushover (flat-high),S06,S,lower,invalid,0,S06|lower|invalid|0,-1.54707823632,3.93650494458,4,0,7
pushover_flat_high,pushover (flat-high),S06,S,lower,invalid,1,S06|lower|invalid|1,-0.299281936735,4.10135715483,4,0,7
pushover_flat_high,pushover (flat-high),S06,S,lower,invalid,2,S06|lower|invalid|2,-0.254877806386,4.20050960349,4,0,7
pushover_flat_high,pushover (flat-high),S06,S,lower,valid,0,S06|lower|valid|0,0.749772124428,3.94540344548,4,0.164872637517,7
pushover_flat_high,pushover (flat-high),S06,S,lower,valid,1,S06|lower|valid|1,0.988782188794,3.98179868227,4,0.217355022152,7
pushover_flat_high,pushover (flat-high),S06,S,lower,valid,2,S06|lower|valid|2,0.94025946092,4.23751780198,4,0.206704816156,7
pushover_flat_high,pushover (flat-high),S07,S,raise,invalid,0,S07|raise|invalid|0,-1.44800324633,3.95113144375,4,0,7
pushover_flat_high,pushover (flat-high),S07,S,raise,invalid,1,S07|raise|invalid|1,-0.755478310056,4.110101172,4,0,7
pushover_flat_high,pushover (flat-high),S07,S,raise,invalid,2,S07|raise|invalid|2,-0.831702169539,4.25174738673,4,0,7
pushover_flat_high,pushover (flat-high),S07,S,raise,valid,0,S07|raise|valid|0,0.247339240072,4.00596696664,4,0.0544118588958,7
pushover_flat_high,pushover (flat-high),S07,S,raise,valid,1,S07|raise|valid|1,0.681149762966,4.18403811616,4,0.149795035952,7
pushover_flat_high,pushover (flat-high),S07,S,raise,valid,2,S07|raise|valid|2,0.450311753316,3.89342605539,4,0.0990518481279,7
pushover_flat_high,pushover (flat-high),S08,S,lower,invalid,0,S08|lower|invalid|0,-2.28776560453,4.03115075601,4,0,7
pushover_flat_high,pushover (flat-high),S08,S,lower,invalid,1,S08|lower|invalid|1,-1.86940666596,3.98839659948,4,0,7
pushover_flat_high,pushover (flat-high),S08,S,lower,invalid,2,S08|lower|invalid|2,-1.3818860957,4.01723700197,4,0,7
pushover_flat_high,pushover (flat-high),S08,S,lower,valid,0,S08|lower|valid|0,0.484482745205,4.16945547904,4,0.106565360262,7
pushover_flat_high,pushover (flat-high),S08,S,lower,valid,1,S08|lower|valid|1,0.310893053124,4.35848102374,4,0.068390963198,7
pushover_flat_high,pushover (flat-high),S08,S,lower,valid,2,S08|lower|valid|2,0.276933218976,3.90017971521,4,0.0609214147364,7
super_sensitive,super-sensitive,L01,L,lower,invalid,0,L01|lower|invalid|0,-0.452622800761,-0.103521509498,0,0,7
super_sensitive,super-sensitive,L01,L,lower,invalid,1,L01|lower|invalid|1,-0.516161354856,0.0895299048624,0,0,7
super_sensitive,super-sensitive,L01,L,lower,invalid,2,L01|lower|invalid|2,0.0219858179807,-0.144071320922,0.0458550396763,0.0869220958618,7
super_sensitive,super-sensitive,L01,L,lower,valid,0,L01|lower|valid|0,0.910917414725,6.60648802007,6.51702519433,5.5874289439,7
super_sensitive,super-sensitive,L01,L,lower,valid,1,L01|lower|valid|1,0.638557147042,4.58563462575,4.48269198886,3.86148826597,7
super_sensitive,super-sensitive,L01,L,lower,valid,2,L01|lower|valid|2,0.564950870684,3.66671873359,3.71666993567,3.33871554637,7
super_sensitive,super-sensitive,L02,L,raise,invalid,0,L02|raise|invalid|0,-0.510577819846,0.0956147523358,0,0,7
super_sensitive,super-sensitive,L02,L,raise,invalid,1,L02|raise|invalid|1,-0.821040324296,-0.2788771224,0,0,7
super_sensitive,super-sensitive,L02,L,raise,invalid,2,L02|raise|invalid|2,-1.06570808,0.136778593226,0,0,7
super_sensitive,super-sensitive,L02,L,raise,valid,0,L02|raise|valid|0,0.210715912443,0.425129694746,0.703199839354,0.994999435708,7
super_sensitive,super-sensitive,L02,L,raise,valid,1,L02|raise|valid|1,0.392944606511,1.85397015766,1.97933109755,2.12882291983,7
super_sensitive,super-sensitive,L02,L,raise,valid,2,L02|raise|valid|2,0.543683270584,3.39026540997,3.4903810196,3.18662257715,7
super_sensitive,super-sensitive,L03,L,lower,invalid,0,L03|lower|invalid|0,-1.7738315234,-0.0722043443348,0,0,7
super_sensitive,super-sensitive,L03,L,lower,invalid,1,L03|lower|invalid|1,-0.787184007819,0.154578063687,0,0,7
super_sensitive,super-sensitive,L03,L,lower,invalid,2,L03|lower|invalid|2,-1.98064140721,0.0146971333776,0,0,7
super_sensitive,super-sensitive,L03,L,lower,valid,0,L03|lower|valid|0,1.16498736816,7.15359778665,7.22513639393,6.69861060606,7
super_sensitive,super-sensitive,L03,L,lower,valid,1,L03|lower|valid|1,0.64800767081,4.67498936244,4.57716260796,3.9277739028,7
super_sensitive,super-sensitive,L03,L,lower,valid,2,L03|lower|valid|2,0.803208553139,6.18360903474,5.89897924568,4.96048687172,7
super_sensitive,super-sensitive,L04,L,raise,invalid,0,L04|raise|invalid|0,-1.44725092939,0.0011140095886,0,0,7
super_sensitive,super-sensitive,L04,L,raise,invalid,1,L04|raise|invalid|1,-0.718572552708,0.0658436481896,0,0,7
super_sensitive,super-sensitive,L04,L,raise,invalid,2,L04|raise|invalid|2,-1.35268707622,0.223145507449,0,0,7
super_sensitive,super-sensitive,L04,L,raise,valid,0,L04|raise|valid|0,0.821186074868,6.06749111834,6.0192822895,5.07105919702,7
super_sensitive,super-sensitive,L04,L,raise,valid,1,L04|raise|valid|1,1.06046174338,6.79802110082,7.02911358029,6.30451307931,7
super_sensitive,super-sensitive,L04,L,raise,valid,2,L04|raise|valid|2,0.57120326935,4.23131488707,3.78306339642,3.38340138328,7
super_sensitive,super-sensitive,L07,L,lower,invalid,0,L07|lower|invalid|0,-1.53511742615,0.397504564292,0,0,7
super_sensitive,super-sensitive,L07,L,lower,invalid,1,L07|lower|invalid|1,-0.0549244384311,-0.357276234641,0,0,7
super_sensitive,super-sensitive,L07,L,lower,invalid,2,L07|lower|invalid|2,-1.31415720098,-0.00704832302693,0,0,7
super_sensitive,super-sensitive,L07,L,lower,valid,0,L07|lower|valid|0,0.117195841474,0.384931105247,0.309820212568,0.508512912141,7
super_sensitive,super-sensitive,L07,L,lower,valid,1,L07|lower|valid|1,0.619822524607,4.46598485435,4.29215334483,3.72937397649,7
super_sensitive,super-sensitive,L07,L,lower,valid,2,L07|lower|valid|2,0.601380725233,4.2214712647,4.10105017409,3.59856479805,7
super_sensitive,super-sensitive,L08,L,raise,invalid,0,L08|raise|invalid|0,-0.0431676956068,-0.0489950734206,0,0,7
super_sensitive,super-sensitive,L08,L,raise,invalid,1,L08|raise|invalid|1,-0.11245409153,-0.189690545204,0,0,7
super_sensitive,super-sensitive,L08,L,raise,invalid,2,L08|raise|invalid|2,-0.904242191645,0.0185321308985,0,0,7
super_sensitive,super-sensitive,L08,L,raise,valid,0,L08|raise|valid|0,0.259604536301,1.1612281297,0.97520968644,1.27691002571,7
super_sensitive,super-sensitive,L08,L,raise,valid,1,L08|raise|valid|1,0.655009289953,4.45022891167,4.646359941,3.97670787432,7
super_sensitive,super-sensitive,L08,L,raise,valid,2,L08|raise|valid|2,0.678498357915,4.68815105713,4.87304509482,4.1396442264,7
super_sensitive,super-sensitive,M01,M,lower,invalid,0,M01|lower|invalid|0,-0.533502336269,-0.00443303372691,0,0,7
super_sensitive,super-sensitive,M01,M,lower,invalid,1,M01|lower|invalid|1,-1.15239793311,-0.348747815551,0,0,7
super_sensitive,super-sensitive,M01,M,lower,invalid,2,M01|lower|invalid|2,-0.51590819474,-0.0468535111288,0,0,7
super_sensitive,super-sensitive,M01,M,lower,valid,0,M01|lower|valid|0,0.53446942231,3.31381909777,3.39239501527,3.12074111302,7
super_sensitive,super-sensitive,M01,M,lower,valid,1,M01|lower|valid|1,0.642776387994,4.60615281667,4.52501565993,3.89111409819,7
super_sensitive,super-sensitive,M01,M,lower,valid,2,M01|lower|valid|2,0.914673625834,6.40802727715,6.5343453043,5.60768097587,7
super_sensitive,super-sensitive,M02,M,raise,invalid,0,M02|raise|invalid|0,-0.972207492062,-0.158781860411,0,0,7
super_sensitive,super-sensitive,M02,M,raise,invalid,1,M02|raise|invalid|1,-1.98591993093,-0.0709544491779,0,0,7
super_sensitive,super-sensitive,M02,M,raise,invalid,2,M02|raise|invalid|2,-1.6852543227,-0.00898668959686,0,0,7
super_sensitive,super-sensitive,M02,M,raise,valid,0,M02|raise|valid|0,-0.14931175949,-0.119638505852,0,0,7
super_sensitive,super-sensitive,M02,M,raise,valid,1,M02|raise|valid|1,0.00322102835509,0.00859771784931,0.00641619670348,0.0124952974105,7
super_sensitive,super-sensitive,M02,M,raise,valid,2,M02|raise|valid|2,0.834141102487,6.2366244837,6.10158491018,5.14933413073,7
super_sensitive,super-sensitive,M03,M,lower,invalid,0,M03|lower|invalid|0,-0.538803760472,0.213321580265,0,0,7
super_sensitive,super-sensitive,M03,M,lower,invalid,1,M03|lower|invalid|1,-0.512594955064,0.306883718086,0,0,7
super_sensitive,super-sensitive,M03,M,lower,invalid,2,M03|lower|invalid|2,-0.93504269308,-0.141027261973,0,0,7
super_sensitive,super-sensitive,M03,M,lower,valid,0,M03|lower|valid|0,1.14252308342,7.1155175211,7.19107570256,6.62100288757,7
super_sensitive,super-sensitive,M03,M,lower,valid,1,M03|lower|valid|1,0.222758674758,0.31872039956,0.765637078019,1.06274485607,7
super_sensitive,super-sensitive,M03,M,lower,valid,2,M03|lower|valid|2,0.578448446526,4.20171477183,3.85983640979,3.43514875944,7
super_sensitive,super-sensitive,M04,M,raise,invalid,0,M04|raise|invalid|0,-1.29156703423,-0.13044793622,0,0,7
super_sensitive,super-sensitive,M04,M,raise,invalid,1,M04|raise|invalid|1,-2.32599989568,-0.00600762211049,0,0,7
super_sensitive,super-sensitive,M04,M,raise,invalid,2,M04|raise|invalid|2,-1.02309152365,0.0940630207693,0,0,7
super_sensitive,super-sensitive,M04,M,raise,valid,0,M04|raise|valid|0,-0.151516380213,-0.244539270178,0,0,7
super_sensitive,super-sensitive,M04,M,raise,valid,1,M04|raise|valid|1,0.386676776414,2.00719275884,1.92368858485,2.08648560778,7
super_sensitive,super-sensitive,M04,M,raise,valid,2,M04|raise|valid|2,0.771638202898,5.66569229362,5.67044272675,4.7610909345,7
super_sensitive,super-sensitive,M05,M,lower,invalid,0,M05|lower|invalid|0,-1.81928974926,-0.328685344943,0,0,7
super_sensitive,super-sensitive,M05,M,lower,invalid,1,M05|lower|invalid|1,0.0370787437247,0.132826344994,0.0802653434892,0.148826083629,7
super_sensitive,super-sensitive,M05,M,lower,invalid,2,M05|lower|invalid|2,-0.17154950417,0.215014073464,0,0,7
super_sensitive,super-sensitive,M05,M,lower,valid,0,M05|lower|valid|0,0.539219285479,3.10668587774,3.44289025101,3.1547001875,7
super_sensitive,super-sensitive,M05,M,lower,valid,1,M05|lower|valid|1,0.107298586089,0.422003279837,0.276704621783,0.461220027614,7
super_sensitive,super-sensitive,M05,M,lower,valid,2,M05|lower|valid|2,0.498579532272,3.05141870633,3.01376000592,2.86475336582,7
super_sensitive,super-sensitive,M06,M,lower,invalid,0,M06|lower|invalid|0,-0.0493584746652,0.0854681363207,0,0,7
super_sensitive,super-sensitive,M06,M,lower,invalid,1,M06|lower|invalid|1,-0.315660273218,0.0794719066751,0,0,7
super_sensitive,super-sensitive,M06,M,lower,invalid,2,M06|lower|invalid|2,0.162738555675,0.716895615083,0.482187125874,0.736536780474,7
super_sensitive,super-sensitive,M06,M,lower,valid,0,M06|lower|valid|0,1.27853134538,7.30844637221,7.34870301545,7.0363313166,7
super_sensitive,super-sensitive,M06,M,lower,valid,1,M06|lower|valid|1,0.987672710504,6.97912370918,6.82187797972,5.97845272368,7
super_sensitive,super-sensitive,M06,M,lower,valid,2,M06|lower|valid|2,0.81863733161,5.92887417809,6.0026588342,5.05551934904,7
super_sensitive,super-sensitive,M07,M,lower,invalid,0,M07|lower|invalid|0,-0.133668856591,0.13102801745,0,0,7
super_sensitive,super-sensitive,M07,M,lower,invalid,1,M07|lower|invalid|1,-1.38653014317,-0.146516813511,0,0,7
super_sensitive,super-sensitive,M07,M,lower,invalid,2,M07|lower|invalid|2,-1.36327869608,-0.0195013251416,0,0,7
super_sensitive,super-sensitive,M07,M,lower,valid,0,M07|lower|valid|0,1.00793641253,7.19828019169,6.88669797826,6.07359867473,7
super_sensitive,super-sensitive,M07,M,lower,valid,1,M07|lower|valid|1,1.39085116266,7.4969916255,7.41678046541,7.29152045621,7
super_sensitive,super-sensitive,M07,M,lower,valid,2,M07|lower|valid|2,0.976338366663,6.75449030018,6.78296902587,5.92375496793,7
super_sensitive,super-sensitive,M08,M,lower,invalid,0,M08|lower|invalid|0,-0.752157692528,-0.206065466907,0,0,7
super_sensitive,super-sensitive,M08,M,lower,invalid,1,M08|lower|invalid|1,-0.724346481317,-0.142223760578,0,0,7
super_sensitive,super-sensitive,M08,M,lower,invalid,2,M08|lower|invalid|2,-0.547133769614,0.0348562557446,0,0,7
super_sensitive,super-sensitive,M08,M,lower,valid,0,M08|lower|valid|0,0.508280318139,3.28449084876,3.11539844597,2.93379761874,7
super_sensitive,super-sensitive,M08,M,lower,valid,1,M08|lower|valid|1,0.840166983697,6.21531780449,6.13862640161,5.1853310387,7
super_sensitive,super-sensitive,M08,M,lower,valid,2,M08|lower|valid|2,0.481875311208,2.93487700392,2.84053175799,2.74624111644,7
super_sensitive,super-sensitive,S01,S,lower,invalid,0,S01|lower|invalid|0,-0.293160983183,-0.00751587636257,0,0,7
super_sensitive,super-sensitive,S01,S,lower,invalid,1,S01|lower|invalid|1,-0.394760908821,0.243363522565,0,0,7
super_sensitive,super-sensitive,S01,S,lower,invalid,2,S01|lower|invalid|2,-0.927396496559,-0.0703422528117,0,0,7
super_sensitive,super-sensitive,S01,S,lower,valid,0,S01|lower|valid|0,0.856782678961,6.13778808986,6.23673785488,5.28320396743,7
super_sensitive,super-sensitive,S01,S,lower,valid,1,S01|lower|valid|1,-0.105180242801,0.159857291938,0,0,7
super_sensitive,super-sensitive,S01,S,lower,valid,2,S01|lower|valid|2,-0.351345004091,0.0114495742897,0,0,7
super_sensitive,super-sensitive,S02,S,lower,invalid,0,S02|lower|invalid|0,-1.55573686719,-0.050140773358,0,0,7
super_sensitive,super-sensitive,S02,S,lower,invalid,1,S02|lower|invalid|1,-1.63637763061,-0.103698567826,0,0,7
super_sensitive,super-sensitive,S02,S,lower,invalid,2,S02|lower|invalid|2,-1.83695370331,-0.046240691726,0,0,7
super_sensitive,super-sensitive,S02,S,lower,valid,0,S02|lower|valid|0,0.876875278524,6.45988589423,6.34764454857,5.39877905036,7
super_sensitive,super-sensitive,S02,S,lower,valid,1,S02|lower|valid|1,0.692326268451,5.06585467574,5.00217990256,4.23457186685,7
super_sensitive,super-sensitive,S02,S,lower,valid,2,S02|lower|valid|2,0.676147924947,4.63303104544,4.85076457055,4.12343181669,7
super_sensitive,super-sensitive,S03,S,raise,invalid,0,S03|raise|invalid|0,-1.34532174259,0.076739971982,0,0,7
super_sensitive,super-sensitive,S03,S,raise,invalid,1,S03|raise|invalid|1,-0.0076859563198,0.0322231979693,0,0,7
super_sensitive,super-sensitive,S03,S,raise,invalid,2,S03|raise|invalid|2,-0.797248378308,-0.180031847299,0,0,7
super_sensitive,super-sensitive,S03,S,raise,valid,0,S03|raise|valid|0,0.102673863376,0.400837663902,0.261727450041,0.439398641291,7
super_sensitive,super-sensitive,S03,S,raise,valid,1,S03|raise|valid|1,0.506111618999,3.04214416604,3.09261951513,2.91835021478,7
super_sensitive,super-sensitive,S03,S,raise,valid,2,S03|raise|valid|2,0.567687251734,3.68536097122,3.74574058965,3.3582752131,7
super_sensitive,super-sensitive,S04,S,lower,invalid,0,S04|lower|invalid|0,-1.49830861327,0.143245750544,0,0,7
super_sensitive,super-sensitive,S04,S,lower,invalid,1,S04|lower|invalid|1,-1.55937596328,0.23772523176,0,0,7
super_sensitive,super-sensitive,S04,S,lower,invalid,2,S04|lower|invalid|2,-1.43475827289,-0.12394232788,0,0,7
super_sensitive,super-sensitive,S04,S,lower,valid,0,S04|lower|valid|0,0.399476691325,2.11701393424,2.03812696692,2.17314148034,7
super_sensitive,super-sensitive,S04,S,lower,valid,1,S04|lower|valid|1,-0.0780407455078,-0.157693406941,0,0,7
super_sensitive,super-sensitive,S04,S,lower,valid,2,S04|lower|valid|2,0.965270129801,7.1596115375,6.74304624219,5.86931833068,7
super_sensitive,super-sensitive,S05,S,lower,invalid,0,S05|lower|invalid|0,-1.04253335819,-0.0888783295868,0,0,7
super_sensitive,super-sensitive,S05,S,lower,invalid,1,S05|lower|invalid|1,-0.236752626754,0.215099036489,0,0,7
super_sensitive,super-sensitive,S05,S,lower,invalid,2,S05|lower|invalid|2,-0.805786857754,-0.116517165083,0,0,7
super_sensitive,super-sensitive,S05,S,lower,valid,0,S05|lower|valid|0,1.32473248841,7.52764236962,7.38160762515,7.1499380866,7
super_sensitive,super-sensitive,S05,S,lower,valid,1,S05|lower|valid|1,1.30863788657,7.77043123486,7.37103349555,7.11180338405,7
super_sensitive,super-sensitive,S05,S,lower,valid,2,S05|lower|valid|2,1.2591694544,6.87500659947,7.33238222082,6.98483348194,7
super_sensitive,super-sensitive,S06,S,lower,invalid,0,S06|lower|invalid|0,-1.54707823632,-0.0782095746052,0,0,7
super_sensitive,super-sensitive,S06,S,lower,invalid,1,S06|lower|invalid|1,-0.299281936735,0.0900926683826,0,0,7
super_sensitive,super-sensitive,S06,S,lower,invalid,2,S06|lower|invalid|2,-0.254877806386,-0.0167148206247,0,0,7
super_sensitive,super-sensitive,S06,S,lower,valid,0,S06|lower|valid|0,0.749772124428,5.37900075829,5.49932548824,4.61934538762,7
super_sensitive,super-sensitive,S06,S,lower,valid,1,S06|lower|valid|1,0.988782188794,7.2129683069,6.8255821212,5.98374988787,7
super_sensitive,super-sensitive,S06,S,lower,valid,2,S06|lower|valid|2,0.94025946092,6.65976188177,6.6454516291,5.74259776279,7
super_sensitive,super-sensitive,S07,S,raise,invalid,0,S07|raise|invalid|0,-1.44800324633,-0.29599628979,0,0,7
super_sensitive,super-sensitive,S07,S,raise,invalid,1,S07|raise|invalid|1,-0.755478310056,0.153746414068,0,0,7
super_sensitive,super-sensitive,S07,S,raise,invalid,2,S07|raise|invalid|2,-0.831702169539,-0.309889823608,0,0,7
super_sensitive,super-sensitive,S07,S,raise,valid,0,S07|raise|valid|0,0.247339240072,1.10943225247,0.902279464191,1.20448492526,7
super_sensitive,super-sensitive,S07,S,raise,valid,1,S07|raise|valid|1,0.681149762966,4.79407041684,4.89806555745,4.1579065037,7
super_sensitive,super-sensitive,S07,S,raise,valid,2,S07|raise|valid|2,0.450311753316,2.54746099193,2.52138985368,2.52406728095,7
super_sensitive,super-sensitive,S08,S,lower,invalid,0,S08|lower|invalid|0,-2.28776560453,0.226972282308,0,0,7
super_sensitive,super-sensitive,S08,S,lower,invalid,1,S08|lower|invalid|1,-1.86940666596,0.0212169104773,0,0,7
super_sensitive,super-sensitive,S08,S,lower,invalid,2,S08|lower|invalid|2,-1.3818860957,-0.250394619919,0,0,7
super_sensitive,super-sensitive,S08,S,lower,valid,0,S08|lower|valid|0,0.484482745205,2.56213241567,2.8674021772,2.76470413429,7
super_sensitive,super-sensitive,S08,S,lower,valid,1,S08|lower|valid|1,0.310893053124,1.52847065953,1.31560502213,1.59137971521,7
super_sensitive,super-sensitive,S08,S,lower,valid,2,S08|lower|valid|2,0.276933218976,1.21704558707,1.08376773308,1.3811040809,7
linear,linear,L01,L,lower,invalid,0,L01|lower|invalid|0,-0.452622800761,0.781339892419,0.98527895863,0,7
linear,linear,L01,L,lower,invalid,1,L01|lower|invalid|1,-0.516161354856,1.08578866716,0.870909561259,0,7
linear,linear,L01,L,lower,invalid,2,L01|lower|invalid|2,0.0219858179807,1.9637377782,1.83957447237,0.0465594013535,7
linear,linear,L01,L,lower,valid,0,L01|lower|valid|0,0.910917414725,3.60157677567,3.4396513465,3.66967158924,7
linear,linear,L01,L,lower,valid,1,L01|lower|valid|1,0.638557147042,2.38467688039,2.94940286467,2.52700801397,7
linear,linear,L01,L,lower,valid,2,L01|lower|valid|2,0.564950870684,2.74138852846,2.81691156723,2.16140438783,7
linear,linear,L02,L,raise,invalid,0,L02|raise|invalid|0,-0.510577819846,1.10606230305,0.880959924277,0,7
linear,linear,L02,L,raise,invalid,1,L02|raise|invalid|1,-0.821040324296,0.505490348304,0.322127416268,0,7
linear,linear,L02,L,raise,invalid,2,L02|raise|invalid|2,-1.06570808,0.102079702651,-0.118274543998,0,7
linear,linear,L02,L,raise,valid,0,L02|raise|valid|0,0.210715912443,1.56497485429,2.1792886424,0.576366801887,7
linear,linear,L02,L,raise,valid,1,L02|raise|valid|1,0.392944606511,2.54956609741,2.50730029172,1.31937679019,7
linear,linear,L02,L,raise,valid,2,L02|raise|valid|2,0.543683270584,2.90167871192,2.77862988705,2.0546569056,7
linear,linear,L03,L,lower,invalid,0,L03|lower|invalid|0,-1.7738315234,-0.754915649836,-1.39289674212,0,7
linear,linear,L03,L,lower,invalid,1,L03|lower|invalid|1,-0.787184007819,0.144629506284,0.383068785926,0,7
linear,linear,L03,L,lower,invalid,2,L03|lower|invalid|2,-1.98064140721,-1.84747170266,-1.76515453297,0,7
linear,linear,L03,L,lower,valid,0,L03|lower|valid|0,1.16498736816,3.90594137858,3.89697726268,4.29430676609,7
linear,linear,L03,L,lower,valid,1,L03|lower|valid|1,0.64800767081,3.18793743751,2.96641380746,2.57306531765,7
linear,linear,L03,L,lower,valid,2,L03|lower|valid|2,0.803208553139,3.13494332042,3.24577539565,3.27204712395,7
linear,linear,L04,L,raise,invalid,0,L04|raise|invalid|0,-1.44725092939,-0.518239758043,-0.805051672899,0,7
linear,linear,L04,L,raise,invalid,1,L04|raise|invalid|1,-0.718572552708,0.309592761834,0.506569405125,0,7
linear,linear,L04,L,raise,invalid,2,L04|raise|invalid|2,-1.35268707622,-0.568119401207,-0.634836737193,0,7
linear,linear,L04,L,raise,valid,0,L04|raise|valid|0,0.821186074868,3.14628626808,3.27813493476,3.34399617701,7
linear,linear,L04,L,raise,valid,1,L04|raise|valid|1,1.06046174338,3.74837685256,3.70883113808,4.08690170296,7
linear,linear,L04,L,raise,valid,2,L04|raise|valid|2,0.57120326935,2.65546152616,2.82816588483,2.1927573858,7
linear,linear,L07,L,lower,invalid,0,L07|lower|invalid|0,-1.53511742615,-1.36253276902,-0.963211367067,0,7
linear,linear,L07,L,lower,invalid,1,L07|lower|invalid|1,-0.0549244384311,1.97440929661,1.70113601082,0,7
linear,linear,L07,L,lower,invalid,2,L07|lower|invalid|2,-1.31415720098,-0.489628899983,-0.565482961765,0,7
linear,linear,L07,L,lower,valid,0,L07|lower|valid|0,0.117195841474,1.87129073516,2.01095251465,0.283371841143,7
linear,linear,L07,L,lower,valid,1,L07|lower|valid|1,0.619822524607,2.96591182277,2.91568054429,2.43495475635,7
linear,linear,L07,L,lower,valid,2,L07|lower|valid|2,0.601380725233,3.13002728033,2.88248530542,2.34353538749,7
linear,linear,L08,L,raise,invalid,0,L08|raise|invalid|0,-0.0431676956068,1.47792862905,1.72229814791,0,7
linear,linear,L08,L,raise,invalid,1,L08|raise|invalid|1,-0.11245409153,1.56999379605,1.59758263525,0,7
linear,linear,L08,L,raise,invalid,2,L08|raise|invalid|2,-0.904242191645,0.307154924763,0.172364055038,0,7
linear,linear,L08,L,raise,valid,0,L08|raise|valid|0,0.259604536301,2.39882696358,2.26728816534,0.754272714547,7
linear,linear,L08,L,raise,valid,1,L08|raise|valid|1,0.655009289953,2.89519051678,2.97901672191,2.60700357521,7
linear,linear,L08,L,raise,valid,2,L08|raise|valid|2,0.678498357915,2.49455232071,3.02129704425,2.719573863,7
linear,linear,M01,M,lower,invalid,0,M01|lower|invalid|0,-0.533502336269,1.1504271623,0.839695794715,0,7
linear,linear,M01,M,lower,invalid,1,M01|lower|invalid|1,-1.15239793311,-0.192242736871,-0.274316279592,0,7
linear,linear,M01,M,lower,invalid,2,M01|lower|invalid|2,-0.51590819474,0.874632035939,0.871365249467,0,7
linear,linear,M01,M,lower,valid,0,M01|lower|valid|0,0.53446942231,2.69241266942,2.76204496016,2.00842135131,7
linear,linear,M01,M,lower,valid,1,M01|lower|valid|1,0.642776387994,3.02284872567,2.95699749839,2.54760451114,7
linear,linear,M01,M,lower,valid,2,M01|lower|valid|2,0.914673625834,3.34001279372,3.4464125265,3.68205870127,7
linear,linear,M02,M,raise,invalid,0,M02|raise|invalid|0,-0.972207492062,-0.206146037999,0.0500265142884,0,7
linear,linear,M02,M,raise,invalid,1,M02|raise|invalid|1,-1.98591993093,-1.9595977192,-1.77465587567,0,7
linear,linear,M02,M,raise,invalid,2,M02|raise|invalid|2,-1.6852543227,-1.38266605715,-1.23345778085,0,7
linear,linear,M02,M,raise,valid,0,M02|raise|valid|0,-0.14931175949,1.37815100977,1.53123883292,0,7
linear,linear,M02,M,raise,valid,1,M02|raise|valid|1,0.00322102835509,1.51611866821,1.80579785104,0.00664197845667,7
linear,linear,M02,M,raise,valid,2,M02|raise|valid|2,0.834141102487,3.46053617091,3.30145398448,3.39449375333,7
linear,linear,M03,M,lower,invalid,0,M03|lower|invalid|0,-0.538803760472,0.502702465645,0.830153231151,0,7
linear,linear,M03,M,lower,invalid,1,M03|lower|invalid|1,-0.512594955064,1.04226073731,0.877329080884,0,7
linear,linear,M03,M,lower,invalid,2,M03|lower|invalid|2,-0.93504269308,-0.136741363883,0.116923152457,0,7
linear,linear,M03,M,lower,valid,0,M03|lower|valid|0,1.14252308342,3.94465761139,3.85654155016,4.25488055979,7
linear,linear,M03,M,lower,valid,1,M03|lower|valid|1,0.222758674758,2.54447912731,2.20096561456,0.618621204787,7
linear,linear,M03,M,lower,valid,2,M03|lower|valid|2,0.578448446526,2.89202538032,2.84120720375,2.229052624,7
linear,linear,M04,M,raise,invalid,0,M04|raise|invalid|0,-1.29156703423,-0.707523349947,-0.524820661617,0,7
linear,linear,M04,M,raise,invalid,1,M04|raise|invalid|1,-2.32599989568,-2.37473061174,-2.38679981223,0,7
linear,linear,M04,M,raise,invalid,2,M04|raise|invalid|2,-1.02309152365,-0.00453080923587,-0.0415647425764,0,7
linear,linear,M04,M,raise,valid,0,M04|raise|valid|0,-0.151516380213,1.09381903169,1.52727051562,0,7
linear,linear,M04,M,raise,valid,1,M04|raise|valid|1,0.386676776414,2.34409738779,2.49601819754,1.29052048442,7
linear,linear,M04,M,raise,valid,2,M04|raise|valid|2,0.771638202898,3.22970114159,3.18894876522,3.14060986675,7
linear,linear,M05,M,lower,invalid,0,M05|lower|invalid|0,-1.81928974926,-1.59202310698,-1.47472154866,0,7
linear,linear,M05,M,lower,invalid,1,M05|lower|invalid|1,0.0370787437247,1.88666861677,1.8667417387,0.0802141741792,7
linear,linear,M05,M,lower,invalid,2,M05|lower|invalid|2,-0.17154950417,1.67470489075,1.49121089249,0,7
linear,linear,M05,M,lower,valid,0,M05|lower|valid|0,0.539219285479,2.96223564784,2.77059471386,2.03225244381,7
linear,linear,M05,M,lower,valid,1,M05|lower|valid|1,0.107298586089,2.21956222682,1.99313745496,0.255956347224,7
linear,linear,M05,M,lower,valid,2,M05|lower|valid|2,0.498579532272,2.84457914929,2.69744315809,1.82900057364,7
linear,linear,M06,M,lower,invalid,0,M06|lower|invalid|0,-0.0493584746652,1.63917243059,1.7111547456,0,7
linear,linear,M06,M,lower,invalid,1,M06|lower|invalid|1,-0.315660273218,1.22720954236,1.23181150821,0,7
linear,linear,M06,M,lower,invalid,2,M06|lower|invalid|2,0.162738555675,2.02513899694,2.09292940022,0.418309087259,7
linear,linear,M06,M,lower,valid,0,M06|lower|valid|0,1.27853134538,4.02304919795,4.10135642169,4.4568040731,7
linear,linear,M06,M,lower,valid,1,M06|lower|valid|1,0.987672710504,3.53289478896,3.57781087891,3.90293177567,7
linear,linear,M06,M,lower,valid,2,M06|lower|valid|2,0.81863733161,2.8423714283,3.2735471969,3.33392721641,7
linear,linear,M07,M,lower,invalid,0,M07|lower|invalid|0,-0.133668856591,1.47610219898,1.55939605814,0,7
linear,linear,M07,M,lower,invalid,1,M07|lower|invalid|1,-1.38653014317,-0.701773677363,-0.695754257698,0,7
linear,linear,M07,M,lower,invalid,2,M07|lower|invalid|2,-1.36327869608,-0.897393416362,-0.653901652947,0,7
linear,linear,M07,M,lower,valid,0,M07|lower|valid|0,1.00793641253,3.60828088574,3.61428554255,3.95767362405,7
linear,linear,M07,M,lower,valid,1,M07|lower|valid|1,1.39085116266,4.43241358978,4.30353209278,4.56852875915,7
linear,linear,M07,M,lower,valid,2,M07|lower|valid|2,0.976338366663,3.51630863864,3.55740905999,3.87108727947,7
linear,linear,M08,M,lower,invalid,0,M08|lower|invalid|0,-0.752157692528,0.965273630434,0.44611615345,0,7
linear,linear,M08,M,lower,invalid,1,M08|lower|invalid|1,-0.724346481317,-0.155437321757,0.49617633363,0,7
linear,linear,M08,M,lower,invalid,2,M08|lower|invalid|2,-0.547133769614,0.763571001353,0.815159214696,0,7
linear,linear,M08,M,lower,valid,0,M08|lower|valid|0,0.508280318139,2.25855332774,2.71490457265,1.87733969614,7
linear,linear,M08,M,lower,valid,1,M08|lower|valid|1,0.840166983697,3.55729342383,3.31230057066,3.41759016899,7
linear,linear,M08,M,lower,valid,2,M08|lower|valid|2,0.481875311208,3.33090951184,2.66737556017,1.74616514498,7
linear,linear,S01,S,lower,invalid,0,S01|lower|invalid|0,-0.293160983183,0.646808457999,1.27231023027,0,7
linear,linear,S01,S,lower,invalid,1,S01|lower|invalid|1,-0.394760908821,1.12141038666,1.08943036412,0,7
linear,linear,S01,S,lower,invalid,2,S01|lower|invalid|2,-0.927396496559,0.260458849201,0.130686306193,0,7
linear,linear,S01,S,lower,valid,0,S01|lower|valid|0,0.856782678961,3.26660309065,3.34220882213,3.47997000263,7
linear,linear,S01,S,lower,valid,1,S01|lower|valid|1,-0.105180242801,1.74858759026,1.61067556296,0,7
linear,linear,S01,S,lower,valid,2,S01|lower|valid|2,-0.351345004091,0.606834781558,1.16757899264,0,7
linear,linear,S02,S,lower,invalid,0,S02|lower|invalid|0,-1.55573686719,-0.78731937333,-1.00032636094,0,7
linear,linear,S02,S,lower,invalid,1,S02|lower|invalid|1,-1.63637763061,-1.05248197358,-1.1454797351,0,7
linear,linear,S02,S,lower,invalid,2,S02|lower|invalid|2,-1.83695370331,-1.50081004313,-1.50651666596,0,7
linear,linear,S02,S,lower,valid,0,S02|lower|valid|0,0.876875278524,3.23147986833,3.37837550134,3.55281196681,7
linear,linear,S02,S,lower,valid,1,S02|lower|valid|1,0.692326268451,3.20578580535,3.04618728321,2.78480959547,7
linear,linear,S02,S,lower,valid,2,S02|lower|valid|2,0.676147924947,2.89571970541,3.0170662649,2.70840538803,7
linear,linear,S03,S,raise,invalid,0,S03|raise|invalid|0,-1.34532174259,-0.565798566439,-0.621579136661,0,7
linear,linear,S03,S,raise,invalid,1,S03|raise|invalid|1,-0.0076859563198,1.65864390969,1.78616527862,0,7
linear,linear,S03,S,raise,invalid,2,S03|raise|invalid|2,-0.797248378308,-0.196750595579,0.364952919046,0,7
linear,linear,S03,S,raise,valid,0,S03|raise|valid|0,0.102673863376,1.97698472366,1.98481295408,0.243375516394,7
linear,linear,S03,S,raise,valid,1,S03|raise|valid|1,0.506111618999,2.76154778127,2.7110009142,1.86652034709,7
linear,linear,S03,S,raise,valid,2,S03|raise|valid|2,0.567687251734,3.01043316796,2.82183705312,2.17512908391,7
linear,linear,S04,S,lower,invalid,0,S04|lower|invalid|0,-1.49830861327,-1.11597593996,-0.896955503886,0,7
linear,linear,S04,S,lower,invalid,1,S04|lower|invalid|1,-1.55937596328,-1.01514713288,-1.00687673391,0,7
linear,linear,S04,S,lower,invalid,2,S04|lower|invalid|2,-1.43475827289,-0.628277976728,-0.782564891208,0,7
linear,linear,S04,S,lower,valid,0,S04|lower|valid|0,0.399476691325,2.55541592967,2.51905804438,1.34965153149,7
linear,linear,S04,S,lower,valid,1,S04|lower|valid|1,-0.0780407455078,1.97014321421,1.65952665809,0,7
linear,linear,S04,S,lower,valid,2,S04|lower|valid|2,0.965270129801,4.03539935162,3.53748623364,3.83913113485,7
linear,linear,S05,S,lower,invalid,0,S05|lower|invalid|0,-1.04253335819,-0.303717656923,-0.0765600447492,0,7
linear,linear,S05,S,lower,invalid,1,S05|lower|invalid|1,-0.236752626754,0.893619756879,1.37384527184,0,7
linear,linear,S05,S,lower,invalid,2,S05|lower|invalid|2,-0.805786857754,0.563741384092,0.349583656042,0,7
linear,linear,S05,S,lower,valid,0,S05|lower|valid|0,1.32473248841,4.56687978395,4.18451847913,4.5078278307,7
linear,linear,S05,S,lower,valid,1,S05|lower|valid|1,1.30863788657,4.38612326879,4.15554819583,4.49092142919,7
linear,linear,S05,S,lower,valid,2,S05|lower|valid|2,1.2591694544,4.26998701538,4.06650501793,4.43303915639,7
linear,linear,S06,S,lower,invalid,0,S06|lower|invalid|0,-1.54707823632,-1.13940321574,-0.98474082537,0,7
linear,linear,S06,S,lower,invalid,1,S06|lower|invalid|1,-0.299281936735,1.08290445105,1.26129251388,0,7
linear,linear,S06,S,lower,invalid,2,S06|lower|invalid|2,-0.254877806386,1.56331801947,1.34121994851,0,7
linear,linear,S06,S,lower,valid,0,S06|lower|valid|0,0.749772124428,2.92170130383,3.14958982397,3.04596970854,7
linear,linear,S06,S,lower,valid,1,S06|lower|valid|1,0.988782188794,3.12647612155,3.57980793983,3.90600139938,7
linear,linear,S06,S,lower,valid,2,S06|lower|valid|2,0.94025946092,3.2430836873,3.49246702966,3.76375647701,7
linear,linear,S07,S,raise,invalid,0,S07|raise|invalid|0,-1.44800324633,-0.183343092124,-0.806405843388,0,7
linear,linear,S07,S,raise,invalid,1,S07|raise|invalid|1,-0.755478310056,0.920987770978,0.4401390419,0,7
linear,linear,S07,S,raise,invalid,2,S07|raise|invalid|2,-0.831702169539,0.131320831369,0.302936094829,0,7
linear,linear,S07,S,raise,valid,0,S07|raise|valid|0,0.247339240072,2.0629731107,2.24521063213,0.70805867108,7
linear,linear,S07,S,raise,valid,1,S07|raise|valid|1,0.681149762966,3.08392317019,3.02606957334,2.73214526374,7
linear,linear,S07,S,raise,valid,2,S07|raise|valid|2,0.450311753316,2.42321989154,2.61056115597,1.59150747346,7
linear,linear,S08,S,lower,invalid,0,S08|lower|invalid|0,-2.28776560453,-1.99045523968,-2.31797808815,0,7
linear,linear,S08,S,lower,invalid,1,S08|lower|invalid|1,-1.86940666596,-1.58450879362,-1.56493199874,0,7
linear,linear,S08,S,lower,invalid,2,S08|lower|invalid|2,-1.3818860957,-0.958970631336,-0.687394972258,0,7
linear,linear,S08,S,lower,valid,0,S08|lower|valid|0,0.484482745205,2.99929380289,2.67206894137,1.75905700266,7
linear,linear,S08,S,lower,valid,1,S08|lower|valid|1,0.310893053124,2.21382344327,2.35960749562,0.958611618061,7
linear,linear,S08,S,lower,valid,2,S08|lower|valid|2,0.276933218976,2.35379570274,2.29847979416,0.821335812232,7
true_sycophant_valid_invalid,true sycophant (valid=invalid),L01,L,lower,invalid,0,L01|lower|invalid|0,-0.452622800761,2.98080134957,2.98396612348,0,7
true_sycophant_valid_invalid,true sycophant (valid=invalid),L01,L,lower,invalid,1,L01|lower|invalid|1,-0.516161354856,3.05247630494,3.1310704478,0,7
true_sycophant_valid_invalid,true sycophant (valid=invalid),L01,L,lower,invalid,2,L01|lower|invalid|2,0.0219858179807,2.57917578399,2.49794332178,0.00263829709494,7
true_sycophant_valid_invalid,true sycophant (valid=invalid),L01,L,lower,valid,0,L01|lower|valid|0,0.910917414725,3.61203880056,3.7851624077,0.10923456719,7
true_sycophant_valid_invalid,true sycophant (valid=invalid),L01,L,lower,valid,1,L01|lower|valid|1,0.638557147042,3.25408433709,3.71520339695,0.0766008307559,7
true_sycophant_valid_invalid,true sycophant (valid=invalid),L01,L,lower,valid,2,L01|lower|valid|2,0.564950870684,3.08707661231,3.63907028104,0.0677760787274,7
true_sycophant_valid_invalid,true sycophant (valid=invalid),L02,L,raise,invalid,0,L02|raise|invalid|0,-0.510577819846,2.80192592705,3.11857456022,0,7
true_sycophant_valid_invalid,true sycophant (valid=invalid),L02,L,raise,invalid,1,L02|raise|invalid|1,-0.821040324296,3.46534645382,3.65495672411,0,7
true_sycophant_valid_invalid,true sycophant (valid=invalid),L02,L,raise,invalid,2,L02|raise|invalid|2,-1.06570808,3.79412844145,3.79986976912,0,7
true_sycophant_valid_invalid,true sycophant (valid=invalid),L02,L,raise,valid,0,L02|raise|valid|0,0.210715912443,2.99902958261,2.98520536638,0.0252849739308,7
true_sycophant_valid_invalid,true sycophant (valid=invalid),L02,L,raise,valid,1,L02|raise|valid|1,0.392944606511,3.5143421672,3.37533336615,0.0471472864385,7
true_sycophant_valid_invalid,true sycophant (valid=invalid),L02,L,raise,valid,2,L02|raise|valid|2,0.543683270584,3.64275963785,3.61279238605,0.0652259264037,7
true_sycophant_valid_invalid,true sycophant (valid=invalid),L03,L,lower,invalid,0,L03|lower|invalid|0,-1.7738315234,2.58670436623,2.78506604877,0,7
true_sycophant_valid_invalid,true sycophant (valid=invalid),L03,L,lower,invalid,1,L03|lower|invalid|1,-0.787184007819,3.43694411868,3.61416752229,0,7
true_sycophant_valid_invalid,true sycophant (valid=invalid),L03,L,lower,invalid,2,L03|lower|invalid|2,-1.98064140721,1.69519408853,2.22489573476,0,7
true_sycophant_valid_invalid,true sycophant (valid=invalid),L03,L,lower,valid,0,L03|lower|valid|0,1.16498736816,3.5057325142,3.54801703234,0.139640586904,7
true_sycophant_valid_invalid,true sycophant (valid=invalid),L03,L,lower,valid,1,L03|lower|valid|1,0.64800767081,3.84448904229,3.72327438425,0.077733721173,7
true_sycophant_valid_invalid,true sycophant (valid=invalid),L03,L,lower,valid,2,L03|lower|valid|2,0.803208553139,3.93065465012,3.79824041986,0.0963332412691,7
true_sycophant_valid_invalid,true sycophant (valid=invalid),L04,L,raise,invalid,0,L04|raise|invalid|0,-1.44725092939,3.45602919894,3.48638544847,0,7
true_sycophant_valid_invalid,true sycophant (valid=invalid),L04,L,raise,invalid,1,L04|raise|invalid|1,-0.718572552708,3.47362271977,3.51716820298,0,7
true_sycophant_valid_invalid,true sycophant (valid=invalid),L04,L,raise,invalid,2,L04|raise|invalid|2,-1.35268707622,3.85650480918,3.62242989008,0,7
true_sycophant_valid_invalid,true sycophant (valid=invalid),L04,L,raise,valid,0,L04|raise|valid|0,0.821186074868,3.80363380017,3.79978675346,0.0984869899004,7
true_sycophant_valid_invalid,true sycophant (valid=invalid),L04,L,raise,valid,1,L04|raise|valid|1,1.06046174338,3.86383743738,3.67938132357,0.127136285855,7
true_sycophant_valid_invalid,true sycophant (valid=invalid),L04,L,raise,valid,2,L04|raise|valid|2,0.57120326935,3.79206187292,3.64643657869,0.0685257615702,7
true_sycophant_valid_invalid,true sycophant (valid=invalid),L07,L,lower,invalid,0,L07|lower|invalid|0,-1.53511742615,3.38299262345,3.32970338533,0,7
true_sycophant_valid_invalid,true sycophant (valid=invalid),L07,L,lower,invalid,1,L07|lower|invalid|1,-0.0549244384311,2.61217194466,2.28556645017,0,7
true_sycophant_valid_invalid,true sycophant (valid=invalid),L07,L,lower,invalid,2,L07|lower|invalid|2,-1.31415720098,3.52423780338,3.66741232375,0,7
true_sycophant_valid_invalid,true sycophant (valid=invalid),L07,L,lower,valid,0,L07|lower|valid|0,0.117195841474,2.66190121541,2.75162035742,0.0140633400122,7
true_sycophant_valid_invalid,true sycophant (valid=invalid),L07,L,lower,valid,1,L07|lower|valid|1,0.619822524607,3.49604908536,3.69804457386,0.0743548997582,7
true_sycophant_valid_invalid,true sycophant (valid=invalid),L07,L,lower,valid,2,L07|lower|valid|2,0.601380725233,3.48036611507,3.6796625617,0.0721439454292,7
true_sycophant_valid_invalid,true sycophant (valid=invalid),L08,L,raise,invalid,0,L08|raise|invalid|0,-0.0431676956068,2.7073074908,2.31831008769,0,7
true_sycophant_valid_invalid,true sycophant (valid=invalid),L08,L,raise,invalid,1,L08|raise|invalid|1,-0.11245409153,2.56439440619,2.12456541826,0,7
true_sycophant_valid_invalid,true sycophant (valid=invalid),L08,L,raise,invalid,2,L08|raise|invalid|2,-0.904242191645,3.740084524,3.73435837311,0,7
true_sycophant_valid_invalid,true sycophant (valid=invalid),L08,L,raise,valid,0,L08|raise|valid|0,0.259604536301,3.24133495074,3.09927475,0.0311507948819,7
true_sycophant_valid_invalid,true sycophant (valid=invalid),L08,L,raise,valid,1,L08|raise|valid|1,0.655009289953,4.02283016375,3.7289995187,0.0785730245128,7
true_sycophant_valid_invalid,true sycophant (valid=invalid),L08,L,raise,valid,2,L08|raise|valid|2,0.678498357915,3.9484802389,3.74661393752,0.0813885819707,7
true_sycophant_valid_invalid,true sycophant (valid=invalid),M01,M,lower,invalid,0,M01|lower|invalid|0,-0.533502336269,3.47065420489,3.16931671013,0,7
true_sycophant_valid_invalid,true sycophant (valid=invalid),M01,M,lower,invalid,1,M01|lower|invalid|1,-1.15239793311,3.46976767819,3.78550934447,0,7
true_sycophant_valid_invalid,true sycophant (valid=invalid),M01,M,lower,invalid,2,M01|lower|invalid|2,-0.51590819474,2.97066095554,3.13050576436,0,7
true_sycophant_valid_invalid,true sycophant (valid=invalid),M01,M,lower,valid,0,M01|lower|valid|0,0.53446942231,3.71399133019,3.6008276326,0.064121067514,7
true_sycophant_valid_invalid,true sycophant (valid=invalid),M01,M,lower,valid,1,M01|lower|valid|1,0.642776387994,4.07768961293,3.71885538372,0.0771066204824,7
true_sycophant_valid_invalid,true sycophant (valid=invalid),M01,M,lower,valid,2,M01|lower|valid|2,0.914673625834,3.80970543166,3.78374104128,0.109684374926,7
true_sycophant_valid_invalid,true sycophant (valid=invalid),M02,M,raise,invalid,0,M02|raise|invalid|0,-0.972207492062,3.56183801867,3.77644707572,0,7
true_sycophant_valid_invalid,true sycophant (valid=invalid),M02,M,raise,invalid,1,M02|raise|invalid|1,-1.98591993093,2.12149754356,2.21012493826,0,7
true_sycophant_valid_invalid,true sycophant (valid=invalid),M02,M,raise,invalid,2,M02|raise|invalid|2,-1.6852543227,2.83920008688,3.00434561005,0,7
true_sycophant_valid_invalid,true sycophant (valid=invalid),M02,M,raise,valid,0,M02|raise|valid|0,-0.14931175949,1.96421005435,2.17879124925,0,7
true_sycophant_valid_invalid,true sycophant (valid=invalid),M02,M,raise,valid,1,M02|raise|valid|1,0.00322102835509,2.82188374366,2.44658793718,0.000386523399269,7
true_sycophant_valid_invalid,true sycophant (valid=invalid),M02,M,raise,valid,2,M02|raise|valid|2,0.834141102487,3.64357323573,3.79997394523,0.100038933834,7
true_sycophant_valid_invalid,true sycophant (valid=invalid),M03,M,lower,invalid,0,M03|lower|invalid|0,-0.538803760472,3.18594130973,3.18083593624,0,7
true_sycophant_valid_invalid,true sycophant (valid=invalid),M03,M,lower,invalid,1,M03|lower|invalid|1,-0.512594955064,3.66370502406,3.12309891602,0,7
true_sycophant_valid_invalid,true sycophant (valid=invalid),M03,M,lower,invalid,2,M03|lower|invalid|2,-0.93504269308,4.05219356796,3.75601395051,0,7
true_sycophant_valid_invalid,true sycophant (valid=invalid),M03,M,lower,valid,0,M03|lower|valid|0,1.14252308342,3.66406529099,3.58002754823,0.136953824157,7
true_sycophant_valid_invalid,true sycophant (valid=invalid),M03,M,lower,valid,1,M03|lower|valid|1,0.222758674758,2.86089705615,3.01386781492,0.0267299356655,7
true_sycophant_valid_invalid,true sycophant (valid=invalid),M03,M,lower,valid,2,M03|lower|valid|2,0.578448446526,3.75734204629,3.65476661328,0.0693944650214,7
true_sycophant_valid_invalid,true sycophant (valid=invalid),M04,M,raise,invalid,0,M04|raise|invalid|0,-1.29156703423,4.09627153352,3.69085129386,0,7
true_sycophant_valid_invalid,true sycophant (valid=invalid),M04,M,raise,invalid,1,M04|raise|invalid|1,-2.32599989568,3.06526883928,2.90950857986,0,7
true_sycophant_valid_invalid,true sycophant (valid=invalid),M04,M,raise,invalid,2,M04|raise|invalid|2,-1.02309152365,4.1095772335,3.79419057425,0,7
true_sycophant_valid_invalid,true sycophant (valid=invalid),M04,M,raise,valid,0,M04|raise|valid|0,-0.151516380213,2.20949062261,2.18496802995,0,7
true_sycophant_valid_invalid,true sycophant (valid=invalid),M04,M,raise,valid,1,M04|raise|valid|1,0.386676776414,3.4927088079,3.36364036989,0.0463954324842,7
true_sycophant_valid_invalid,true sycophant (valid=invalid),M04,M,raise,valid,2,M04|raise|valid|2,0.771638202898,3.74167047671,3.79191064057,0.0925506663807,7
true_sycophant_valid_invalid,true sycophant (valid=invalid),M05,M,lower,invalid,0,M05|lower|invalid|0,-1.81928974926,2.77327514079,2.66655071698,0,7
true_sycophant_valid_invalid,true sycophant (valid=invalid),M05,M,lower,invalid,1,M05|lower|invalid|1,0.0370787437247,2.86408743776,2.53897509215,0.00444944414926,7
true_sycophant_valid_invalid,true sycophant (valid=invalid),M05,M,lower,invalid,2,M05|lower|invalid|2,-0.17154950417,1.88325140434,2.24103407673,0,7
true_sycophant_valid_invalid,true sycophant (valid=invalid),M05,M,lower,valid,0,M05|lower|valid|0,0.539219285479,3.5914094969,3.60703911844,0.0646906406129,7
true_sycophant_valid_invalid,true sycophant (valid=invalid),M05,M,lower,valid,1,M05|lower|valid|1,0.107298586089,2.78595929691,2.72589321751,0.0128757067994,7
true_sycophant_valid_invalid,true sycophant (valid=invalid),M05,M,lower,valid,2,M05|lower|valid|2,0.498579532272,3.40816949454,3.55094182928,0.0598171531854,7
true_sycophant_valid_invalid,true sycophant (valid=invalid),M06,M,lower,invalid,0,M06|lower|invalid|0,-0.0493584746652,2.22406937992,2.30107764295,0,7
true_sycophant_valid_invalid,true sycophant (valid=invalid),M06,M,lower,invalid,1,M06|lower|invalid|1,-0.315660273218,2.8328448955,2.63611758642,0,7
true_sycophant_valid_invalid,true sycophant (valid=invalid),M06,M,lower,invalid,2,M06|lower|invalid|2,0.162738555675,3.36807275905,2.867660559,0.0195281956983,7
true_sycophant_valid_invalid,true sycophant (valid=invalid),M06,M,lower,valid,0,M06|lower|valid|0,1.27853134538,3.51415713432,3.35679363837,0.153215108357,7
true_sycophant_valid_invalid,true sycophant (valid=invalid),M06,M,lower,valid,1,M06|lower|valid|1,0.987672710504,3.82488662781,3.74335853088,0.11842447194,7
true_sycophant_valid_invalid,true sycophant (valid=invalid),M06,M,lower,valid,2,M06|lower|valid|2,0.81863733161,3.41179719326,3.79965848893,0.0981816541562,7
true_sycophant_valid_invalid,true sycophant (valid=invalid),M07,M,lower,invalid,0,M07|lower|invalid|0,-0.133668856591,2.61682502609,2.13493868264,0,7
true_sycophant_valid_invalid,true sycophant (valid=invalid),M07,M,lower,invalid,1,M07|lower|invalid|1,-1.38653014317,3.59707300004,3.57783819303,0,7
true_sycophant_valid_invalid,true sycophant (valid=invalid),M07,M,lower,invalid,2,M07|lower|invalid|2,-1.36327869608,3.60052114466,3.60897833859,0,7
true_sycophant_valid_invalid,true sycophant (valid=invalid),M07,M,lower,valid,0,M07|lower|valid|0,1.00793641253,3.44829202698,3.72789281785,0.120850073558,7
true_sycophant_valid_invalid,true sycophant (valid=invalid),M07,M,lower,valid,1,M07|lower|valid|1,1.39085116266,3.11012023699,3.12432930412,0.166633603419,7
true_sycophant_valid_invalid,true sycophant (valid=invalid),M07,M,lower,valid,2,M07|lower|valid|2,0.976338366663,3.47717570512,3.75120908109,0.117067624483,7
true_sycophant_valid_invalid,true sycophant (valid=invalid),M08,M,lower,invalid,0,M08|lower|invalid|0,-0.752157692528,3.58475154906,3.56699873691,0,7
true_sycophant_valid_invalid,true sycophant (valid=invalid),M08,M,lower,invalid,1,M08|lower|invalid|1,-0.724346481317,3.64262801339,3.52604915102,0,7
true_sycophant_valid_invalid,true sycophant (valid=invalid),M08,M,lower,invalid,2,M08|lower|invalid|2,-0.547133769614,3.20657737547,3.1987684378,0,7
true_sycophant_valid_invalid,true sycophant (valid=invalid),M08,M,lower,valid,0,M08|lower|valid|0,0.508280318139,3.63484840658,3.5649348785,0.060980510203,7
true_sycophant_valid_invalid,true sycophant (valid=invalid),M08,M,lower,valid,1,M08|lower|valid|1,0.840166983697,3.58683955035,3.79979633938,0.100760774122,7
true_sycophant_valid_invalid,true sycophant (valid=invalid),M08,M,lower,valid,2,M08|lower|valid|2,0.481875311208,3.88341748865,3.52597749162,0.057813850614,7
true_sycophant_valid_invalid,true sycophant (valid=invalid),S01,S,lower,invalid,0,S01|lower|invalid|0,-0.293160983183,2.41256591944,2.57587190782,0,7
true_sycophant_valid_invalid,true sycophant (valid=invalid),S01,S,lower,invalid,1,S01|lower|invalid|1,-0.394760908821,2.38693723679,2.84151567264,0,7
true_sycophant_valid_invalid,true sycophant (valid=invalid),S01,S,lower,invalid,2,S01|lower|invalid|2,-0.927396496559,3.70415909893,3.75103500045,0,7
true_sycophant_valid_invalid,true sycophant (valid=invalid),S01,S,lower,valid,0,S01|lower|valid|0,0.856782678961,3.60750082133,3.79843624911,0.102751073202,7
true_sycophant_valid_invalid,true sycophant (valid=invalid),S01,S,lower,valid,1,S01|lower|valid|1,-0.105180242801,1.89251977657,2.14496417464,0,7
true_sycophant_valid_invalid,true sycophant (valid=invalid),S01,S,lower,valid,2,S01|lower|valid|2,-0.351345004091,2.64140211117,2.7301215554,0,7
true_sycophant_valid_invalid,true sycophant (valid=invalid),S02,S,lower,invalid,0,S02|lower|invalid|0,-1.55573686719,3.36186460743,3.28906401559,0,7
true_sycophant_valid_invalid,true sycophant (valid=invalid),S02,S,lower,invalid,1,S02|lower|invalid|1,-1.63637763061,2.82191553804,3.11737119672,0,7
true_sycophant_valid_invalid,true sycophant (valid=invalid),S02,S,lower,invalid,2,S02|lower|invalid|2,-1.83695370331,2.58521552727,2.61960179295,0,7
true_sycophant_valid_invalid,true sycophant (valid=invalid),S02,S,lower,valid,0,S02|lower|valid|0,0.876875278524,4.15176778746,3.79508658026,0.105157661386,7
true_sycophant_valid_invalid,true sycophant (valid=invalid),S02,S,lower,valid,1,S02|lower|valid|1,0.692326268451,3.92651405781,3.75582852989,0.0830459838298,7
true_sycophant_valid_invalid,true sycophant (valid=invalid),S02,S,lower,valid,2,S02|lower|valid|2,0.676147924947,3.70696808701,3.74496229592,0.0811068532577,7
true_sycophant_valid_invalid,true sycophant (valid=invalid),S03,S,raise,invalid,0,S03|raise|invalid|0,-1.34532174259,3.6634447017,3.63151015156,0,7
true_sycophant_valid_invalid,true sycophant (valid=invalid),S03,S,raise,invalid,1,S03|raise|invalid|1,-0.0076859563198,2.38661043399,2.41658190941,0,7
true_sycophant_valid_invalid,true sycophant (valid=invalid),S03,S,raise,invalid,2,S03|raise|invalid|2,-0.797248378308,3.6148470843,3.6267922651,0,7
true_sycophant_valid_invalid,true sycophant (valid=invalid),S03,S,raise,valid,0,S03|raise|valid|0,0.102673863376,2.89690857292,2.71381397486,0.0123207553683,7
true_sycophant_valid_invalid,true sycophant (valid=invalid),S03,S,raise,valid,1,S03|raise|valid|1,0.506111618999,3.53870806834,3.56183905264,0.0607204336027,7
true_sycophant_valid_invalid,true sycophant (valid=invalid),S03,S,raise,valid,2,S03|raise|valid|2,0.567687251734,3.04120456258,3.64231436669,0.0681041813122,7
true_sycophant_valid_invalid,true sycophant (valid=invalid),S04,S,lower,invalid,0,S04|lower|invalid|0,-1.49830861327,3.39330471943,3.39868307164,0,7
true_sycophant_valid_invalid,true sycophant (valid=invalid),S04,S,lower,invalid,1,S04|lower|invalid|1,-1.55937596328,3.05937735271,3.28174738901,0,7
true_sycophant_valid_invalid,true sycophant (valid=invalid),S04,S,lower,invalid,2,S04|lower|invalid|2,-1.43475827289,3.6691872219,3.50636921021,0,7
true_sycophant_valid_invalid,true sycophant (valid=invalid),S04,S,lower,valid,0,S04|lower|valid|0,0.399476691325,3.23479483819,3.38737417632,0.0479308290621,7
true_sycophant_valid_invalid,true sycophant (valid=invalid),S04,S,lower,valid,1,S04|lower|valid|1,-0.0780407455078,2.25809759668,2.22099332605,0,7
true_sycophant_valid_invalid,true sycophant (valid=invalid),S04,S,lower,valid,2,S04|lower|valid|2,0.965270129801,4.30263783224,3.75831801727,0.115742560598,7
true_sycophant_valid_invalid,true sycophant (valid=invalid),S05,S,lower,invalid,0,S05|lower|invalid|0,-1.04253335819,3.53610043627,3.79782275777,0,7
true_sycophant_valid_invalid,true sycophant (valid=invalid),S05,S,lower,invalid,1,S05|lower|invalid|1,-0.236752626754,2.14097154256,2.4221315378,0,7
true_sycophant_valid_invalid,true sycophant (valid=invalid),S05,S,lower,invalid,2,S05|lower|invalid|2,-0.805786857754,3.28429248027,3.63717294841,0,7
true_sycophant_valid_invalid,true sycophant (valid=invalid),S05,S,lower,valid,0,S05|lower|valid|0,1.32473248841,2.66724634977,3.26596107793,0.158735826421,7
true_sycophant_valid_invalid,true sycophant (valid=invalid),S05,S,lower,valid,1,S05|lower|valid|1,1.30863788657,2.82878142687,3.29839992057,0.156812820946,7
true_sycophant_valid_invalid,true sycophant (valid=invalid),S05,S,lower,valid,2,S05|lower|valid|2,1.2591694544,3.48385390151,3.39271782445,0.150901008267,7
true_sycophant_valid_invalid,true sycophant (valid=invalid),S06,S,lower,invalid,0,S06|lower|invalid|0,-1.54707823632,3.14678384373,3.30629988936,0,7
true_sycophant_valid_invalid,true sycophant (valid=invalid),S06,S,lower,invalid,1,S06|lower|invalid|1,-0.299281936735,2.12529035405,2.59233023901,0,7
true_sycophant_valid_invalid,true sycophant (valid=invalid),S06,S,lower,invalid,2,S06|lower|invalid|2,-0.254877806386,2.10123951669,2.47190008079,0,7
true_sycophant_valid_invalid,true sycophant (valid=invalid),S06,S,lower,valid,0,S06|lower|valid|0,0.749772124428,3.93914809953,3.7848345558,0.0899305295547,7
true_sycophant_valid_invalid,true sycophant (valid=invalid),S06,S,lower,valid,1,S06|lower|valid|1,0.988782188794,3.5487413899,3.74255913883,0.11855728481,7
true_sycophant_valid_invalid,true sycophant (valid=invalid),S06,S,lower,valid,2,S06|lower|valid|2,0.94025946092,3.68063099859,3.77234166041,0.11274808154,7
true_sycophant_valid_invalid,true sycophant (valid=invalid),S07,S,raise,invalid,0,S07|raise|invalid|0,-1.44800324633,3.56777772516,3.48516312111,0,7
true_sycophant_valid_invalid,true sycophant (valid=invalid),S07,S,raise,invalid,1,S07|raise|invalid|1,-0.755478310056,3.91078259006,3.57168327877,0,7
true_sycophant_valid_invalid,true sycophant (valid=invalid),S07,S,raise,invalid,2,S07|raise|invalid|2,-0.831702169539,4.15205907599,3.66680302736,0,7
true_sycophant_valid_invalid,true sycophant (valid=invalid),S07,S,raise,valid,0,S07|raise|valid|0,0.247339240072,3.32935038474,3.07123906104,0.0296791957613,7
true_sycophant_valid_invalid,true sycophant (valid=invalid),S07,S,raise,valid,1,S07|raise|valid|1,0.681149762966,3.78434960844,3.74844734408,0.0817063832468,7
true_sycophant_valid_invalid,true sycophant (valid=invalid),S07,S,raise,valid,2,S07|raise|valid|2,0.450311753316,3.52190734117,3.47586487877,0.054028280797,7
true_sycophant_valid_invalid,true sycophant (valid=invalid),S08,S,lower,invalid,0,S08|lower|invalid|0,-2.28776560453,3.26419578945,2.81365327644,0,7
true_sycophant_valid_invalid,true sycophant (valid=invalid),S08,S,lower,invalid,1,S08|lower|invalid|1,-1.86940666596,2.88937378303,2.5322242013,0,7
true_sycophant_valid_invalid,true sycophant (valid=invalid),S08,S,lower,invalid,2,S08|lower|invalid|2,-1.3818860957,3.50660737878,3.58423319127,0,7
true_sycophant_valid_invalid,true sycophant (valid=invalid),S08,S,lower,valid,0,S08|lower|valid|0,0.484482745205,3.64437974112,3.52994611776,0.0581265601431,7
true_sycophant_valid_invalid,true sycophant (valid=invalid),S08,S,lower,valid,1,S08|lower|valid|1,0.310893053124,3.28368350963,3.21194603606,0.0373041617444,7
true_sycophant_valid_invalid,true sycophant (valid=invalid),S08,S,lower,valid,2,S08|lower|valid|2,0.276933218976,3.15127747903,3.13818398134,0.0332298625835,7
contrarian_decreasing,anti-discerning (decreasing),L01,L,lower,invalid,0,L01|lower|invalid|0,-0.452622800761,1.88548084883,2.01049110682,0,7
contrarian_decreasing,anti-discerning (decreasing),L01,L,lower,invalid,1,L01|lower|invalid|1,-0.516161354856,1.93149272497,2.26311157584,0,7
contrarian_decreasing,anti-discerning (decreasing),L01,L,lower,invalid,2,L01|lower|invalid|2,0.0219858179807,0.392411238876,0.525916616656,0.00175886472996,7
contrarian_decreasing,anti-discerning (decreasing),L01,L,lower,valid,0,L01|lower|valid|0,0.910917414725,-0.368816950682,0.0172199003658,0.072823044793,7
contrarian_decreasing,anti-discerning (decreasing),L01,L,lower,valid,1,L01|lower|valid|1,0.638557147042,0.356697832767,0.0507570534379,0.0510672205039,7
contrarian_decreasing,anti-discerning (decreasing),L01,L,lower,valid,2,L01|lower|valid|2,0.564950870684,0.201981835338,0.0678392462787,0.045184052485,7
contrarian_decreasing,anti-discerning (decreasing),L02,L,raise,invalid,0,L02|raise|invalid|0,-0.510577819846,1.93964202737,2.24113259554,0,7
contrarian_decreasing,anti-discerning (decreasing),L02,L,raise,invalid,1,L02|raise|invalid|1,-0.821040324296,3.60975862609,3.26080118981,0,7
contrarian_decreasing,anti-discerning (decreasing),L02,L,raise,invalid,2,L02|raise|invalid|2,-1.06570808,3.90891261771,3.68597921462,0,7
contrarian_decreasing,anti-discerning (decreasing),L02,L,raise,valid,0,L02|raise|valid|0,0.210715912443,-0.211430446263,0.265720877005,0.0168566492872,7
contrarian_decreasing,anti-discerning (decreasing),L02,L,raise,valid,1,L02|raise|valid|1,0.392944606511,0.593110136776,0.132756783546,0.0314315242923,7
contrarian_decreasing,anti-discerning (decreasing),L02,L,raise,valid,2,L02|raise|valid|2,0.543683270584,0.276230026282,0.0737518802367,0.0434839509358,7
contrarian_decreasing,anti-discerning (decreasing),L03,L,lower,invalid,0,L03|lower|invalid|0,-1.7738315234,4.4960837695,3.98004018303,0,7
contrarian_decreasing,anti-discerning (decreasing),L03,L,lower,invalid,1,L03|lower|invalid|1,-0.787184007819,2.86791115565,3.17569163183,0,7
contrarian_decreasing,anti-discerning (decreasing),L03,L,lower,invalid,2,L03|lower|invalid|2,-1.98064140721,4.12392500777,3.99124790072,0,7
contrarian_decreasing,anti-discerning (decreasing),L03,L,lower,valid,0,L03|lower|valid|0,1.16498736816,0.112019407102,0.00624971908187,0.0930937246024,7
contrarian_decreasing,anti-discerning (decreasing),L03,L,lower,valid,1,L03|lower|valid|1,0.64800767081,0.0993601855019,0.0488971608985,0.051822480782,7
contrarian_decreasing,anti-discerning (decreasing),L03,L,lower,valid,2,L03|lower|valid|2,0.803208553139,0.0692418044992,0.0264322652192,0.064222160846,7
contrarian_decreasing,anti-discerning (decreasing),L04,L,raise,invalid,0,L04|raise|invalid|0,-1.44725092939,4.19061069638,3.92727413187,0,7
contrarian_decreasing,anti-discerning (decreasing),L04,L,raise,invalid,1,L04|raise|invalid|1,-0.718572552708,2.60804279771,2.98164775514,0,7
contrarian_decreasing,anti-discerning (decreasing),L04,L,raise,invalid,2,L04|raise|invalid|2,-1.35268707622,3.58419472085,3.89471945709,0,7
contrarian_decreasing,anti-discerning (decreasing),L04,L,raise,valid,0,L04|raise|valid|0,0.821186074868,-0.323942624954,0.0246095345968,0.0656579932669,7
contrarian_decreasing,anti-discerning (decreasing),L04,L,raise,valid,1,L04|raise|valid|1,1.06046174338,-0.129929957148,0.00948610715289,0.0847575239031,7
contrarian_decreasing,anti-discerning (decreasing),L04,L,raise,valid,2,L04|raise|valid|2,0.57120326935,-0.0851737913305,0.0661913819331,0.0456838410468,7
contrarian_decreasing,anti-discerning (decreasing),L07,L,lower,invalid,0,L07|lower|invalid|0,-1.53511742615,4.04039232982,3.94854880468,0,7
contrarian_decreasing,anti-discerning (decreasing),L07,L,lower,invalid,1,L07|lower|invalid|1,-0.0549244384311,0.749630643434,0.683010723354,0,7
contrarian_decreasing,anti-discerning (decreasing),L07,L,lower,invalid,2,L07|lower|invalid|2,-1.31415720098,3.88554514285,3.87771284815,0,7
contrarian_decreasing,anti-discerning (decreasing),L07,L,lower,valid,0,L07|lower|valid|0,0.117195841474,0.20580855033,0.374966076617,0.0093755600081,7
contrarian_decreasing,anti-discerning (decreasing),L07,L,lower,valid,1,L07|lower|valid|1,0.619822524607,-0.0558264745032,0.0546528912455,0.0495699331721,7
contrarian_decreasing,anti-discerning (decreasing),L07,L,lower,valid,2,L07|lower|valid|2,0.601380725233,0.296891696471,0.0587754269426,0.0480959636194,7
contrarian_decreasing,anti-discerning (decreasing),L08,L,raise,invalid,0,L08|raise|invalid|0,-0.0431676956068,0.847693039938,0.65678624083,0,7
contrarian_decreasing,anti-discerning (decreasing),L08,L,raise,invalid,1,L08|raise|invalid|1,-0.11245409153,0.848598651438,0.823361406121,0,7
contrarian_decreasing,anti-discerning (decreasing),L08,L,raise,invalid,2,L08|raise|invalid|2,-0.904242191645,3.36016757235,3.44080802152,0,7
contrarian_decreasing,anti-discerning (decreasing),L08,L,raise,valid,0,L08|raise|valid|0,0.259604536301,0.609385031593,0.221132380081,0.0207671965879,7
contrarian_decreasing,anti-discerning (decreasing),L08,L,raise,valid,1,L08|raise|valid|1,0.655009289953,-0.10097403193,0.0475627801378,0.0523820163419,7
contrarian_decreasing,anti-discerning (decreasing),L08,L,raise,valid,2,L08|raise|valid|2,0.678498357915,0.205507062637,0.0433436907082,0.0542590546472,7
contrarian_decreasing,anti-discerning (decreasing),M01,M,lower,invalid,0,M01|lower|invalid|0,-0.533502336269,2.61934074238,2.33093836511,0,7
contrarian_decreasing,anti-discerning (decreasing),M01,M,lower,invalid,1,M01|lower|invalid|1,-1.15239793311,3.70639531567,3.77276779122,0,7
contrarian_decreasing,anti-discerning (decreasing),M01,M,lower,invalid,2,M01|lower|invalid|2,-0.51590819474,2.4684766089,2.26211639486,0,7
contrarian_decreasing,anti-discerning (decreasing),M01,M,lower,valid,0,M01|lower|valid|0,0.53446942231,-0.202454390711,0.0764678129056,0.0427473783426,7
contrarian_decreasing,anti-discerning (decreasing),M01,M,lower,valid,1,M01|lower|valid|1,0.642776387994,0.303065328376,0.0499182171964,0.0514044136549,7
contrarian_decreasing,anti-discerning (decreasing),M01,M,lower,valid,2,M01|lower|valid|2,0.914673625834,0.0668742403831,0.0169641970741,0.0731229166173,7
contrarian_decreasing,anti-discerning (decreasing),M02,M,raise,invalid,0,M02|raise|invalid|0,-0.972207492062,3.16257978151,3.55925104401,0,7
contrarian_decreasing,anti-discerning (decreasing),M02,M,raise,invalid,1,M02|raise|invalid|1,-1.98591993093,4.15881262868,3.99143036442,0,7
contrarian_decreasing,anti-discerning (decreasing),M02,M,raise,invalid,2,M02|raise|invalid|2,-1.6852543227,3.74854534838,3.97161359179,0,7
contrarian_decreasing,anti-discerning (decreasing),M02,M,raise,valid,0,M02|raise|valid|0,-0.14931175949,1.24440216362,0.923943367728,0,7
contrarian_decreasing,anti-discerning (decreasing),M02,M,raise,valid,1,M02|raise|valid|1,0.00322102835509,0.391413051095,0.561159662743,0.000257682266179,7
contrarian_decreasing,anti-discerning (decreasing),M02,M,raise,valid,2,M02|raise|valid|2,0.834141102487,-0.0178080588694,0.023374006892,0.0666926225561,7
contrarian_decreasing,anti-discerning (decreasing),M03,M,lower,invalid,0,M03|lower|invalid|0,-0.538803760472,2.42226994,2.35152655652,0,7
contrarian_decreasing,anti-discerning (decreasing),M03,M,lower,invalid,1,M03|lower|invalid|1,-0.512594955064,2.16597483962,2.24907994155,0,7
contrarian_decreasing,anti-discerning (decreasing),M03,M,lower,invalid,2,M03|lower|invalid|2,-0.93504269308,3.56237759503,3.49748361365,0,7
contrarian_decreasing,anti-discerning (decreasing),M03,M,lower,valid,0,M03|lower|valid|0,1.14252308342,-0.13149624639,0.0068363008167,0.0913025494381,7
contrarian_decreasing,anti-discerning (decreasing),M03,M,lower,valid,1,M03|lower|valid|1,0.222758674758,0.42197455579,0.254017821154,0.0178199571103,7
contrarian_decreasing,anti-discerning (decreasing),M03,M,lower,valid,2,M03|lower|valid|2,0.578448446526,0.065701976937,0.0643310470201,0.046262976681,7
contrarian_decreasing,anti-discerning (decreasing),M04,M,raise,invalid,0,M04|raise|invalid|0,-1.29156703423,3.91930482044,3.86653414491,0,7
contrarian_decreasing,anti-discerning (decreasing),M04,M,raise,invalid,1,M04|raise|invalid|1,-2.32599989568,3.30965264038,3.99779770647,0,7
contrarian_decreasing,anti-discerning (decreasing),M04,M,raise,invalid,2,M04|raise|invalid|2,-1.02309152365,3.92332728555,3.63297130295,0,7
contrarian_decreasing,anti-discerning (decreasing),M04,M,raise,valid,0,M04|raise|valid|0,-0.151516380213,0.93818323343,0.930223983754,0,7
contrarian_decreasing,anti-discerning (decreasing),M04,M,raise,valid,1,M04|raise|valid|1,0.386676776414,-0.309642586994,0.136012639456,0.0309302883228,7
contrarian_decreasing,anti-discerning (decreasing),M04,M,raise,valid,2,M04|raise|valid|2,0.771638202898,0.0538318927077,0.0299634340313,0.0617004442538,7
contrarian_decreasing,anti-discerning (decreasing),M05,M,lower,invalid,0,M05|lower|invalid|0,-1.81928974926,4.10014307271,3.98334487181,0,7
contrarian_decreasing,anti-discerning (decreasing),M05,M,lower,invalid,1,M05|lower|invalid|1,0.0370787437247,0.766632010804,0.498948837149,0.00296629609951,7
contrarian_decreasing,anti-discerning (decreasing),M05,M,lower,invalid,2,M05|lower|invalid|2,-0.17154950417,0.717970553482,0.988651044013,0,7
contrarian_decreasing,anti-discerning (decreasing),M05,M,lower,valid,0,M05|lower|valid|0,0.539219285479,0.461816465154,0.0750556847221,0.0431270937419,7
contrarian_decreasing,anti-discerning (decreasing),M05,M,lower,valid,1,M05|lower|valid|1,0.107298586089,0.348798791503,0.388637158611,0.00858380453292,7
contrarian_decreasing,anti-discerning (decreasing),M05,M,lower,valid,2,M05|lower|valid|2,0.498579532272,0.686697444884,0.0880128319886,0.0398781021236,7
contrarian_decreasing,anti-discerning (decreasing),M06,M,lower,invalid,0,M06|lower|invalid|0,-0.0493584746652,0.633930460878,0.670493089257,0,7
contrarian_decreasing,anti-discerning (decreasing),M06,M,lower,invalid,1,M06|lower|invalid|1,-0.315660273218,1.64514000703,1.47520872552,0,7
contrarian_decreasing,anti-discerning (decreasing),M06,M,lower,invalid,2,M06|lower|invalid|2,0.162738555675,0.225822758067,0.317475186883,0.0130187971322,7
contrarian_decreasing,anti-discerning (decreasing),M06,M,lower,valid,0,M06|lower|valid|0,1.27853134538,-0.274996795505,0.00397065513215,0.102143405572,7
contrarian_decreasing,anti-discerning (decreasing),M06,M,lower,valid,1,M06|lower|valid|1,0.987672710504,0.286847050645,0.0126819948943,0.0789496479599,7
contrarian_decreasing,anti-discerning (decreasing),M06,M,lower,valid,2,M06|lower|valid|2,0.81863733161,0.251446577177,0.024860144134,0.0654544361041,7
contrarian_decreasing,anti-discerning (decreasing),M07,M,lower,invalid,0,M07|lower|invalid|0,-0.133668856591,1.26487177246,0.880234633763,0,7
contrarian_decreasing,anti-discerning (decreasing),M07,M,lower,invalid,1,M07|lower|invalid|1,-1.38653014317,4.12198376679,3.90774151151,0,7
contrarian_decreasing,anti-discerning (decreasing),M07,M,lower,invalid,2,M07|lower|invalid|2,-1.36327869608,3.75568218105,3.89897636072,0,7
contrarian_decreasing,anti-discerning (decreasing),M07,M,lower,valid,0,M07|lower|valid|0,1.00793641253,-0.40391702088,0.0116975021798,0.0805667157055,7
contrarian_decreasing,anti-discerning (decreasing),M07,M,lower,valid,1,M07|lower|valid|1,1.39085116266,-0.160114020723,0.0025345374484,0.111089068946,7
contrarian_decreasing,anti-discerning (decreasing),M07,M,lower,valid,2,M07|lower|valid|2,0.976338366663,-0.155486635331,0.0132682451608,0.0780450829886,7
contrarian_decreasing,anti-discerning (decreasing),M08,M,lower,invalid,0,M08|lower|invalid|0,-0.752157692528,2.87642644017,3.08022635974,0,7
contrarian_decreasing,anti-discerning (decreasing),M08,M,lower,invalid,1,M08|lower|invalid|1,-0.724346481317,3.14467773542,2.99907994548,0,7
contrarian_decreasing,anti-discerning (decreasing),M08,M,lower,invalid,2,M08|lower|invalid|2,-0.547133769614,2.4656698884,2.38371999829,0,7
contrarian_decreasing,anti-discerning (decreasing),M08,M,lower,valid,0,M08|lower|valid|0,0.508280318139,0.0172918096977,0.0847340281571,0.0406536734687,7
contrarian_decreasing,anti-discerning (decreasing),M08,M,lower,valid,1,M08|lower|valid|1,0.840166983697,0.0659661882765,0.0228205224436,0.067173849415,7
contrarian_decreasing,anti-discerning (decreasing),M08,M,lower,valid,2,M08|lower|valid|2,0.481875311208,0.057544348723,0.0939516460257,0.038542567076,7
contrarian_decreasing,anti-discerning (decreasing),S01,S,lower,invalid,0,S01|lower|invalid|0,-0.293160983183,1.44563653749,1.39244113191,0,7
contrarian_decreasing,anti-discerning (decreasing),S01,S,lower,invalid,1,S01|lower|invalid|1,-0.394760908821,1.96795237545,1.77993822373,0,7
contrarian_decreasing,anti-discerning (decreasing),S01,S,lower,invalid,2,S01|lower|invalid|2,-0.927396496559,3.72375258325,3.48389051367,0,7
contrarian_decreasing,anti-discerning (decreasing),S01,S,lower,valid,0,S01|lower|valid|0,0.856782678961,-0.150125158774,0.0213609476196,0.0685007154682,7
contrarian_decreasing,anti-discerning (decreasing),S01,S,lower,valid,1,S01|lower|valid|1,-0.105180242801,0.427798571926,0.804499263383,0,7
contrarian_decreasing,anti-discerning (decreasing),S01,S,lower,valid,2,S01|lower|valid|2,-0.351345004091,1.9672757141,1.61042252069,0,7
contrarian_decreasing,anti-discerning (decreasing),S02,S,lower,invalid,0,S02|lower|invalid|0,-1.55573686719,3.98120253679,3.95257380219,0,7
contrarian_decreasing,anti-discerning (decreasing),S02,S,lower,invalid,1,S02|lower|invalid|1,-1.63637763061,4.24196788182,3.96553700845,0,7
contrarian_decreasing,anti-discerning (decreasing),S02,S,lower,invalid,2,S02|lower|invalid|2,-1.83695370331,3.57369843068,3.98447663303,0,7
contrarian_decreasing,anti-discerning (decreasing),S02,S,lower,valid,0,S02|lower|valid|0,0.876875278524,-0.0627800937258,0.0197194698838,0.0701051075907,7
contrarian_decreasing,anti-discerning (decreasing),S02,S,lower,valid,1,S02|lower|valid|1,0.692326268451,0.0478049712835,0.0410353034515,0.0553639892199,7
contrarian_decreasing,anti-discerning (decreasing),S02,S,lower,valid,2,S02|lower|valid|2,0.676147924947,-0.316622562149,0.0437486401411,0.0540712355052,7
contrarian_decreasing,anti-discerning (decreasing),S03,S,raise,invalid,0,S03|raise|invalid|0,-1.34532174259,3.762682333,3.89165687149,0,7
contrarian_decreasing,anti-discerning (decreasing),S03,S,raise,invalid,1,S03|raise|invalid|1,-0.0076859563198,0.763657382568,0.582539421042,0,7
contrarian_decreasing,anti-discerning (decreasing),S03,S,raise,invalid,2,S03|raise|invalid|2,-0.797248378308,3.47136530491,3.20172605864,0,7
contrarian_decreasing,anti-discerning (decreasing),S03,S,raise,valid,0,S03|raise|valid|0,0.102673863376,0.793696110683,0.39517654797,0.00821383691217,7
contrarian_decreasing,anti-discerning (decreasing),S03,S,raise,valid,1,S03|raise|valid|1,0.506111618999,-0.130439430349,0.0854565040372,0.0404802890685,7
contrarian_decreasing,anti-discerning (decreasing),S03,S,raise,valid,2,S03|raise|valid|2,0.567687251734,-0.283218452729,0.0671131496544,0.0454027875414,7
contrarian_decreasing,anti-discerning (decreasing),S04,S,lower,invalid,0,S04|lower|invalid|0,-1.49830861327,4.07062899054,3.94050866664,0,7
contrarian_decreasing,anti-discerning (decreasing),S04,S,lower,invalid,1,S04|lower|invalid|1,-1.55937596328,4.18836389335,3.95325114604,0,7
contrarian_decreasing,anti-discerning (decreasing),S04,S,lower,invalid,2,S04|lower|invalid|2,-1.43475827289,3.971877181,3.92361880105,0,7
contrarian_decreasing,anti-discerning (decreasing),S04,S,lower,valid,0,S04|lower|valid|0,0.399476691325,-0.195920391091,0.129443790132,0.0319538860414,7
contrarian_decreasing,anti-discerning (decreasing),S04,S,lower,valid,1,S04|lower|valid|1,-0.0780407455078,0.932513847085,0.736986404647,0,7
contrarian_decreasing,anti-discerning (decreasing),S04,S,lower,valid,2,S04|lower|valid|2,0.965270129801,0.212008867914,0.0138667848551,0.0771617070654,7
contrarian_decreasing,anti-discerning (decreasing),S05,S,lower,invalid,0,S05|lower|invalid|0,-1.04253335819,3.79642636466,3.65808516745,0,7
contrarian_decreasing,anti-discerning (decreasing),S05,S,lower,invalid,1,S05|lower|invalid|1,-0.236752626754,1.07345408292,1.19522447761,0,7
contrarian_decreasing,anti-discerning (decreasing),S05,S,lower,invalid,2,S05|lower|invalid|2,-0.805786857754,3.29933861083,3.22332544061,0,7
contrarian_decreasing,anti-discerning (decreasing),S05,S,lower,valid,0,S05|lower|valid|0,1.32473248841,0.200977445258,0.00330122641098,0.105823884281,7
contrarian_decreasing,anti-discerning (decreasing),S05,S,lower,valid,1,S05|lower|valid|1,1.30863788657,-0.136169960633,0.00352055120072,0.104541880631,7
contrarian_decreasing,anti-discerning (decreasing),S05,S,lower,valid,2,S05|lower|valid|2,1.2591694544,-0.456636971035,0.00429005148512,0.100600672178,7
contrarian_decreasing,anti-discerning (decreasing),S06,S,lower,invalid,0,S06|lower|invalid|0,-1.54707823632,4.03306677932,3.95092294847,0,7
contrarian_decreasing,anti-discerning (decreasing),S06,S,lower,invalid,1,S06|lower|invalid|1,-0.299281936735,1.5349581204,1.41474737117,0,7
contrarian_decreasing,anti-discerning (decreasing),S06,S,lower,invalid,2,S06|lower|invalid|2,-0.254877806386,1.26023687499,1.25685821415,0,7
contrarian_decreasing,anti-discerning (decreasing),S06,S,lower,valid,0,S06|lower|valid|0,0.749772124428,0.254960289436,0.0326798157341,0.0599536863698,7
contrarian_decreasing,anti-discerning (decreasing),S06,S,lower,valid,1,S06|lower|valid|1,0.988782188794,-0.134032263945,0.0126260152636,0.0790381898734,7
contrarian_decreasing,anti-discerning (decreasing),S06,S,lower,valid,2,S06|lower|valid|2,0.94025946092,-0.00525040169795,0.0153202331777,0.075165387693,7
contrarian_decreasing,anti-discerning (decreasing),S07,S,raise,invalid,0,S07|raise|invalid|0,-1.44800324633,3.85119043816,3.92748869317,0,7
contrarian_decreasing,anti-discerning (decreasing),S07,S,raise,invalid,1,S07|raise|invalid|1,-0.755478310056,3.23245204351,3.0896002756,0,7
contrarian_decreasing,anti-discerning (decreasing),S07,S,raise,invalid,2,S07|raise|invalid|2,-0.831702169539,3.68507548507,3.28615562328,0,7
contrarian_decreasing,anti-discerning (decreasing),S07,S,raise,valid,0,S07|raise|valid|0,0.247339240072,0.168806136402,0.231608090891,0.0197861305076,7
contrarian_decreasing,anti-discerning (decreasing),S07,S,raise,valid,1,S07|raise|valid|1,0.681149762966,0.556638631542,0.0428913361212,0.0544709221645,7
contrarian_decreasing,anti-discerning (decreasing),S07,S,raise,valid,2,S07|raise|valid|2,0.450311753316,0.488502456464,0.106258911849,0.0360188538647,7
contrarian_decreasing,anti-discerning (decreasing),S08,S,lower,invalid,0,S08|lower|invalid|0,-2.28776560453,4.19510819159,3.99743400705,0,7
contrarian_decreasing,anti-discerning (decreasing),S08,S,lower,invalid,1,S08|lower|invalid|1,-1.86940666596,4.13311054559,3.98635999325,0,7
contrarian_decreasing,anti-discerning (decreasing),S08,S,lower,invalid,2,S08|lower|invalid|2,-1.3818860957,4.34875808499,3.90605231158,0,7
contrarian_decreasing,anti-discerning (decreasing),S08,S,lower,valid,0,S08|lower|valid|0,0.484482745205,0.0478734245411,0.0929995113926,0.0387510400954,7
contrarian_decreasing,anti-discerning (decreasing),S08,S,lower,valid,1,S08|lower|valid|1,0.310893053124,0.15399430145,0.181983168189,0.0248694411629,7
contrarian_decreasing,anti-discerning (decreasing),S08,S,lower,valid,2,S08|lower|valid|2,0.276933218976,-0.0585517266222,0.207090482321,0.0221532417223,7
bump_mid_quality,bump (mid-quality),L01,L,lower,invalid,0,L01|lower|invalid|0,-0.452622800761,2.22528679872,2.14017757968,0,7
bump_mid_quality,bump (mid-quality),L01,L,lower,invalid,1,L01|lower|invalid|1,-0.516161354856,1.97172126062,1.72965310408,0,7
bump_mid_quality,bump (mid-quality),L01,L,lower,invalid,2,L01|lower|invalid|2,0.0219858179807,4.01665903655,3.92082558185,0.00439715651121,7
bump_mid_quality,bump (mid-quality),L01,L,lower,valid,0,L01|lower|valid|0,0.910917414725,0.189643711355,0.113487780782,0.181681248216,7
bump_mid_quality,bump (mid-quality),L01,L,lower,valid,1,L01|lower|valid|1,0.638557147042,0.606085421088,0.642211641386,0.127538128716,7
bump_mid_quality,bump (mid-quality),L01,L,lower,valid,2,L01|lower|valid|2,0.564950870684,0.960429978916,0.929904022028,0.112870117356,7
bump_mid_quality,bump (mid-quality),L02,L,raise,invalid,0,L02|raise|invalid|0,-0.510577819846,1.50801605434,1.7645296093,0,7
bump_mid_quality,bump (mid-quality),L02,L,raise,invalid,1,L02|raise|invalid|1,-0.821040324296,0.592396350416,0.403607021721,0,7
bump_mid_quality,bump (mid-quality),L02,L,raise,invalid,2,L02|raise|invalid|2,-1.06570808,0.0009354003591,0.0747290334663,0,7
bump_mid_quality,bump (mid-quality),L02,L,raise,valid,0,L02|raise|valid|0,0.210715912443,2.87847293294,3.07730332773,0.0421369462371,7
bump_mid_quality,bump (mid-quality),L02,L,raise,valid,1,L02|raise|valid|1,0.392944606511,1.74113104026,1.87639091961,0.0785484977389,7
bump_mid_quality,bump (mid-quality),L02,L,raise,valid,2,L02|raise|valid|2,0.543683270584,0.878430320555,1.02684978106,0.108629641874,7
bump_mid_quality,bump (mid-quality),L03,L,lower,invalid,0,L03|lower|invalid|0,-1.7738315234,0.153992235323,4.19852165458e-05,0,7
bump_mid_quality,bump (mid-quality),L03,L,lower,invalid,1,L03|lower|invalid|1,-0.787184007819,0.68196041258,0.491491032083,0,7
bump_mid_quality,bump (mid-quality),L03,L,lower,invalid,2,L03|lower|invalid|2,-1.98064140721,-0.244388654689,2.27389754366e-06,0,7
bump_mid_quality,bump (mid-quality),L03,L,lower,valid,0,L03|lower|valid|0,1.16498736816,0.180180445941,0.0134483384489,0.231949087595,7
bump_mid_quality,bump (mid-quality),L03,L,lower,valid,1,L03|lower|valid|1,0.64800767081,0.77040720178,0.610551877079,0.129420433373,7
bump_mid_quality,bump (mid-quality),L03,L,lower,valid,2,L03|lower|valid|2,0.803208553139,0.136897609846,0.241179949105,0.160297143008,7
bump_mid_quality,bump (mid-quality),L04,L,raise,invalid,0,L04|raise|invalid|0,-1.44725092939,-0.26543040687,0.00214253313914,0,7
bump_mid_quality,bump (mid-quality),L04,L,raise,invalid,1,L04|raise|invalid|1,-0.718572552708,0.578873730266,0.713051783252,0,7
bump_mid_quality,bump (mid-quality),L04,L,raise,invalid,2,L04|raise|invalid|2,-1.35268707622,-0.108348456125,0.00573740121996,0,7
bump_mid_quality,bump (mid-quality),L04,L,raise,valid,0,L04|raise|valid|0,0.821186074868,0.275638510729,0.213992987797,0.163869032065,7
bump_mid_quality,bump (mid-quality),L04,L,raise,valid,1,L04|raise|valid|1,1.06046174338,-0.0300305538221,0.0343506811726,0.211300860102,7
bump_mid_quality,bump (mid-quality),L04,L,raise,valid,2,L04|raise|valid|2,0.57120326935,0.537496266613,0.902585102109,0.114116570272,7
bump_mid_quality,bump (mid-quality),L07,L,lower,invalid,0,L07|lower|invalid|0,-1.53511742615,0.0428553369028,0.000806453998849,0,7
bump_mid_quality,bump (mid-quality),L07,L,lower,invalid,1,L07|lower|invalid|1,-0.0549244384311,3.72346226065,3.99962578766,0,7
bump_mid_quality,bump (mid-quality),L07,L,lower,invalid,2,L07|lower|invalid|2,-1.31415720098,0.171386269463,0.00840280629448,0,7
bump_mid_quality,bump (mid-quality),L07,L,lower,valid,0,L07|lower|valid|0,0.117195841474,3.37381997432,3.59105275158,0.023438095241,7
bump_mid_quality,bump (mid-quality),L07,L,lower,valid,1,L07|lower|valid|1,0.619822524607,0.583739667045,0.708464348795,0.123805999566,7
bump_mid_quality,bump (mid-quality),L07,L,lower,valid,2,L07|lower|valid|2,0.601380725233,0.624522677981,0.778292112312,0.120131358085,7
bump_mid_quality,bump (mid-quality),L08,L,raise,invalid,0,L08|raise|invalid|0,-0.0431676956068,3.90161649612,3.99927968858,0,7
bump_mid_quality,bump (mid-quality),L08,L,raise,invalid,1,L08|raise|invalid|1,-0.11245409153,4.17389909214,3.94025752772,0,7
bump_mid_quality,bump (mid-quality),L08,L,raise,invalid,2,L08|raise|invalid|2,-0.904242191645,0.392904764381,0.239543338525,0,7
bump_mid_quality,bump (mid-quality),L08,L,raise,valid,0,L08|raise|valid|0,0.259604536301,2.87177313697,2.76346001805,0.0519092464558,7
bump_mid_quality,bump (mid-quality),L08,L,raise,valid,1,L08|raise|valid|1,0.655009289953,0.645318684353,0.587845631474,0.130814830064,7
bump_mid_quality,bump (mid-quality),L08,L,raise,valid,2,L08|raise|valid|2,0.678498357915,0.237631105844,0.516232841014,0.135491818644,7
bump_mid_quality,bump (mid-quality),M01,M,lower,invalid,0,M01|lower|invalid|0,-0.533502336269,1.5294603975,1.62317893583,0,7
bump_mid_quality,bump (mid-quality),M01,M,lower,invalid,1,M01|lower|invalid|1,-1.15239793311,-0.0625184044346,0.0367987822024,0,7
bump_mid_quality,bump (mid-quality),M01,M,lower,invalid,2,M01|lower|invalid|2,-0.51590819474,1.55528092128,1.73122841148,0,7
bump_mid_quality,bump (mid-quality),M01,M,lower,valid,0,M01|lower|valid|0,0.53446942231,1.16240396883,1.07076756715,0.10679221714,7
bump_mid_quality,bump (mid-quality),M01,M,lower,valid,1,M01|lower|valid|1,0.642776387994,0.494535818434,0.627932483462,0.128378522742,7
bump_mid_quality,bump (mid-quality),M01,M,lower,valid,2,M01|lower|valid|2,0.914673625834,-0.0174006917782,0.110364703047,0.182426265717,7
bump_mid_quality,bump (mid-quality),M02,M,raise,invalid,0,M02|raise|invalid|0,-0.972207492062,-0.0376438165537,0.150344341432,0,7
bump_mid_quality,bump (mid-quality),M02,M,raise,invalid,1,M02|raise|invalid|1,-1.98591993093,-0.370353778482,2.10171583277e-06,0,7
bump_mid_quality,bump (mid-quality),M02,M,raise,invalid,2,M02|raise|invalid|2,-1.6852543227,0.107277232249,0.000132320650159,0,7
bump_mid_quality,bump (mid-quality),M02,M,raise,valid,0,M02|raise|valid|0,-0.14931175949,4.0902070591,3.85065528046,0,7
bump_mid_quality,bump (mid-quality),M02,M,raise,valid,1,M02|raise|valid|1,0.00322102835509,3.98798194405,3.95652688662,0.000644205648738,7
bump_mid_quality,bump (mid-quality),M02,M,raise,valid,2,M02|raise|valid|2,0.834141102487,0.0202236817546,0.196018797796,0.166442368892,7
bump_mid_quality,bump (mid-quality),M03,M,lower,invalid,0,M03|lower|invalid|0,-0.538803760472,1.10429740995,1.59121827119,0,7
bump_mid_quality,bump (mid-quality),M03,M,lower,invalid,1,M03|lower|invalid|1,-0.512594955064,1.78302360488,1.75189816993,0,7
bump_mid_quality,bump (mid-quality),M03,M,lower,invalid,2,M03|lower|invalid|2,-0.93504269308,0.413749380663,0.194816230357,0,7
bump_mid_quality,bump (mid-quality),M03,M,lower,valid,0,M03|lower|valid|0,1.14252308342,0.070069885874,0.016568596283,0.227515512385,7
bump_mid_quality,bump (mid-quality),M03,M,lower,valid,1,M03|lower|valid|1,0.222758674758,3.16885248293,3.00196706271,0.044544367345,7
bump_mid_quality,bump (mid-quality),M03,M,lower,valid,2,M03|lower|valid|2,0.578448446526,1.13767436993,0.871601763572,0.1155608282,7
bump_mid_quality,bump (mid-quality),M04,M,raise,invalid,0,M04|raise|invalid|0,-1.29156703423,0.213294548341,0.010453618351,0,7
bump_mid_quality,bump (mid-quality),M04,M,raise,invalid,1,M04|raise|invalid|1,-2.32599989568,-0.0794452037707,8.36716499216e-09,0,7
bump_mid_quality,bump (mid-quality),M04,M,raise,invalid,2,M04|raise|invalid|2,-1.02309152365,0.29307006887,0.103633290612,0,7
bump_mid_quality,bump (mid-quality),M04,M,raise,valid,0,M04|raise|valid|0,-0.151516380213,3.98370397338,3.8440834367,0,7
bump_mid_quality,bump (mid-quality),M04,M,raise,valid,1,M04|raise|valid|1,0.386676776414,1.64006664582,1.91673021793,0.0772968346557,7
bump_mid_quality,bump (mid-quality),M04,M,raise,valid,2,M04|raise|valid|2,0.771638202898,0.222800304794,0.29575704139,0.154022066296,7
bump_mid_quality,bump (mid-quality),M05,M,lower,invalid,0,M05|lower|invalid|0,-1.81928974926,-0.256264708264,2.27530135661e-05,0,7
bump_mid_quality,bump (mid-quality),M05,M,lower,invalid,1,M05|lower|invalid|1,0.0370787437247,3.86500802974,3.88467796285,0.0074157147604,7
bump_mid_quality,bump (mid-quality),M05,M,lower,invalid,2,M05|lower|invalid|2,-0.17154950417,3.88246981883,3.77837799809,0,7
bump_mid_quality,bump (mid-quality),M05,M,lower,valid,0,M05|lower|valid|0,0.539219285479,0.855748141514,1.04798344948,0.107739457169,7
bump_mid_quality,bump (mid-quality),M05,M,lower,valid,1,M05|lower|valid|1,0.107298586089,3.26578139035,3.63582430234,0.0214588937043,7
bump_mid_quality,bump (mid-quality),M05,M,lower,valid,2,M05|lower|valid|2,0.498579532272,1.48635211929,1.25265127742,0.0996333634129,7
bump_mid_quality,bump (mid-quality),M06,M,lower,invalid,0,M06|lower|invalid|0,-0.0493584746652,4.06782615361,3.99999364885,0,7
bump_mid_quality,bump (mid-quality),M06,M,lower,invalid,1,M06|lower|invalid|1,-0.315660273218,3.31136683177,3.04655912953,0,7
bump_mid_quality,bump (mid-quality),M06,M,lower,invalid,2,M06|lower|invalid|2,0.162738555675,3.12089330514,3.35915368834,0.0325448381451,7
bump_mid_quality,bump (mid-quality),M06,M,lower,valid,0,M06|lower|valid|0,1.27853134538,0.195313168959,0.00441343493626,0.254322024983,7
bump_mid_quality,bump (mid-quality),M06,M,lower,valid,1,M06|lower|valid|1,0.987672710504,0.436102763246,0.0627943447525,0.196894723786,7
bump_mid_quality,bump (mid-quality),M06,M,lower,valid,2,M06|lower|valid|2,0.81863733161,0.578967516446,0.217685449761,0.163362694928,7
bump_mid_quality,bump (mid-quality),M07,M,lower,invalid,0,M07|lower|invalid|0,-0.133668856591,3.85560287514,3.89341375913,0,7
bump_mid_quality,bump (mid-quality),M07,M,lower,invalid,1,M07|lower|invalid|1,-1.38653014317,0.0525124893184,0.00406498746845,0,7
bump_mid_quality,bump (mid-quality),M07,M,lower,invalid,2,M07|lower|invalid|2,-1.36327869608,-0.0225653894453,0.0051557410106,0,7
bump_mid_quality,bump (mid-quality),M07,M,lower,valid,0,M07|lower|valid|0,1.00793641253,0.233024304088,0.0533052473318,0.200907379525,7
bump_mid_quality,bump (mid-quality),M07,M,lower,valid,1,M07|lower|valid|1,1.39085116266,0.188131287551,0.00132921624917,0.276390300399,7
bump_mid_quality,bump (mid-quality),M07,M,lower,valid,2,M07|lower|valid|2,0.976338366663,0.0843821765361,0.068725510509,0.194649575685,7
bump_mid_quality,bump (mid-quality),M08,M,lower,invalid,0,M08|lower|invalid|0,-0.752157692528,0.352381441218,0.597016873198,0,7
bump_mid_quality,bump (mid-quality),M08,M,lower,invalid,1,M08|lower|invalid|1,-0.724346481317,0.825433368122,0.692036870683,0,7
bump_mid_quality,bump (mid-quality),M08,M,lower,invalid,2,M08|lower|invalid|2,-0.547133769614,1.45701914118,1.54159020012,0,7
bump_mid_quality,bump (mid-quality),M08,M,lower,valid,0,M08|lower|valid|0,0.508280318139,1.31501262656,1.2018200699,0.101568611565,7
bump_mid_quality,bump (mid-quality),M08,M,lower,valid,1,M08|lower|valid|1,0.840166983697,0.235465327952,0.188097688967,0.167639138206,7
bump_mid_quality,bump (mid-quality),M08,M,lower,valid,2,M08|lower|valid|2,0.481875311208,1.63523921605,1.34298206186,0.0963005359381,7
bump_mid_quality,bump (mid-quality),S01,S,lower,invalid,0,S01|lower|invalid|0,-0.293160983183,3.38890954479,3.18413261536,0,7
bump_mid_quality,bump (mid-quality),S01,S,lower,invalid,1,S01|lower|invalid|1,-0.394760908821,2.44758131308,2.52876039764,0,7
bump_mid_quality,bump (mid-quality),S01,S,lower,invalid,2,S01|lower|invalid|2,-0.927396496559,0.268036010031,0.205212756659,0,7
bump_mid_quality,bump (mid-quality),S01,S,lower,valid,0,S01|lower|valid|0,0.856782678961,0.485166920218,0.167631851623,0.170938467273,7
bump_mid_quality,bump (mid-quality),S01,S,lower,valid,1,S01|lower|valid|1,-0.105180242801,3.85657422498,3.95328634532,0,7
bump_mid_quality,bump (mid-quality),S01,S,lower,valid,2,S01|lower|valid|2,-0.351345004091,2.89580518976,2.81778671568,0,7
bump_mid_quality,bump (mid-quality),S02,S,lower,invalid,0,S02|lower|invalid|0,-1.55573686719,0.214971042234,0.000635697908448,0,7
bump_mid_quality,bump (mid-quality),S02,S,lower,invalid,1,S02|lower|invalid|1,-1.63637763061,0.226482215433,0.000242917815779,0,7
bump_mid_quality,bump (mid-quality),S02,S,lower,invalid,2,S02|lower|invalid|2,-1.83695370331,0.0933667674842,1.78561292703e-05,0,7
bump_mid_quality,bump (mid-quality),S02,S,lower,valid,0,S02|lower|valid|0,0.876875278524,-0.092215290177,0.145420447584,0.17492694163,7
bump_mid_quality,bump (mid-quality),S02,S,lower,valid,1,S02|lower|valid|1,0.692326268451,0.250297271218,0.477274470691,0.138244448473,7
bump_mid_quality,bump (mid-quality),S02,S,lower,valid,2,S02|lower|valid|2,0.676147924947,0.567630528201,0.523087461154,0.135023882074,7
bump_mid_quality,bump (mid-quality),S03,S,raise,invalid,0,S03|raise|invalid|0,-1.34532174259,0.075898714826,0.00617698593297,0,7
bump_mid_quality,bump (mid-quality),S03,S,raise,invalid,1,S03|raise|invalid|1,-0.0076859563198,4.43105507583,3.97246437569,0,7
bump_mid_quality,bump (mid-quality),S03,S,raise,invalid,2,S03|raise|invalid|2,-0.797248378308,0.308913835011,0.463963217811,0,7
bump_mid_quality,bump (mid-quality),S03,S,raise,valid,0,S03|raise|valid|0,0.102673863376,3.86079661998,3.65598837237,0.020534051119,7
bump_mid_quality,bump (mid-quality),S03,S,raise,valid,1,S03|raise|valid|1,0.506111618999,1.35175854751,1.21307824444,0.101135985614,7
bump_mid_quality,bump (mid-quality),S03,S,raise,valid,2,S03|raise|valid|2,0.567687251734,0.617006849501,0.917881581782,0.113415642099,7
bump_mid_quality,bump (mid-quality),S04,S,lower,invalid,0,S04|lower|invalid|0,-1.49830861327,-0.146070665322,0.00122319389382,0,7
bump_mid_quality,bump (mid-quality),S04,S,lower,invalid,1,S04|lower|invalid|1,-1.55937596328,0.0305329406121,0.00060934957397,0,7
bump_mid_quality,bump (mid-quality),S04,S,lower,invalid,2,S04|lower|invalid|2,-1.43475827289,-0.0863885945223,0.00244996385902,0,7
bump_mid_quality,bump (mid-quality),S04,S,lower,valid,0,S04|lower|valid|0,0.399476691325,1.80686205174,1.83466214723,0.079852865949,7
bump_mid_quality,bump (mid-quality),S04,S,lower,valid,1,S04|lower|valid|1,-0.0780407455078,4.07250715712,3.98788438244,0,7
bump_mid_quality,bump (mid-quality),S04,S,lower,valid,2,S04|lower|valid|2,0.965270129801,-0.070714503416,0.0749859131343,0.192456660905,7
bump_mid_quality,bump (mid-quality),S05,S,lower,invalid,0,S05|lower|invalid|0,-1.04253335819,0.173377292189,0.0894270168038,0,7
bump_mid_quality,bump (mid-quality),S05,S,lower,invalid,1,S05|lower|invalid|1,-0.236752626754,3.38188955394,3.49642072336,0,7
bump_mid_quality,bump (mid-quality),S05,S,lower,invalid,2,S05|lower|invalid|2,-0.805786857754,0.343513318738,0.441550675875,0,7
bump_mid_quality,bump (mid-quality),S05,S,lower,valid,0,S05|lower|valid|0,1.32473248841,0.099358481587,0.00272592989108,0.263407437493,7
bump_mid_quality,bump (mid-quality),S05,S,lower,valid,1,S05|lower|valid|1,1.30863788657,-0.0999901524275,0.00323016686165,0.260243684204,7
bump_mid_quality,bump (mid-quality),S05,S,lower,valid,2,S05|lower|valid|2,1.2591694544,0.0570688837227,0.00537460982868,0.250511329384,7
bump_mid_quality,bump (mid-quality),S06,S,lower,invalid,0,S06|lower|invalid|0,-1.54707823632,0.288591389193,0.000702772437922,0,7
bump_mid_quality,bump (mid-quality),S06,S,lower,invalid,1,S06|lower|invalid|1,-0.299281936735,3.1521944388,3.14731900703,0,7
bump_mid_quality,bump (mid-quality),S06,S,lower,invalid,2,S06|lower|invalid|2,-0.254877806386,3.37567468952,3.40196804359,0,7
bump_mid_quality,bump (mid-quality),S06,S,lower,valid,0,S06|lower|valid|0,0.749772124428,0.471460655952,0.339108554752,0.149674061585,7
bump_mid_quality,bump (mid-quality),S06,S,lower,valid,1,S06|lower|valid|1,0.988782188794,-0.00356394715025,0.0622386986639,0.197114466456,7
bump_mid_quality,bump (mid-quality),S06,S,lower,valid,2,S06|lower|valid|2,0.94025946092,0.285902302741,0.0909961672268,0.187499663663,7
bump_mid_quality,bump (mid-quality),S07,S,raise,invalid,0,S07|raise|invalid|0,-1.44800324633,-0.228790010353,0.00212522086389,0,7
bump_mid_quality,bump (mid-quality),S07,S,raise,invalid,1,S07|raise|invalid|1,-0.755478310056,0.697689845901,0.586347206756,0,7
bump_mid_quality,bump (mid-quality),S07,S,raise,invalid,2,S07|raise|invalid|2,-0.831702169539,0.286460265629,0.378634629113,0,7
bump_mid_quality,bump (mid-quality),S07,S,raise,valid,0,S07|raise|valid|0,0.247339240072,2.7002081059,2.84397861325,0.0494577628833,7
bump_mid_quality,bump (mid-quality),S07,S,raise,valid,1,S07|raise|valid|1,0.681149762966,0.827122471625,0.508582219981,0.136019656432,7
bump_mid_quality,bump (mid-quality),S07,S,raise,valid,2,S07|raise|valid|2,0.450311753316,1.3698327992,1.522852257,0.0900015236532,7
bump_mid_quality,bump (mid-quality),S08,S,lower,invalid,0,S08|lower|invalid|0,-2.28776560453,0.316206576363,1.62832248315e-08,0,7
bump_mid_quality,bump (mid-quality),S08,S,lower,invalid,1,S08|lower|invalid|1,-1.86940666596,0.118504413227,1.13681420648e-05,0,7
bump_mid_quality,bump (mid-quality),S08,S,lower,invalid,2,S08|lower|invalid|2,-1.3818860957,0.265807580097,0.00426405366824,0,7
bump_mid_quality,bump (mid-quality),S08,S,lower,valid,0,S08|lower|valid|0,0.484482745205,1.1528374954,1.32865278348,0.0968208071535,7
bump_mid_quality,bump (mid-quality),S08,S,lower,valid,1,S08|lower|valid|1,0.310893053124,2.63591485938,2.42010416118,0.0621585855605,7
bump_mid_quality,bump (mid-quality),S08,S,lower,valid,2,S08|lower|valid|2,0.276933218976,2.91054205677,2.64832700062,0.0553724890943,7
calibrated_noisy,calibrated but noisy,L01,L,lower,invalid,0,L01|lower|invalid|0,-0.452622800761,-0.104776525921,0,0,7
calibrated_noisy,calibrated but noisy,L01,L,lower,invalid,1,L01|lower|invalid|1,-0.516161354856,-0.116114976199,0,0,7
calibrated_noisy,calibrated but noisy,L01,L,lower,invalid,2,L01|lower|invalid|2,0.0219858179807,2.26548889249,0.0550769183659,0.0578307642842,7
calibrated_noisy,calibrated but noisy,L01,L,lower,valid,0,L01|lower|valid|0,0.910917414725,3.23847114199,3.07876803551,3.23270643728,7
calibrated_noisy,calibrated but noisy,L01,L,lower,valid,1,L01|lower|valid|1,0.638557147042,1.87029467746,2.2506371751,2.36316903386,7
calibrated_noisy,calibrated but noisy,L01,L,lower,valid,2,L01|lower|valid|2,0.564950870684,1.40911906102,1.97607753306,2.07488140971,7
calibrated_noisy,calibrated but noisy,L02,L,raise,invalid,0,L02|raise|invalid|0,-0.510577819846,0.401287337185,0,0,7
calibrated_noisy,calibrated but noisy,L02,L,raise,invalid,1,L02|raise|invalid|1,-0.821040324296,0.297417408555,0,0,7
calibrated_noisy,calibrated but noisy,L02,L,raise,invalid,2,L02|raise|invalid|2,-1.06570808,0.15980751431,0,0,7
calibrated_noisy,calibrated but noisy,L02,L,raise,valid,0,L02|raise|valid|0,0.210715912443,2.17204501172,0.62273226925,0.653868882712,7
calibrated_noisy,calibrated but noisy,L02,L,raise,valid,1,L02|raise|valid|1,0.392944606511,1.00586906395,1.30093485873,1.36598160166,7
calibrated_noisy,calibrated but noisy,L02,L,raise,valid,2,L02|raise|valid|2,0.543683270584,2.32001984255,1.89420626894,1.98891658239,7
calibrated_noisy,calibrated but noisy,L03,L,lower,invalid,0,L03|lower|invalid|0,-1.7738315234,1.31330517748,0,0,7
calibrated_noisy,calibrated but noisy,L03,L,lower,invalid,1,L03|lower|invalid|1,-0.787184007819,-0.903574591445,0,0,7
calibrated_noisy,calibrated but noisy,L03,L,lower,invalid,2,L03|lower|invalid|2,-1.98064140721,0.934826044034,0,0,7
calibrated_noisy,calibrated but noisy,L03,L,lower,valid,0,L03|lower|valid|0,1.16498736816,5.19303782029,3.54419180009,3.72140139009,7
calibrated_noisy,calibrated but noisy,L03,L,lower,valid,1,L03|lower|valid|1,0.64800767081,1.06540408703,2.28468232747,2.39891644384,7
calibrated_noisy,calibrated but noisy,L03,L,lower,valid,2,L03|lower|valid|2,0.803208553139,1.80442452929,2.79220554102,2.93181581807,7
calibrated_noisy,calibrated but noisy,L04,L,raise,invalid,0,L04|raise|invalid|0,-1.44725092939,-0.934570652298,0,0,7
calibrated_noisy,calibrated but noisy,L04,L,raise,invalid,1,L04|raise|invalid|1,-0.718572552708,-1.66163582999,0,0,7
calibrated_noisy,calibrated but noisy,L04,L,raise,invalid,2,L04|raise|invalid|2,-1.35268707622,0.407436869901,0,0,7
calibrated_noisy,calibrated but noisy,L04,L,raise,valid,0,L04|raise|valid|0,0.821186074868,1.17341055665,2.84395023979,2.98614775178,7
calibrated_noisy,calibrated but noisy,L04,L,raise,valid,1,L04|raise|valid|1,1.06046174338,3.8345782458,3.38561967214,3.55490065574,7
calibrated_noisy,calibrated but noisy,L04,L,raise,valid,2,L04|raise|valid|2,0.57120326935,3.30779025236,1.99996269706,2.09996083191,7
calibrated_noisy,calibrated but noisy,L07,L,lower,invalid,0,L07|lower|invalid|0,-1.53511742615,-1.45364551291,0,0,7
calibrated_noisy,calibrated but noisy,L07,L,lower,invalid,1,L07|lower|invalid|1,-0.0549244384311,-0.284834865959,0,0,7
calibrated_noisy,calibrated but noisy,L07,L,lower,invalid,2,L07|lower|invalid|2,-1.31415720098,-1.72618258285,0,0,7
calibrated_noisy,calibrated but noisy,L07,L,lower,valid,0,L07|lower|valid|0,0.117195841474,1.02193039012,0.320685140342,0.336719397359,7
calibrated_noisy,calibrated but noisy,L07,L,lower,valid,1,L07|lower|valid|1,0.619822524607,1.51861448966,2.18226264429,2.2913757765,7
calibrated_noisy,calibrated but noisy,L07,L,lower,valid,2,L07|lower|valid|2,0.601380725233,1.87465774317,2.11388630569,2.21958062098,7
calibrated_noisy,calibrated but noisy,L08,L,raise,invalid,0,L08|raise|invalid|0,-0.0431676956068,0.0489404749706,0,0,7
calibrated_noisy,calibrated but noisy,L08,L,raise,invalid,1,L08|raise|invalid|1,-0.11245409153,0.490603575448,0,0,7
calibrated_noisy,calibrated but noisy,L08,L,raise,invalid,2,L08|raise|invalid|2,-0.904242191645,-0.31207730999,0,0,7
calibrated_noisy,calibrated but noisy,L08,L,raise,valid,0,L08|raise|valid|0,0.259604536301,0.808589241708,0.79500523791,0.834755499805,7
calibrated_noisy,calibrated but noisy,L08,L,raise,valid,1,L08|raise|valid|1,0.655009289953,1.81773406025,2.30970337978,2.42518854877,7
calibrated_noisy,calibrated but noisy,L08,L,raise,valid,2,L08|raise|valid|2,0.678498357915,2.49551832155,2.39232737185,2.51194374044,7
calibrated_noisy,calibrated but noisy,M01,M,lower,invalid,0,M01|lower|invalid|0,-0.533502336269,-1.05532886123,0,0,7
calibrated_noisy,calibrated but noisy,M01,M,lower,invalid,1,M01|lower|invalid|1,-1.15239793311,0.0572653582173,0,0,7
calibrated_noisy,calibrated but noisy,M01,M,lower,invalid,2,M01|lower|invalid|2,-0.51590819474,-1.73899742958,0,0,7
calibrated_noisy,calibrated but noisy,M01,M,lower,valid,0,M01|lower|valid|0,0.53446942231,1.41729118251,1.8584677914,1.95139118097,7
calibrated_noisy,calibrated but noisy,M01,M,lower,valid,1,M01|lower|valid|1,0.642776387994,3.98966303773,2.26587493988,2.37916868688,7
calibrated_noisy,calibrated but noisy,M01,M,lower,valid,2,M01|lower|valid|2,0.914673625834,3.15934380603,3.08774542028,3.24213269129,7
calibrated_noisy,calibrated but noisy,M02,M,raise,invalid,0,M02|raise|invalid|0,-0.972207492062,-1.13398436279,0,0,7
calibrated_noisy,calibrated but noisy,M02,M,raise,invalid,1,M02|raise|invalid|1,-1.98591993093,0.231417806379,0,0,7
calibrated_noisy,calibrated but noisy,M02,M,raise,invalid,2,M02|raise|invalid|2,-1.6852543227,-0.875128788272,0,0,7
calibrated_noisy,calibrated but noisy,M02,M,raise,valid,0,M02|raise|valid|0,-0.14931175949,-1.48615992681,0,0,7
calibrated_noisy,calibrated but noisy,M02,M,raise,valid,1,M02|raise|valid|1,0.00322102835509,-0.654909154251,0.00792237209709,0.00831849070195,7
calibrated_noisy,calibrated but noisy,M02,M,raise,valid,2,M02|raise|valid|2,0.834141102487,3.5434538536,2.88027138053,3.02428494955,7
calibrated_noisy,calibrated but noisy,M03,M,lower,invalid,0,M03|lower|invalid|0,-0.538803760472,0.345502703839,0,0,7
calibrated_noisy,calibrated but noisy,M03,M,lower,invalid,1,M03|lower|invalid|1,-0.512594955064,-0.0872917037211,0,0,7
calibrated_noisy,calibrated but noisy,M03,M,lower,invalid,2,M03|lower|invalid|2,-0.93504269308,-0.833928484624,0,0,7
calibrated_noisy,calibrated but noisy,M03,M,lower,valid,0,M03|lower|valid|0,1.14252308342,2.54283844712,3.51355931633,3.68923728214,7
calibrated_noisy,calibrated but noisy,M03,M,lower,valid,1,M03|lower|valid|1,0.222758674758,1.87907624379,0.66433023738,0.697546749249,7
calibrated_noisy,calibrated but noisy,M03,M,lower,valid,2,M03|lower|valid|2,0.578448446526,2.24763938821,2.02752589317,2.12890218782,7
calibrated_noisy,calibrated but noisy,M04,M,raise,invalid,0,M04|raise|invalid|0,-1.29156703423,-0.856532173606,0,0,7
calibrated_noisy,calibrated but noisy,M04,M,raise,invalid,1,M04|raise|invalid|1,-2.32599989568,-1.89981073872,0,0,7
calibrated_noisy,calibrated but noisy,M04,M,raise,invalid,2,M04|raise|invalid|2,-1.02309152365,-1.23296596816,0,0,7
calibrated_noisy,calibrated but noisy,M04,M,raise,valid,0,M04|raise|valid|0,-0.151516380213,2.22762162331,0,0,7
calibrated_noisy,calibrated but noisy,M04,M,raise,valid,1,M04|raise|valid|1,0.386676776414,0.242327046532,1.27635460019,1.3401723302,7
calibrated_noisy,calibrated but noisy,M04,M,raise,valid,2,M04|raise|valid|2,0.771638202898,2.62847188074,2.69760889691,2.83248934176,7
calibrated_noisy,calibrated but noisy,M05,M,lower,invalid,0,M05|lower|invalid|0,-1.81928974926,0.189067448517,0,0,7
calibrated_noisy,calibrated but noisy,M05,M,lower,invalid,1,M05|lower|invalid|1,0.0370787437247,-0.0475934174249,0.0942477448649,0.0989601321081,7
calibrated_noisy,calibrated but noisy,M05,M,lower,invalid,2,M05|lower|invalid|2,-0.17154950417,-0.250406554912,0,0,7
calibrated_noisy,calibrated but noisy,M05,M,lower,valid,0,M05|lower|valid|0,0.539219285479,0.641013366329,1.87691009647,1.9707556013,7
calibrated_noisy,calibrated but noisy,M05,M,lower,valid,1,M05|lower|valid|1,0.107298586089,-0.654917999074,0.291043108415,0.305595263836,7
calibrated_noisy,calibrated but noisy,M05,M,lower,valid,2,M05|lower|valid|2,0.498579532272,3.23789128928,1.71804417287,1.80394638152,7
calibrated_noisy,calibrated but noisy,M06,M,lower,invalid,0,M06|lower|invalid|0,-0.0493584746652,-0.680748458415,0,0,7
calibrated_noisy,calibrated but noisy,M06,M,lower,invalid,1,M06|lower|invalid|1,-0.315660273218,0.760921242889,0,0,7
calibrated_noisy,calibrated but noisy,M06,M,lower,invalid,2,M06|lower|invalid|2,0.162738555675,-1.0615346098,0.462947994244,0.486095393956,7
calibrated_noisy,calibrated but noisy,M06,M,lower,valid,0,M06|lower|valid|0,1.27853134538,3.4271658078,3.67390175329,3.85759684095,7
calibrated_noisy,calibrated but noisy,M06,M,lower,valid,1,M06|lower|valid|1,0.987672710504,3.48392919008,3.24893751687,3.41138439271,7
calibrated_noisy,calibrated but noisy,M06,M,lower,valid,2,M06|lower|valid|2,0.81863733161,3.76956916978,2.83670888476,2.978544329,7
calibrated_noisy,calibrated but noisy,M07,M,lower,invalid,0,M07|lower|invalid|0,-0.133668856591,-1.01042554908,0,0,7
calibrated_noisy,calibrated but noisy,M07,M,lower,invalid,1,M07|lower|invalid|1,-1.38653014317,0.535898637517,0,0,7
calibrated_noisy,calibrated but noisy,M07,M,lower,invalid,2,M07|lower|invalid|2,-1.36327869608,0.34738272835,0,0,7
calibrated_noisy,calibrated but noisy,M07,M,lower,valid,0,M07|lower|valid|0,1.00793641253,2.62542989151,3.28932042782,3.45378644921,7
calibrated_noisy,calibrated but noisy,M07,M,lower,valid,1,M07|lower|valid|1,1.39085116266,4.19718664106,3.76773586154,3.95612265461,7
calibrated_noisy,calibrated but noisy,M07,M,lower,valid,2,M07|lower|valid|2,0.976338366663,2.41732399125,3.22553879148,3.38681573105,7
calibrated_noisy,calibrated but noisy,M08,M,lower,invalid,0,M08|lower|invalid|0,-0.752157692528,-0.71646276753,0,0,7
calibrated_noisy,calibrated but noisy,M08,M,lower,invalid,1,M08|lower|invalid|1,-0.724346481317,-0.0168806728203,0,0,7
calibrated_noisy,calibrated but noisy,M08,M,lower,invalid,2,M08|lower|invalid|2,-0.547133769614,-2.44253280841,0,0,7
calibrated_noisy,calibrated but noisy,M08,M,lower,valid,0,M08|lower|valid|0,0.508280318139,1.65751981561,1.75616151946,1.84396959543,7
calibrated_noisy,calibrated but noisy,M08,M,lower,valid,1,M08|lower|valid|1,0.840166983697,1.99683031866,2.89688826481,3.04173267805,7
calibrated_noisy,calibrated but noisy,M08,M,lower,valid,2,M08|lower|valid|2,0.481875311208,0.335667075954,1.65220306985,1.73481322335,7
calibrated_noisy,calibrated but noisy,S01,S,lower,invalid,0,S01|lower|invalid|0,-0.293160983183,-0.382552464068,0,0,7
calibrated_noisy,calibrated but noisy,S01,S,lower,invalid,1,S01|lower|invalid|1,-0.394760908821,0.686672014292,0,0,7
calibrated_noisy,calibrated but noisy,S01,S,lower,invalid,2,S01|lower|invalid|2,-0.927396496559,-0.364003355714,0,0,7
calibrated_noisy,calibrated but noisy,S01,S,lower,valid,0,S01|lower|valid|0,0.856782678961,4.0810587783,2.94179207424,3.08888167795,7
calibrated_noisy,calibrated but noisy,S01,S,lower,valid,1,S01|lower|valid|1,-0.105180242801,-1.04365263152,0,0,7
calibrated_noisy,calibrated but noisy,S01,S,lower,valid,2,S01|lower|valid|2,-0.351345004091,-1.18110930175,0,0,7
calibrated_noisy,calibrated but noisy,S02,S,lower,invalid,0,S02|lower|invalid|0,-1.55573686719,1.39604448084,0,0,7
calibrated_noisy,calibrated but noisy,S02,S,lower,invalid,1,S02|lower|invalid|1,-1.63637763061,0.35892110006,0,0,7
calibrated_noisy,calibrated but noisy,S02,S,lower,invalid,2,S02|lower|invalid|2,-1.83695370331,0.850513053391,0,0,7
calibrated_noisy,calibrated but noisy,S02,S,lower,valid,0,S02|lower|valid|0,0.876875278524,2.25015917334,2.99429495175,3.14400969934,7
calibrated_noisy,calibrated but noisy,S02,S,lower,valid,1,S02|lower|valid|1,0.692326268451,3.16394094476,2.43997372156,2.56197240763,7
calibrated_noisy,calibrated but noisy,S02,S,lower,valid,2,S02|lower|valid|2,0.676147924947,2.61787511556,2.38415378309,2.50336147224,7
calibrated_noisy,calibrated but noisy,S03,S,raise,invalid,0,S03|raise|invalid|0,-1.34532174259,0.583721061727,0,0,7
calibrated_noisy,calibrated but noisy,S03,S,raise,invalid,1,S03|raise|invalid|1,-0.0076859563198,0.0227900220858,0,0,7
calibrated_noisy,calibrated but noisy,S03,S,raise,invalid,2,S03|raise|invalid|2,-0.797248378308,1.08566496123,0,0,7
calibrated_noisy,calibrated but noisy,S03,S,raise,valid,0,S03|raise|valid|0,0.102673863376,-0.306846266246,0.27735136052,0.291218928546,7
calibrated_noisy,calibrated but noisy,S03,S,raise,valid,1,S03|raise|valid|1,0.506111618999,0.88027091421,1.74764894032,1.83503138733,7
calibrated_noisy,calibrated but noisy,S03,S,raise,valid,2,S03|raise|valid|2,0.567687251734,0.656723903044,1.98654191546,2.08586901123,7
calibrated_noisy,calibrated but noisy,S04,S,lower,invalid,0,S04|lower|invalid|0,-1.49830861327,1.04453827526,0,0,7
calibrated_noisy,calibrated but noisy,S04,S,lower,invalid,1,S04|lower|invalid|1,-1.55937596328,-0.664522315605,0,0,7
calibrated_noisy,calibrated but noisy,S04,S,lower,invalid,2,S04|lower|invalid|2,-1.43475827289,-0.938899071888,0,0,7
calibrated_noisy,calibrated but noisy,S04,S,lower,valid,0,S04|lower|valid|0,0.399476691325,0.480863640171,1.32659916207,1.39292912017,7
calibrated_noisy,calibrated but noisy,S04,S,lower,valid,1,S04|lower|valid|1,-0.0780407455078,-0.400555243356,0,0,7
calibrated_noisy,calibrated but noisy,S04,S,lower,valid,2,S04|lower|valid|2,0.965270129801,2.05797668358,3.20211981777,3.36222580866,7
calibrated_noisy,calibrated but noisy,S05,S,lower,invalid,0,S05|lower|invalid|0,-1.04253335819,-0.261408676329,0,0,7
calibrated_noisy,calibrated but noisy,S05,S,lower,invalid,1,S05|lower|invalid|1,-0.236752626754,-0.564511522497,0,0,7
calibrated_noisy,calibrated but noisy,S05,S,lower,invalid,2,S05|lower|invalid|2,-0.805786857754,-0.496144544008,0,0,7
calibrated_noisy,calibrated but noisy,S05,S,lower,valid,0,S05|lower|valid|0,1.32473248841,2.85260106097,3.71614758126,3.90195496032,7
calibrated_noisy,calibrated but noisy,S05,S,lower,valid,1,S05|lower|valid|1,1.30863788657,3.73515089456,3.70204882882,3.88715127026,7
calibrated_noisy,calibrated but noisy,S05,S,lower,valid,2,S05|lower|valid|2,1.2591694544,3.23973539677,3.65451374508,3.83723943234,7
calibrated_noisy,calibrated but noisy,S06,S,lower,invalid,0,S06|lower|invalid|0,-1.54707823632,0.103366835518,0,0,7
calibrated_noisy,calibrated but noisy,S06,S,lower,invalid,1,S06|lower|invalid|1,-0.299281936735,0.22439856301,0,0,7
calibrated_noisy,calibrated but noisy,S06,S,lower,invalid,2,S06|lower|invalid|2,-0.254877806386,0.306175777564,0,0,7
calibrated_noisy,calibrated but noisy,S06,S,lower,valid,0,S06|lower|valid|0,0.749772124428,0.658999039053,2.62936422475,2.76083243599,7
calibrated_noisy,calibrated but noisy,S06,S,lower,valid,1,S06|lower|valid|1,0.988782188794,2.76907461757,3.25119646427,3.41375628749,7
calibrated_noisy,calibrated but noisy,S06,S,lower,valid,2,S06|lower|valid|2,0.94025946092,2.43075203043,3.14709769349,3.30445257816,7
calibrated_noisy,calibrated but noisy,S07,S,raise,invalid,0,S07|raise|invalid|0,-1.44800324633,0.696839570888,0,0,7
calibrated_noisy,calibrated but noisy,S07,S,raise,invalid,1,S07|raise|invalid|1,-0.755478310056,-1.41992619735,0,0,7
calibrated_noisy,calibrated but noisy,S07,S,raise,invalid,2,S07|raise|invalid|2,-0.831702169539,-0.643025473629,0,0,7
calibrated_noisy,calibrated but noisy,S07,S,raise,valid,0,S07|raise|valid|0,0.247339240072,0.486493427005,0.750958812306,0.788506752922,7
calibrated_noisy,calibrated but noisy,S07,S,raise,valid,1,S07|raise|valid|1,0.681149762966,2.09895180577,2.40152177628,2.52159786509,7
calibrated_noisy,calibrated but noisy,S07,S,raise,valid,2,S07|raise|valid|2,0.450311753316,2.4195118488,1.52737845479,1.60374737753,7
calibrated_noisy,calibrated but noisy,S08,S,lower,invalid,0,S08|lower|invalid|0,-2.28776560453,-0.398447440556,0,0,7
calibrated_noisy,calibrated but noisy,S08,S,lower,invalid,1,S08|lower|invalid|1,-1.86940666596,0.868211969426,0,0,7
calibrated_noisy,calibrated but noisy,S08,S,lower,invalid,2,S08|lower|invalid|2,-1.3818860957,-1.31904567587,0,0,7
calibrated_noisy,calibrated but noisy,S08,S,lower,valid,0,S08|lower|valid|0,0.484482745205,0.0315525014733,1.66249468818,1.74561942259,7
calibrated_noisy,calibrated but noisy,S08,S,lower,valid,1,S08|lower|valid|1,0.310893053124,2.08178139149,0.984451084756,1.03367363899,7
calibrated_noisy,calibrated but noisy,S08,S,lower,valid,2,S08|lower|valid|2,0.276933218976,1.25019413051,0.858104811214,0.901010051775,7
