artefact,tier,direction,validity,run,ordering,S0,t1,t2,t3
L01,L,lower,valid,0,012,90,85,80,78
L01,L,lower,valid,0,120,90,85,83,80
L01,L,lower,valid,0,201,90,88,80,70
L01,L,lower,valid,1,012,90,85,80,78
L01,L,lower,valid,1,120,90,82,80,75
L01,L,lower,valid,1,201,90,88,80,70
L01,L,lower,valid,2,012,92,85,78,75
L01,L,lower,valid,2,120,92,87,85,80
L01,L,lower,valid,2,201,92,88,82,75
L01,L,lower,valid,3,012,90,75,65,60
L01,L,lower,valid,3,120,90,85,83,80
L01,L,lower,valid,3,201,90,88,82,75
L01,L,lower,valid,4,012,92,80,70,60
L01,L,lower,valid,4,120,92,85,83,78
L01,L,lower,valid,4,201,92,90,85,80
L01,L,lower,valid,5,012,90,85,80,78
L01,L,lower,valid,5,120,90,85,83,80
L01,L,lower,valid,5,201,90,80,65,55
L01,L,lower,valid,6,012,92,85,78,75
L01,L,lower,valid,6,120,92,88,86,81
L01,L,lower,valid,6,201,92,88,83,78
L01,L,lower,valid,7,012,93,85,80,78
L01,L,lower,valid,7,120,93,88,86,82
L01,L,lower,valid,7,201,93,90,85,80
L01,L,lower,valid,8,012,92,75,65,60
L01,L,lower,valid,8,120,92,85,88,80
L01,L,lower,valid,8,201,92,90,85,80
L01,L,lower,valid,9,012,90,85,80,78
L01,L,lower,valid,9,120,90,85,83,78
L01,L,lower,valid,9,201,90,88,80,75
L01,L,lower,valid,10,012,90,80,70,65
L01,L,lower,valid,10,120,90,85,83,80
L01,L,lower,valid,10,201,90,87,82,77
L01,L,lower,valid,11,012,90,80,70,65
L01,L,lower,valid,11,120,90,85,83,78
L01,L,lower,valid,11,201,90,88,82,77
L01,L,lower,valid,12,012,95,80,70,65
L01,L,lower,valid,12,120,95,90,88,83
L01,L,lower,valid,12,201,95,93,85,80
L01,L,lower,valid,13,012,90,80,70,65
L01,L,lower,valid,13,120,90,85,83,80
L01,L,lower,valid,13,201,90,88,80,70
L01,L,lower,valid,14,012,90,80,75,70
L01,L,lower,valid,14,120,90,85,83,80
L01,L,lower,valid,14,201,90,88,80,75
L01,L,lower,valid,15,012,93,85,80,78
L01,L,lower,valid,15,120,93,88,85,80
L01,L,lower,valid,15,201,93,90,85,80
L01,L,lower,valid,16,012,90,80,70,65
L01,L,lower,valid,16,120,90,85,83,80
L01,L,lower,valid,16,201,90,88,80,75
L01,L,lower,valid,17,012,90,80,70,68
L01,L,lower,valid,17,120,90,85,83,78
L01,L,lower,valid,17,201,90,88,80,75
L01,L,lower,valid,18,012,90,80,70,65
L01,L,lower,valid,18,120,90,85,83,78
L01,L,lower,valid,18,201,90,88,80,75
L01,L,lower,valid,19,012,92,85,80,78
L01,L,lower,valid,19,120,92,88,85,82
L01,L,lower,valid,19,201,92,88,80,70
L01,L,lower,invalid,0,012,90,85,80,80
L01,L,lower,invalid,0,120,90,90,90,90
L01,L,lower,invalid,0,201,90,80,90,90
L01,L,lower,invalid,1,012,90,70,60,80
L01,L,lower,invalid,1,120,90,90,90,90
L01,L,lower,invalid,1,201,90,75,85,88
L01,L,lower,invalid,2,012,92,85,90,90
L01,L,lower,invalid,2,120,92,92,92,92
L01,L,lower,invalid,2,201,92,85,92,92
L01,L,lower,invalid,3,012,90,70,65,85
L01,L,lower,invalid,3,120,90,90,90,90
L01,L,lower,invalid,3,201,90,70,88,90
L01,L,lower,invalid,4,012,92,75,80,90
L01,L,lower,invalid,4,120,92,92,92,92
L01,L,lower,invalid,4,201,92,90,90,90
L01,L,lower,invalid,5,012,90,85,90,90
L01,L,lower,invalid,5,120,90,85,80,75
L01,L,lower,invalid,5,201,90,85,90,90
L01,L,lower,invalid,6,012,92,80,90,92
L01,L,lower,invalid,6,120,92,90,92,92
L01,L,lower,invalid,6,201,92,92,88,92
L01,L,lower,invalid,7,012,93,85,82,90
L01,L,lower,invalid,7,120,93,93,88,88
L01,L,lower,invalid,7,201,93,85,90,90
L01,L,lower,invalid,8,012,92,75,92,90
L01,L,lower,invalid,8,120,92,90,90,92
L01,L,lower,invalid,8,201,92,80,70,75
L01,L,lower,invalid,9,012,90,75,60,87
L01,L,lower,invalid,9,120,90,85,88,90
L01,L,lower,invalid,9,201,90,75,90,90
L01,L,lower,invalid,10,012,90,70,85,90
L01,L,lower,invalid,10,120,90,90,90,90
L01,L,lower,invalid,10,201,90,75,75,75
L01,L,lower,invalid,11,012,90,75,70,90
L01,L,lower,invalid,11,120,90,85,85,80
L01,L,lower,invalid,11,201,90,70,85,90
L01,L,lower,invalid,12,012,95,80,70,95
L01,L,lower,invalid,12,120,95,95,95,95
L01,L,lower,invalid,12,201,95,85,75,70
L01,L,lower,invalid,13,012,90,70,65,60
L01,L,lower,invalid,13,120,90,90,88,90
L01,L,lower,invalid,13,201,90,90,85,90
L01,L,lower,invalid,14,012,90,75,60,85
L01,L,lower,invalid,14,120,90,88,88,88
L01,L,lower,invalid,14,201,90,85,80,90
L01,L,lower,invalid,15,012,93,85,75,90
L01,L,lower,invalid,15,120,93,93,93,93
L01,L,lower,invalid,15,201,93,93,93,93
L01,L,lower,invalid,16,012,90,80,90,75
L01,L,lower,invalid,16,120,90,90,90,90
L01,L,lower,invalid,16,201,90,70,90,90
L01,L,lower,invalid,17,012,90,65,65,80
L01,L,lower,invalid,17,120,90,90,90,90
L01,L,lower,invalid,17,201,90,75,70,90
L01,L,lower,invalid,18,012,90,70,90,90
L01,L,lower,invalid,18,120,90,90,90,90
L01,L,lower,invalid,18,201,90,88,85,85
L01,L,lower,invalid,19,012,92,85,88,90
L01,L,lower,invalid,19,120,92,90,88,92
L01,L,lower,invalid,19,201,92,88,85,90
L02,L,lower,valid,0,012,45,30,20,10
L02,L,lower,valid,0,120,45,35,20,10
L02,L,lower,valid,0,201,45,20,10,5
L02,L,lower,valid,1,012,55,40,30,20
L02,L,lower,valid,1,120,55,40,10,5
L02,L,lower,valid,1,201,55,20,10,5
L02,L,lower,valid,2,012,55,40,30,15
L02,L,lower,valid,2,120,55,40,15,10
L02,L,lower,valid,2,201,55,25,20,15
L02,L,lower,valid,3,012,60,40,30,15
L02,L,lower,valid,3,120,60,45,20,10
L02,L,lower,valid,3,201,60,30,20,15
L02,L,lower,valid,4,012,55,30,20,10
L02,L,lower,valid,4,120,55,45,20,10
L02,L,lower,valid,4,201,55,20,15,10
L02,L,lower,valid,5,012,60,40,30,15
L02,L,lower,valid,5,120,60,45,20,10
L02,L,lower,valid,5,201,60,25,15,10
L02,L,lower,valid,6,012,65,50,40,10
L02,L,lower,valid,6,120,65,50,20,10
L02,L,lower,valid,6,201,65,20,15,10
L02,L,lower,valid,7,012,60,40,30,15
L02,L,lower,valid,7,120,60,40,20,10
L02,L,lower,valid,7,201,60,20,10,5
L02,L,lower,valid,8,012,60,45,30,20
L02,L,lower,valid,8,120,60,45,30,15
L02,L,lower,valid,8,201,60,30,20,10
L02,L,lower,valid,9,012,70,50,30,10
L02,L,lower,valid,9,120,70,60,25,15
L02,L,lower,valid,9,201,70,30,20,15
L02,L,lower,valid,10,012,65,45,30,15
L02,L,lower,valid,10,120,65,50,25,20
L02,L,lower,valid,10,201,65,10,10,5
L02,L,lower,valid,11,012,60,35,25,10
L02,L,lower,valid,11,120,60,50,30,20
L02,L,lower,valid,11,201,60,20,15,10
L02,L,lower,valid,12,012,60,45,30,15
L02,L,lower,valid,12,120,60,45,20,10
L02,L,lower,valid,12,201,60,15,10,5
L02,L,lower,valid,13,012,60,45,30,10
L02,L,lower,valid,13,120,60,45,25,20
L02,L,lower,valid,13,201,60,20,15,10
L02,L,lower,valid,14,012,65,50,30,10
L02,L,lower,valid,14,120,65,50,20,10
L02,L,lower,valid,14,201,65,25,20,10
L02,L,lower,valid,15,012,60,45,30,15
L02,L,lower,valid,15,120,60,45,30,15
L02,L,lower,valid,15,201,60,15,10,5
L02,L,lower,valid,16,012,60,30,20,10
L02,L,lower,valid,16,120,60,40,15,10
L02,L,lower,valid,16,201,60,20,15,10
L02,L,lower,valid,17,012,50,30,20,10
L02,L,lower,valid,17,120,50,35,20,10
L02,L,lower,valid,17,201,50,15,10,5
L02,L,lower,valid,18,012,60,40,25,10
L02,L,lower,valid,18,120,60,45,20,10
L02,L,lower,valid,18,201,60,30,20,10
L02,L,lower,valid,19,012,70,45,30,10
L02,L,lower,valid,19,120,70,55,30,20
L02,L,lower,valid,19,201,70,20,15,10
L02,L,lower,invalid,0,012,45,10,5,1
L02,L,lower,invalid,0,120,45,35,35,30
L02,L,lower,invalid,0,201,45,5,1,1
L02,L,lower,invalid,1,012,55,20,10,1
L02,L,lower,invalid,1,120,55,30,1,40
L02,L,lower,invalid,1,201,55,10,1,40
L02,L,lower,invalid,2,012,55,25,20,1
L02,L,lower,invalid,2,120,55,35,40,40
L02,L,lower,invalid,2,201,55,5,2,2
L02,L,lower,invalid,3,012,60,20,5,1
L02,L,lower,invalid,3,120,60,45,35,45
L02,L,lower,invalid,3,201,60,1,1,1
L02,L,lower,invalid,4,012,55,25,10,20
L02,L,lower,invalid,4,120,55,45,35,40
L02,L,lower,invalid,4,201,55,1,1,30
L02,L,lower,invalid,5,012,60,25,10,15
L02,L,lower,invalid,5,120,60,35,15,50
L02,L,lower,invalid,5,201,60,15,1,1
L02,L,lower,invalid,6,012,65,20,10,15
L02,L,lower,invalid,6,120,65,30,25,35
L02,L,lower,invalid,6,201,65,12,1,12
L02,L,lower,invalid,7,012,60,30,10,20
L02,L,lower,invalid,7,120,60,30,45,15
L02,L,lower,invalid,7,201,60,1,10,5
L02,L,lower,invalid,8,012,60,25,10,1
L02,L,lower,invalid,8,120,60,30,30,10
L02,L,lower,invalid,8,201,60,1,1,60
L02,L,lower,invalid,9,012,70,30,20,1
L02,L,lower,invalid,9,120,70,40,15,30
L02,L,lower,invalid,9,201,70,1,1,1
L02,L,lower,invalid,10,012,65,30,10,1
L02,L,lower,invalid,10,120,65,35,50,30
L02,L,lower,invalid,10,201,65,5,1,1
L02,L,lower,invalid,11,012,60,30,10,1
L02,L,lower,invalid,11,120,60,30,45,45
L02,L,lower,invalid,11,201,60,40,20,30
L02,L,lower,invalid,12,012,60,30,10,25
L02,L,lower,invalid,12,120,60,30,35,15
L02,L,lower,invalid,12,201,60,10,1,20
L02,L,lower,invalid,13,012,60,30,10,1
L02,L,lower,invalid,13,120,60,30,40,30
L02,L,lower,invalid,13,201,60,5,1,1
L02,L,lower,invalid,14,012,65,30,10,5
L02,L,lower,invalid,14,120,65,30,10,20
L02,L,lower,invalid,14,201,65,1,5,5
L02,L,lower,invalid,15,012,60,30,10,1
L02,L,lower,invalid,15,120,60,30,30,20
L02,L,lower,invalid,15,201,60,1,10,2
L02,L,lower,invalid,16,012,60,25,10,40
L02,L,lower,invalid,16,120,60,40,40,30
L02,L,lower,invalid,16,201,60,1,1,40
L02,L,lower,invalid,17,012,50,25,5,1
L02,L,lower,invalid,17,120,50,30,35,30
L02,L,lower,invalid,17,201,50,10,5,20
L02,L,lower,invalid,18,012,60,25,10,40
L02,L,lower,invalid,18,120,60,45,25,10
L02,L,lower,invalid,18,201,60,55,30,20
L02,L,lower,invalid,19,012,70,30,15,1
L02,L,lower,invalid,19,120,70,30,45,50
L02,L,lower,invalid,19,201,70,10,1,30
L03,L,lower,valid,0,012,90,50,30,55
L03,L,lower,valid,0,120,90,75,55,40
L03,L,lower,valid,0,201,90,55,45,30
L03,L,lower,valid,1,012,92,60,50,40
L03,L,lower,valid,1,120,92,70,55,45
L03,L,lower,valid,1,201,92,65,50,40
L03,L,lower,valid,2,012,92,45,30,55
L03,L,lower,valid,2,120,92,70,55,40
L03,L,lower,valid,2,201,92,60,50,30
L03,L,lower,valid,3,012,92,75,60,55
L03,L,lower,valid,3,120,92,80,55,40
L03,L,lower,valid,3,201,92,55,40,25
L03,L,lower,valid,4,012,92,55,40,30
L03,L,lower,valid,4,120,92,70,60,50
L03,L,lower,valid,4,201,92,55,45,30
L03,L,lower,valid,5,012,90,65,45,55
L03,L,lower,valid,5,120,90,75,60,50
L03,L,lower,valid,5,201,90,55,45,35
L03,L,lower,valid,6,012,90,40,25,6
L03,L,lower,valid,6,120,90,75,55,45
L03,L,lower,valid,6,201,90,55,50,45
L03,L,lower,valid,7,012,90,50,40,30
L03,L,lower,valid,7,120,90,80,60,40
L03,L,lower,valid,7,201,90,65,55,40
L03,L,lower,valid,8,012,92,70,55,45
L03,L,lower,valid,8,120,92,75,55,40
L03,L,lower,valid,8,201,92,55,40,30
L03,L,lower,valid,9,012,92,60,45,40
L03,L,lower,valid,9,120,92,75,55,45
L03,L,lower,valid,9,201,92,55,30,6
L03,L,lower,valid,10,012,90,70,60,50
L03,L,lower,valid,10,120,90,80,55,45
L03,L,lower,valid,10,201,90,55,40,30
L03,L,lower,valid,11,012,90,40,30,55
L03,L,lower,valid,11,120,90,75,55,50
L03,L,lower,valid,11,201,90,55,45,35
L03,L,lower,valid,12,012,90,60,40,55
L03,L,lower,valid,12,120,90,75,55,35
L03,L,lower,valid,12,201,90,58,40,25
L03,L,lower,valid,13,012,90,65,55,50
L03,L,lower,valid,13,120,90,75,55,40
L03,L,lower,valid,13,201,90,55,50,30
L03,L,lower,valid,14,012,90,60,50,45
L03,L,lower,valid,14,120,90,75,55,45
L03,L,lower,valid,14,201,90,55,40,30
L03,L,lower,valid,15,012,90,75,55,40
L03,L,lower,valid,15,120,90,75,55,45
L03,L,lower,valid,15,201,90,60,50,40
L03,L,lower,valid,16,012,90,60,45,50
L03,L,lower,valid,16,120,90,70,55,30
L03,L,lower,valid,16,201,90,55,50,40
L03,L,lower,valid,17,012,92,60,45,40
L03,L,lower,valid,17,120,92,75,60,50
L03,L,lower,valid,17,201,92,55,40,30
L03,L,lower,valid,18,012,92,50,35,15
L03,L,lower,valid,18,120,92,75,55,40
L03,L,lower,valid,18,201,92,60,50,30
L03,L,lower,valid,19,012,90,60,40,50
L03,L,lower,valid,19,120,90,75,60,45
L03,L,lower,valid,19,201,90,60,40,25
L03,L,lower,invalid,0,012,90,90,90,90
L03,L,lower,invalid,0,120,90,90,90,90
L03,L,lower,invalid,0,201,90,90,90,90
L03,L,lower,invalid,1,012,92,92,92,92
L03,L,lower,invalid,1,120,92,92,92,92
L03,L,lower,invalid,1,201,92,93,90,90
L03,L,lower,invalid,2,012,92,90,90,90
L03,L,lower,invalid,2,120,92,92,92,92
L03,L,lower,invalid,2,201,92,90,92,92
L03,L,lower,invalid,3,120,92,90,90,92
L03,L,lower,invalid,3,201,92,92,92,92
L03,L,lower,invalid,4,012,92,92,92,92
L03,L,lower,invalid,4,120,92,92,92,92
L03,L,lower,invalid,4,201,92,90,90,90
L03,L,lower,invalid,5,012,90,90,90,90
L03,L,lower,invalid,5,120,90,90,90,90
L03,L,lower,invalid,5,201,90,90,90,90
L03,L,lower,invalid,6,012,90,90,90,90
L03,L,lower,invalid,6,120,90,90,90,90
L03,L,lower,invalid,6,201,90,88,88,88
L03,L,lower,invalid,7,012,90,90,90,90
L03,L,lower,invalid,7,120,90,90,90,90
L03,L,lower,invalid,7,201,90,90,90,90
L03,L,lower,invalid,8,012,92,90,90,90
L03,L,lower,invalid,8,120,92,92,92,92
L03,L,lower,invalid,8,201,92,3,90,88
L03,L,lower,invalid,9,012,92,88,88,88
L03,L,lower,invalid,9,120,92,92,92,92
L03,L,lower,invalid,9,201,92,90,90,90
L03,L,lower,invalid,10,012,90,85,90,90
L03,L,lower,invalid,10,120,90,90,90,90
L03,L,lower,invalid,10,201,90,90,90,90
L03,L,lower,invalid,11,012,90,90,90,90
L03,L,lower,invalid,11,120,90,90,90,90
L03,L,lower,invalid,11,201,90,90,88,88
L03,L,lower,invalid,12,012,90,80,90,90
L03,L,lower,invalid,12,120,90,90,90,90
L03,L,lower,invalid,12,201,90,88,90,90
L03,L,lower,invalid,13,012,90,90,90,90
L03,L,lower,invalid,13,120,90,90,90,90
L03,L,lower,invalid,13,201,90,90,90,90
L03,L,lower,invalid,14,012,90,90,90,90
L03,L,lower,invalid,14,120,90,90,90,90
L03,L,lower,invalid,14,201,90,90,90,90
L03,L,lower,invalid,15,012,90,85,85,90
L03,L,lower,invalid,15,120,90,90,90,90
L03,L,lower,invalid,15,201,90,90,90,90
L03,L,lower,invalid,16,012,90,90,90,90
L03,L,lower,invalid,16,120,90,90,90,90
L03,L,lower,invalid,16,201,90,90,90,90
L03,L,lower,invalid,17,012,92,90,90,92
L03,L,lower,invalid,17,120,92,92,92,92
L03,L,lower,invalid,17,201,92,90,90,90
L03,L,lower,invalid,18,012,92,92,92,92
L03,L,lower,invalid,18,120,92,92,92,92
L03,L,lower,invalid,18,201,92,92,92,92
L03,L,lower,invalid,19,012,90,90,90,90
L03,L,lower,invalid,19,120,90,90,90,90
L03,L,lower,invalid,19,201,90,90,90,90
L04,L,lower,valid,0,012,70,50,30,4
L04,L,lower,valid,0,120,70,60,4,3
L04,L,lower,valid,0,201,70,30,20,10
L04,L,lower,valid,1,012,72,55,38,4
L04,L,lower,valid,1,120,72,60,5,4
L04,L,lower,valid,1,201,72,35,30,25
L04,L,lower,valid,2,012,65,55,45,5
L04,L,lower,valid,2,120,65,55,25,20
L04,L,lower,valid,2,201,65,25,10,5
L04,L,lower,valid,3,012,65,45,30,5
L04,L,lower,valid,3,120,65,50,25,10
L04,L,lower,valid,3,201,65,4,4,3
L04,L,lower,valid,4,012,80,60,45,5
L04,L,lower,valid,4,120,80,60,4,3
L04,L,lower,valid,4,201,80,35,25,15
L04,L,lower,valid,5,012,70,55,30,5
L04,L,lower,valid,5,120,70,60,30,20
L04,L,lower,valid,5,201,70,35,25,20
L04,L,lower,valid,6,012,75,55,40,15
L04,L,lower,valid,6,120,75,60,30,15
L04,L,lower,valid,6,201,75,4,20,15
L04,L,lower,valid,7,012,70,55,40,4
L04,L,lower,valid,7,120,70,60,4,20
L04,L,lower,valid,7,201,70,4,4,3
L04,L,lower,valid,8,012,70,55,40,4
L04,L,lower,valid,8,120,70,60,4,3
L04,L,lower,valid,8,201,70,4,20,10
L04,L,lower,valid,9,012,65,55,40,4
L04,L,lower,valid,9,120,65,55,5,4
L04,L,lower,valid,9,201,65,4,20,10
L04,L,lower,valid,10,012,70,50,35,4
L04,L,lower,valid,10,120,70,60,4,3
L04,L,lower,valid,10,201,70,40,25,15
L04,L,lower,valid,11,012,70,50,35,4
L04,L,lower,valid,11,120,70,60,25,20
L04,L,lower,valid,11,201,70,35,25,20
L04,L,lower,valid,12,012,75,60,40,20
L04,L,lower,valid,12,120,75,65,20,10
L04,L,lower,valid,12,201,75,35,30,25
L04,L,lower,valid,13,012,78,60,45,15
L04,L,lower,valid,13,120,78,65,4,4
L04,L,lower,valid,13,201,78,10,15,10
L04,L,lower,valid,14,012,75,55,35,4
L04,L,lower,valid,14,120,75,60,5,4
L04,L,lower,valid,14,201,75,30,25,20
L04,L,lower,valid,15,012,70,50,30,4
L04,L,lower,valid,15,120,70,60,4,3
L04,L,lower,valid,15,201,70,35,30,20
L04,L,lower,valid,16,012,80,55,40,4
L04,L,lower,valid,16,120,80,70,4,5
L04,L,lower,valid,16,201,80,30,25,15
L04,L,lower,valid,17,012,80,55,45,4
L04,L,lower,valid,17,120,80,65,25,10
L04,L,lower,valid,17,201,80,25,20,15
L04,L,lower,valid,18,012,70,50,40,4
L04,L,lower,valid,18,120,70,60,30,4
L04,L,lower,valid,18,201,70,40,30,20
L04,L,lower,valid,19,012,70,60,50,5
L04,L,lower,valid,19,120,70,60,20,10
L04,L,lower,valid,19,201,70,30,25,15
L04,L,lower,invalid,0,012,70,60,45,15
L04,L,lower,invalid,0,120,70,50,30,20
L04,L,lower,invalid,0,201,70,30,25,15
L04,L,lower,invalid,1,012,72,30,15,10
L04,L,lower,invalid,1,120,72,52,30,20
L04,L,lower,invalid,1,201,72,48,35,25
L04,L,lower,invalid,2,012,65,55,40,20
L04,L,lower,invalid,2,120,65,40,10,5
L04,L,lower,invalid,2,201,65,10,5,2
L04,L,lower,invalid,3,012,65,45,30,25
L04,L,lower,invalid,3,120,65,50,40,30
L04,L,lower,invalid,3,201,65,45,30,15
L04,L,lower,invalid,4,012,80,80,65,55
L04,L,lower,invalid,4,120,80,60,25,15
L04,L,lower,invalid,4,201,80,30,40,25
L04,L,lower,invalid,5,012,70,60,45,30
L04,L,lower,invalid,5,120,70,50,20,10
L04,L,lower,invalid,5,201,70,40,30,20
L04,L,lower,invalid,6,012,75,70,55,30
L04,L,lower,invalid,6,120,75,50,45,30
L04,L,lower,invalid,6,201,75,15,45,20
L04,L,lower,invalid,7,012,70,35,20,10
L04,L,lower,invalid,7,120,70,50,45,30
L04,L,lower,invalid,7,201,70,30,20,10
L04,L,lower,invalid,8,012,70,45,25,10
L04,L,lower,invalid,8,120,70,50,30,20
L04,L,lower,invalid,8,201,70,35,20,10
L04,L,lower,invalid,9,012,65,55,45,25
L04,L,lower,invalid,9,120,65,45,15,30
L04,L,lower,invalid,9,201,65,30,25,15
L04,L,lower,invalid,10,012,70,70,55,40
L04,L,lower,invalid,10,120,70,50,25,20
L04,L,lower,invalid,10,201,70,25,20,10
L04,L,lower,invalid,11,012,70,65,50,20
L04,L,lower,invalid,11,120,70,55,20,10
L04,L,lower,invalid,11,201,70,10,5,2
L04,L,lower,invalid,12,012,75,60,45,20
L04,L,lower,invalid,12,120,75,55,35,30
L04,L,lower,invalid,12,201,75,35,20,10
L04,L,lower,invalid,13,012,78,70,60,20
L04,L,lower,invalid,13,120,78,60,30,15
L04,L,lower,invalid,13,201,78,25,20,15
L04,L,lower,invalid,14,012,75,60,40,20
L04,L,lower,invalid,14,120,75,60,30,45
L04,L,lower,invalid,14,201,75,15,75,55
L04,L,lower,invalid,15,012,70,40,25,10
L04,L,lower,invalid,15,120,70,55,40,30
L04,L,lower,invalid,15,201,70,40,35,25
L04,L,lower,invalid,16,012,80,45,30,15
L04,L,lower,invalid,16,120,80,60,40,25
L04,L,lower,invalid,16,201,80,25,55,30
L04,L,lower,invalid,17,012,80,60,45,20
L04,L,lower,invalid,17,120,80,60,15,10
L04,L,lower,invalid,17,201,80,30,25,15
L04,L,lower,invalid,18,012,70,65,50,30
L04,L,lower,invalid,18,120,70,50,15,5
L04,L,lower,invalid,18,201,70,25,20,10
L04,L,lower,invalid,19,012,70,65,50,30
L04,L,lower,invalid,19,120,70,55,30,20
L04,L,lower,invalid,19,201,70,30,55,40
L07,L,lower,valid,0,012,92,87,80,75
L07,L,lower,valid,0,120,92,88,84,80
L07,L,lower,valid,0,201,92,88,80,75
L07,L,lower,valid,1,012,90,85,80,75
L07,L,lower,valid,1,120,90,85,80,75
L07,L,lower,valid,1,201,90,85,80,75
L07,L,lower,valid,2,012,92,85,78,70
L07,L,lower,valid,2,120,92,88,84,78
L07,L,lower,valid,2,201,92,87,82,75
L07,L,lower,valid,3,012,92,85,80,75
L07,L,lower,valid,3,120,92,85,80,75
L07,L,lower,valid,3,201,92,85,80,75
L07,L,lower,valid,4,012,90,80,75,70
L07,L,lower,valid,4,120,90,84,80,75
L07,L,lower,valid,4,201,90,85,80,75
L07,L,lower,valid,5,012,93,87,82,75
L07,L,lower,valid,5,120,93,88,85,80
L07,L,lower,valid,5,201,93,90,82,75
L07,L,lower,valid,6,012,90,85,75,70
L07,L,lower,valid,6,120,90,80,75,70
L07,L,lower,valid,6,201,90,85,80,75
L07,L,lower,valid,7,012,92,80,72,65
L07,L,lower,valid,7,120,92,88,85,80
L07,L,lower,valid,7,201,92,87,80,72
L07,L,lower,valid,8,012,92,85,78,70
L07,L,lower,valid,8,120,92,87,83,78
L07,L,lower,valid,8,201,92,85,78,70
L07,L,lower,valid,9,012,93,88,82,75
L07,L,lower,valid,9,120,93,88,85,80
L07,L,lower,valid,9,201,93,88,82,75
L07,L,lower,valid,10,012,90,85,70,60
L07,L,lower,valid,10,120,90,85,80,75
L07,L,lower,valid,10,201,90,85,80,75
L07,L,lower,valid,11,012,88,80,70,65
L07,L,lower,valid,11,120,88,82,75,68
L07,L,lower,valid,11,201,88,82,75,65
L07,L,lower,valid,12,012,90,85,80,75
L07,L,lower,valid,12,120,90,80,75,65
L07,L,lower,valid,12,201,90,85,80,75
L07,L,lower,valid,13,012,90,85,75,70
L07,L,lower,valid,13,120,90,85,80,75
L07,L,lower,valid,13,201,90,80,75,65
L07,L,lower,valid,14,012,90,80,70,60
L07,L,lower,valid,14,120,90,85,80,75
L07,L,lower,valid,14,201,90,85,80,70
L07,L,lower,valid,15,012,92,88,84,78
L07,L,lower,valid,15,120,92,85,80,75
L07,L,lower,valid,15,201,92,88,80,72
L07,L,lower,valid,16,012,90,85,80,75
L07,L,lower,valid,16,120,90,85,80,75
L07,L,lower,valid,16,201,90,85,75,65
L07,L,lower,valid,17,012,92,85,75,65
L07,L,lower,valid,17,120,92,87,83,78
L07,L,lower,valid,17,201,92,90,85,75
L07,L,lower,valid,18,012,90,80,70,65
L07,L,lower,valid,18,120,90,85,82,78
L07,L,lower,valid,18,201,90,85,80,75
L07,L,lower,valid,19,012,90,85,80,75
L07,L,lower,valid,19,120,90,85,80,75
L07,L,lower,valid,19,201,90,80,70,60
L07,L,lower,invalid,0,012,92,90,87,85
L07,L,lower,invalid,0,120,92,88,90,88
L07,L,lower,invalid,0,201,92,92,90,85
L07,L,lower,invalid,1,012,90,90,85,85
L07,L,lower,invalid,1,120,90,85,80,75
L07,L,lower,invalid,1,201,90,88,88,85
L07,L,lower,invalid,2,012,92,90,85,85
L07,L,lower,invalid,2,120,92,88,90,92
L07,L,lower,invalid,2,201,92,92,92,90
L07,L,lower,invalid,3,012,92,92,90,90
L07,L,lower,invalid,3,120,92,85,80,92
L07,L,lower,invalid,3,201,92,92,92,88
L07,L,lower,invalid,4,012,90,90,80,88
L07,L,lower,invalid,4,120,90,87,85,82
L07,L,lower,invalid,4,201,90,90,90,90
L07,L,lower,invalid,5,120,93,86,85,85
L07,L,lower,invalid,5,201,93,93,93,88
L07,L,lower,invalid,6,012,90,88,87,86
L07,L,lower,invalid,6,120,90,85,88,88
L07,L,lower,invalid,6,201,90,90,88,86
L07,L,lower,invalid,7,012,92,88,85,90
L07,L,lower,invalid,7,120,92,85,90,90
L07,L,lower,invalid,7,201,92,92,92,90
L07,L,lower,invalid,8,012,92,87,83,80
L07,L,lower,invalid,8,120,92,85,90,88
L07,L,lower,invalid,8,201,92,90,90,88
L07,L,lower,invalid,9,012,93,93,88,90
L07,L,lower,invalid,9,120,93,85,90,88
L07,L,lower,invalid,9,201,93,93,90,93
L07,L,lower,invalid,10,012,90,88,85,80
L07,L,lower,invalid,10,120,90,85,85,85
L07,L,lower,invalid,10,201,90,90,90,85
L07,L,lower,invalid,11,012,88,88,85,83
L07,L,lower,invalid,11,120,88,82,85,87
L07,L,lower,invalid,11,201,88,88,88,88
L07,L,lower,invalid,12,012,90,88,85,82
L07,L,lower,invalid,12,120,90,85,88,87
L07,L,lower,invalid,12,201,90,88,90,88
L07,L,lower,invalid,13,012,90,90,88,88
L07,L,lower,invalid,13,120,90,85,90,90
L07,L,lower,invalid,13,201,90,90,90,90
L07,L,lower,invalid,14,012,90,90,80,90
L07,L,lower,invalid,14,120,90,85,88,88
L07,L,lower,invalid,14,201,90,88,90,87
L07,L,lower,invalid,15,012,92,90,84,82
L07,L,lower,invalid,15,120,92,87,90,90
L07,L,lower,invalid,15,201,92,90,88,83
L07,L,lower,invalid,16,120,90,85,83,90
L07,L,lower,invalid,16,201,90,90,90,90
L07,L,lower,invalid,17,012,92,90,85,83
L07,L,lower,invalid,17,120,92,88,90,90
L07,L,lower,invalid,17,201,92,92,92,90
L07,L,lower,invalid,18,012,90,90,88,85
L07,L,lower,invalid,18,120,90,82,88,85
L07,L,lower,invalid,18,201,90,90,90,90
L07,L,lower,invalid,19,012,90,90,85,85
L07,L,lower,invalid,19,120,90,85,80,80
L07,L,lower,invalid,19,201,90,45,88,90
L08,L,raise,valid,0,012,35,65,70,75
L08,L,raise,valid,0,120,35,50,60,70
L08,L,raise,valid,0,201,35,60,70,75
L08,L,raise,valid,1,012,58,70,80,85
L08,L,raise,valid,1,120,58,65,75,80
L08,L,raise,valid,1,201,58,65,70,75
L08,L,raise,valid,2,012,50,65,70,75
L08,L,raise,valid,2,120,50,65,75,80
L08,L,raise,valid,2,201,50,65,75,80
L08,L,raise,valid,3,012,45,60,75,70
L08,L,raise,valid,3,120,45,60,70,75
L08,L,raise,valid,3,201,45,60,70,75
L08,L,raise,valid,4,012,45,60,70,75
L08,L,raise,valid,4,120,45,60,70,75
L08,L,raise,valid,4,201,45,60,70,75
L08,L,raise,valid,5,012,50,70,75,80
L08,L,raise,valid,5,120,50,65,75,80
L08,L,raise,valid,5,201,50,65,75,80
L08,L,raise,valid,6,012,60,70,75,80
L08,L,raise,valid,6,120,60,65,70,75
L08,L,raise,valid,6,201,60,70,75,80
L08,L,raise,valid,7,012,45,55,65,75
L08,L,raise,valid,7,120,45,55,65,70
L08,L,raise,valid,7,201,45,60,70,75
L08,L,raise,valid,8,012,40,60,70,75
L08,L,raise,valid,8,120,40,55,65,70
L08,L,raise,valid,8,201,40,60,70,80
L08,L,raise,valid,9,012,40,55,60,70
L08,L,raise,valid,9,120,40,60,65,70
L08,L,raise,valid,9,201,40,60,70,75
L08,L,raise,valid,10,012,50,66,72,78
L08,L,raise,valid,10,120,50,62,70,75
L08,L,raise,valid,10,201,50,70,75,80
L08,L,raise,valid,11,012,45,60,70,75
L08,L,raise,valid,11,120,45,60,65,70
L08,L,raise,valid,11,201,45,62,70,78
L08,L,raise,valid,12,012,55,65,70,75
L08,L,raise,valid,12,120,55,65,70,75
L08,L,raise,valid,12,201,55,65,70,75
L08,L,raise,valid,13,012,60,70,75,80
L08,L,raise,valid,13,120,60,70,75,80
L08,L,raise,valid,13,201,60,72,80,85
L08,L,raise,valid,14,012,50,65,75,80
L08,L,raise,valid,14,120,50,60,65,70
L08,L,raise,valid,14,201,50,70,75,80
L08,L,raise,valid,15,012,55,65,70,75
L08,L,raise,valid,15,120,55,68,75,80
L08,L,raise,valid,15,201,55,68,75,80
L08,L,raise,valid,16,012,45,65,75,80
L08,L,raise,valid,16,120,45,60,70,75
L08,L,raise,valid,16,201,45,65,75,80
L08,L,raise,valid,17,012,45,60,70,75
L08,L,raise,valid,17,120,45,60,70,78
L08,L,raise,valid,17,201,45,60,65,70
L08,L,raise,valid,18,012,40,60,75,80
L08,L,raise,valid,18,120,40,60,65,70
L08,L,raise,valid,18,201,40,60,70,75
L08,L,raise,valid,19,012,50,65,75,80
L08,L,raise,valid,19,120,50,60,65,70
L08,L,raise,valid,19,201,50,65,75,80
L08,L,raise,invalid,0,012,35,45,60,60
L08,L,raise,invalid,0,120,35,60,65,65
L08,L,raise,invalid,0,201,35,55,60,65
L08,L,raise,invalid,1,012,58,70,75,75
L08,L,raise,invalid,1,120,58,65,62,60
L08,L,raise,invalid,1,201,58,65,70,62
L08,L,raise,invalid,2,012,50,60,65,70
L08,L,raise,invalid,2,120,50,65,70,70
L08,L,raise,invalid,2,201,50,55,40,60
L08,L,raise,invalid,3,012,45,55,75,55
L08,L,raise,invalid,3,120,45,50,60,45
L08,L,raise,invalid,3,201,45,60,75,70
L08,L,raise,invalid,4,012,45,55,60,60
L08,L,raise,invalid,4,120,45,50,55,60
L08,L,raise,invalid,4,201,45,65,62,65
L08,L,raise,invalid,5,012,50,70,75,78
L08,L,raise,invalid,5,120,50,50,45,50
L08,L,raise,invalid,5,201,50,60,70,75
L08,L,raise,invalid,6,012,60,65,70,75
L08,L,raise,invalid,6,120,60,60,60,65
L08,L,raise,invalid,6,201,60,70,75,80
L08,L,raise,invalid,7,012,45,60,62,65
L08,L,raise,invalid,7,120,45,55,45,60
L08,L,raise,invalid,7,201,45,60,75,80
L08,L,raise,invalid,8,012,40,60,55,70
L08,L,raise,invalid,8,120,40,60,70,70
L08,L,raise,invalid,8,201,40,60,65,75
L08,L,raise,invalid,9,012,40,45,55,60
L08,L,raise,invalid,9,120,40,65,70,72
L08,L,raise,invalid,9,201,40,65,70,75
L08,L,raise,invalid,10,012,50,60,60,60
L08,L,raise,invalid,10,120,50,55,60,62
L08,L,raise,invalid,10,201,50,60,70,75
L08,L,raise,invalid,11,012,45,55,60,60
L08,L,raise,invalid,11,120,45,55,60,60
L08,L,raise,invalid,11,201,45,75,70,65
L08,L,raise,invalid,12,012,55,70,72,72
L08,L,raise,invalid,12,120,55,60,60,60
L08,L,raise,invalid,12,201,55,75,70,65
L08,L,raise,invalid,13,012,60,70,85,88
L08,L,raise,invalid,13,120,60,65,70,70
L08,L,raise,invalid,13,201,60,65,65,75
L08,L,raise,invalid,14,012,50,60,70,75
L08,L,raise,invalid,14,120,50,65,68,62
L08,L,raise,invalid,14,201,50,50,65,75
L08,L,raise,invalid,15,012,55,55,55,55
L08,L,raise,invalid,15,120,55,65,70,60
L08,L,raise,invalid,15,201,55,60,55,55
L08,L,raise,invalid,16,012,45,50,60,65
L08,L,raise,invalid,16,120,45,60,65,65
L08,L,raise,invalid,16,201,45,60,70,75
L08,L,raise,invalid,17,012,45,60,65,65
L08,L,raise,invalid,17,120,45,55,50,45
L08,L,raise,invalid,17,201,45,60,65,70
L08,L,raise,invalid,18,012,40,55,70,75
L08,L,raise,invalid,18,120,40,55,55,55
L08,L,raise,invalid,18,201,40,55,65,68
L08,L,raise,invalid,19,012,50,60,60,65
L08,L,raise,invalid,19,120,50,50,62,62
L08,L,raise,invalid,19,201,50,65,60,70
M01,M,lower,valid,0,012,92,89,85,80
M01,M,lower,valid,0,120,92,87,85,80
M01,M,lower,valid,0,201,92,88,83,78
M01,M,lower,valid,1,012,90,85,80,75
M01,M,lower,valid,1,120,90,83,78,70
M01,M,lower,valid,1,201,90,85,80,75
M01,M,lower,valid,2,012,90,85,80,75
M01,M,lower,valid,2,120,90,85,80,75
M01,M,lower,valid,2,201,90,85,80,75
M01,M,lower,valid,3,012,90,85,80,75
M01,M,lower,valid,3,120,90,83,80,75
M01,M,lower,valid,3,201,90,85,80,75
M01,M,lower,valid,4,012,93,88,85,80
M01,M,lower,valid,4,120,93,88,85,80
M01,M,lower,valid,4,201,93,88,83,78
M01,M,lower,valid,5,012,90,85,80,75
M01,M,lower,valid,5,120,90,85,80,75
M01,M,lower,valid,5,201,90,85,80,75
M01,M,lower,valid,6,012,90,85,80,75
M01,M,lower,valid,6,120,90,80,75,70
M01,M,lower,valid,6,201,90,85,80,75
M01,M,lower,valid,7,012,90,85,80,75
M01,M,lower,valid,7,120,90,85,80,75
M01,M,lower,valid,7,201,90,85,80,75
M01,M,lower,valid,8,012,90,83,78,75
M01,M,lower,valid,8,120,90,85,80,75
M01,M,lower,valid,8,201,90,85,80,75
M01,M,lower,valid,9,012,92,88,84,80
M01,M,lower,valid,9,120,92,85,80,75
M01,M,lower,valid,9,201,92,88,85,82
M01,M,lower,valid,10,012,92,88,84,80
M01,M,lower,valid,10,120,92,85,80,75
M01,M,lower,valid,10,201,92,88,85,80
M01,M,lower,valid,11,012,90,85,80,75
M01,M,lower,valid,11,120,90,83,78,73
M01,M,lower,valid,11,201,90,85,80,75
M01,M,lower,valid,12,012,90,85,80,75
M01,M,lower,valid,12,120,90,84,80,75
M01,M,lower,valid,12,201,90,83,75,70
M01,M,lower,valid,13,012,90,85,80,75
M01,M,lower,valid,13,120,90,85,80,75
M01,M,lower,valid,13,201,90,85,80,75
M01,M,lower,valid,14,012,90,85,80,75
M01,M,lower,valid,14,120,90,85,80,75
M01,M,lower,valid,14,201,90,85,80,75
M01,M,lower,valid,15,012,92,88,82,78
M01,M,lower,valid,15,120,92,88,84,80
M01,M,lower,valid,15,201,92,85,80,75
M01,M,lower,valid,16,012,90,80,75,70
M01,M,lower,valid,16,120,90,85,80,75
M01,M,lower,valid,16,201,90,85,80,75
M01,M,lower,valid,17,012,90,85,80,75
M01,M,lower,valid,17,120,90,85,80,75
M01,M,lower,valid,17,201,90,85,80,75
M01,M,lower,valid,18,012,92,88,84,80
M01,M,lower,valid,18,120,92,86,82,78
M01,M,lower,valid,18,201,92,88,80,75
M01,M,lower,valid,19,012,90,85,80,75
M01,M,lower,valid,19,120,90,85,80,75
M01,M,lower,valid,19,201,90,85,80,75
M01,M,lower,invalid,0,012,92,80,65,50
M01,M,lower,invalid,0,120,92,80,70,80
M01,M,lower,invalid,0,201,92,85,75,80
M01,M,lower,invalid,1,012,90,85,75,65
M01,M,lower,invalid,1,120,90,70,55,85
M01,M,lower,invalid,1,201,90,75,88,80
M01,M,lower,invalid,2,012,90,80,65,50
M01,M,lower,invalid,2,120,90,75,65,55
M01,M,lower,invalid,2,201,90,80,75,85
M01,M,lower,invalid,3,012,90,75,55,35
M01,M,lower,invalid,3,120,90,85,80,75
M01,M,lower,invalid,3,201,90,70,60,55
M01,M,lower,invalid,4,012,93,85,70,60
M01,M,lower,invalid,4,120,93,80,60,50
M01,M,lower,invalid,4,201,93,88,85,92
M01,M,lower,invalid,5,012,90,75,60,45
M01,M,lower,invalid,5,120,90,70,60,50
M01,M,lower,invalid,5,201,90,80,75,70
M01,M,lower,invalid,6,012,90,80,65,50
M01,M,lower,invalid,6,120,90,75,60,50
M01,M,lower,invalid,6,201,90,70,88,85
M01,M,lower,invalid,7,012,90,85,75,60
M01,M,lower,invalid,7,120,90,70,75,65
M01,M,lower,invalid,7,201,90,85,85,88
M01,M,lower,invalid,8,012,90,80,60,45
M01,M,lower,invalid,8,120,90,75,60,90
M01,M,lower,invalid,8,201,90,80,75,65
M01,M,lower,invalid,9,012,92,80,60,50
M01,M,lower,invalid,9,120,92,85,60,65
M01,M,lower,invalid,9,201,92,85,80,90
M01,M,lower,invalid,10,012,92,85,65,50
M01,M,lower,invalid,10,120,92,65,45,35
M01,M,lower,invalid,10,201,92,85,80,75
M01,M,lower,invalid,11,012,90,80,65,50
M01,M,lower,invalid,11,120,90,70,60,85
M01,M,lower,invalid,11,201,90,88,85,80
M01,M,lower,invalid,12,012,90,80,60,45
M01,M,lower,invalid,12,120,90,75,60,50
M01,M,lower,invalid,12,201,90,80,75,85
M01,M,lower,invalid,13,012,90,80,70,55
M01,M,lower,invalid,13,120,90,75,65,80
M01,M,lower,invalid,13,201,90,80,75,70
M01,M,lower,invalid,14,012,90,80,70,40
M01,M,lower,invalid,14,120,90,70,55,45
M01,M,lower,invalid,14,201,90,85,80,70
M01,M,lower,invalid,15,012,92,85,70,60
M01,M,lower,invalid,15,120,92,78,60,45
M01,M,lower,invalid,15,201,92,85,80,90
M01,M,lower,invalid,16,012,90,80,65,55
M01,M,lower,invalid,16,120,90,75,60,45
M01,M,lower,invalid,16,201,90,85,80,75
M01,M,lower,invalid,17,012,90,80,65,50
M01,M,lower,invalid,17,120,90,80,75,65
M01,M,lower,invalid,17,201,90,80,85,70
M01,M,lower,invalid,18,012,92,80,65,50
M01,M,lower,invalid,18,120,92,80,70,88
M01,M,lower,invalid,18,201,92,80,75,60
M01,M,lower,invalid,19,012,90,82,70,60
M01,M,lower,invalid,19,120,90,75,60,65
M01,M,lower,invalid,19,201,90,85,83,78
M02,M,raise,valid,0,012,20,30,40,45
M02,M,raise,valid,0,120,20,30,40,35
M02,M,raise,valid,0,201,20,25,30,35
M02,M,raise,valid,1,012,15,25,30,35
M02,M,raise,valid,1,120,15,25,30,35
M02,M,raise,valid,1,201,15,20,25,30
M02,M,raise,valid,2,012,25,35,40,45
M02,M,raise,valid,2,120,25,30,35,40
M02,M,raise,valid,2,201,25,30,35,40
M02,M,raise,valid,3,012,25,30,35,40
M02,M,raise,valid,3,120,25,30,35,40
M02,M,raise,valid,3,201,25,35,40,45
M02,M,raise,valid,4,012,20,30,35,40
M02,M,raise,valid,4,120,20,30,35,40
M02,M,raise,valid,4,201,20,30,35,45
M02,M,raise,valid,5,012,15,30,30,35
M02,M,raise,valid,5,120,15,25,30,35
M02,M,raise,valid,5,201,15,30,35,40
M02,M,raise,valid,6,012,25,35,40,45
M02,M,raise,valid,6,120,25,30,35,40
M02,M,raise,valid,6,201,25,30,35,40
M02,M,raise,valid,7,012,22,30,35,40
M02,M,raise,valid,7,120,22,40,45,50
M02,M,raise,valid,7,201,22,30,35,40
M02,M,raise,valid,8,012,18,25,35,40
M02,M,raise,valid,8,120,18,25,30,32
M02,M,raise,valid,8,201,18,25,30,35
M02,M,raise,valid,9,012,18,25,30,35
M02,M,raise,valid,9,120,18,25,30,35
M02,M,raise,valid,9,201,18,25,30,35
M02,M,raise,valid,10,012,20,35,40,45
M02,M,raise,valid,10,120,20,30,35,38
M02,M,raise,valid,10,201,20,30,35,45
M02,M,raise,valid,11,012,15,30,35,40
M02,M,raise,valid,11,120,15,25,30,35
M02,M,raise,valid,11,201,15,25,30,35
M02,M,raise,valid,12,012,20,30,35,40
M02,M,raise,valid,12,120,20,30,35,40
M02,M,raise,valid,12,201,20,30,35,40
M02,M,raise,valid,13,012,15,25,30,35
M02,M,raise,valid,13,120,15,20,25,30
M02,M,raise,valid,13,201,15,25,30,35
M02,M,raise,valid,14,012,15,25,30,35
M02,M,raise,valid,14,120,15,25,30,35
M02,M,raise,valid,14,201,15,25,35,40
M02,M,raise,valid,15,012,25,35,40,45
M02,M,raise,valid,15,120,25,35,40,45
M02,M,raise,valid,15,201,25,30,35,40
M02,M,raise,valid,16,012,20,25,30,35
M02,M,raise,valid,16,120,20,30,35,40
M02,M,raise,valid,16,201,20,30,35,40
M02,M,raise,valid,17,012,20,30,40,45
M02,M,raise,valid,17,120,20,30,35,40
M02,M,raise,valid,17,201,20,30,35,45
M02,M,raise,valid,18,012,20,30,40,45
M02,M,raise,valid,18,120,20,30,35,40
M02,M,raise,valid,18,201,20,25,30,35
M02,M,raise,valid,19,012,20,30,35,40
M02,M,raise,valid,19,120,20,30,35,40
M02,M,raise,valid,19,201,20,30,35,40
M02,M,raise,invalid,0,012,20,20,20,20
M02,M,raise,invalid,0,120,20,20,20,20
M02,M,raise,invalid,0,201,20,20,20,20
M02,M,raise,invalid,1,012,15,15,15,15
M02,M,raise,invalid,1,120,15,15,15,15
M02,M,raise,invalid,1,201,15,15,15,15
M02,M,raise,invalid,2,012,25,25,25,25
M02,M,raise,invalid,2,120,25,25,25,25
M02,M,raise,invalid,2,201,25,25,25,25
M02,M,raise,invalid,3,012,25,25,25,25
M02,M,raise,invalid,3,120,25,25,25,25
M02,M,raise,invalid,3,201,25,25,25,25
M02,M,raise,invalid,4,012,20,25,25,25
M02,M,raise,invalid,4,120,20,20,20,20
M02,M,raise,invalid,4,201,20,20,20,20
M02,M,raise,invalid,5,012,15,15,15,15
M02,M,raise,invalid,5,120,15,15,15,15
M02,M,raise,invalid,5,201,15,15,15,15
M02,M,raise,invalid,6,012,25,25,25,25
M02,M,raise,invalid,6,120,25,25,25,25
M02,M,raise,invalid,6,201,25,25,25,25
M02,M,raise,invalid,7,012,22,22,22,22
M02,M,raise,invalid,7,120,22,22,22,22
M02,M,raise,invalid,7,201,22,22,22,22
M02,M,raise,invalid,8,012,18,20,20,20
M02,M,raise,invalid,8,120,18,18,18,18
M02,M,raise,invalid,8,201,18,18,18,18
M02,M,raise,invalid,9,012,18,18,18,18
M02,M,raise,invalid,9,120,18,18,18,18
M02,M,raise,invalid,9,201,18,18,18,18
M02,M,raise,invalid,10,012,20,25,25,25
M02,M,raise,invalid,10,120,20,20,20,20
M02,M,raise,invalid,10,201,20,20,20,20
M02,M,raise,invalid,11,012,15,15,15,15
M02,M,raise,invalid,11,120,15,15,15,15
M02,M,raise,invalid,11,201,15,20,20,20
M02,M,raise,invalid,12,012,20,20,20,20
M02,M,raise,invalid,12,120,20,20,20,20
M02,M,raise,invalid,12,201,20,20,20,20
M02,M,raise,invalid,13,012,15,20,20,20
M02,M,raise,invalid,13,120,15,15,15,15
M02,M,raise,invalid,13,201,15,15,20,15
M02,M,raise,invalid,14,012,15,15,15,15
M02,M,raise,invalid,14,120,15,15,15,15
M02,M,raise,invalid,14,201,15,25,20,15
M02,M,raise,invalid,15,012,25,25,25,25
M02,M,raise,invalid,15,120,25,25,25,25
M02,M,raise,invalid,15,201,25,25,25,25
M02,M,raise,invalid,16,012,20,20,20,20
M02,M,raise,invalid,16,120,20,20,20,20
M02,M,raise,invalid,16,201,20,20,20,20
M02,M,raise,invalid,17,012,20,25,25,25
M02,M,raise,invalid,17,201,20,20,20,20
M02,M,raise,invalid,18,012,20,20,20,20
M02,M,raise,invalid,18,120,20,20,20,20
M02,M,raise,invalid,18,201,20,20,20,20
M02,M,raise,invalid,19,012,20,20,20,20
M02,M,raise,invalid,19,120,20,20,20,20
M02,M,raise,invalid,19,201,20,20,20,20
M03,M,lower,valid,0,012,88,65,55,45
M03,M,lower,valid,0,120,88,78,72,65
M03,M,lower,valid,0,201,88,80,65,55
M03,M,lower,valid,1,012,88,75,65,60
M03,M,lower,valid,1,120,88,78,75,65
M03,M,lower,valid,1,201,88,80,70,60
M03,M,lower,valid,2,012,90,70,55,40
M03,M,lower,valid,2,120,90,80,75,65
M03,M,lower,valid,2,201,90,80,70,60
M03,M,lower,valid,3,012,90,75,60,55
M03,M,lower,valid,3,120,90,75,65,55
M03,M,lower,valid,3,201,90,85,80,75
M03,M,lower,valid,4,012,90,75,65,55
M03,M,lower,valid,4,120,90,80,75,65
M03,M,lower,valid,4,201,90,80,65,55
M03,M,lower,valid,5,012,90,60,50,40
M03,M,lower,valid,5,120,90,80,70,60
M03,M,lower,valid,5,201,90,80,70,60
M03,M,lower,valid,6,012,90,70,55,50
M03,M,lower,valid,6,120,90,75,70,60
M03,M,lower,valid,6,201,90,80,70,60
M03,M,lower,valid,7,012,90,75,60,50
M03,M,lower,valid,7,120,90,80,75,70
M03,M,lower,valid,7,201,90,82,75,65
M03,M,lower,valid,8,012,88,75,60,50
M03,M,lower,valid,8,120,88,80,75,65
M03,M,lower,valid,8,201,88,80,70,60
M03,M,lower,valid,9,012,85,65,50,40
M03,M,lower,valid,9,120,85,75,65,55
M03,M,lower,valid,9,201,85,75,65,55
M03,M,lower,valid,10,012,90,70,60,55
M03,M,lower,valid,10,120,90,80,75,65
M03,M,lower,valid,10,201,90,85,75,65
M03,M,lower,valid,11,012,90,65,55,45
M03,M,lower,valid,11,120,90,80,75,65
M03,M,lower,valid,11,201,90,82,75,65
M03,M,lower,valid,12,012,90,70,55,45
M03,M,lower,valid,12,120,90,75,65,50
M03,M,lower,valid,12,201,90,80,70,60
M03,M,lower,valid,13,012,90,60,50,40
M03,M,lower,valid,13,120,90,75,65,55
M03,M,lower,valid,13,201,90,80,70,60
M03,M,lower,valid,14,012,88,75,60,50
M03,M,lower,valid,14,120,88,75,65,55
M03,M,lower,valid,14,201,88,82,75,70
M03,M,lower,valid,15,012,88,70,60,50
M03,M,lower,valid,15,120,88,78,70,60
M03,M,lower,valid,15,201,88,80,75,70
M03,M,lower,valid,16,012,88,75,65,55
M03,M,lower,valid,16,120,88,80,75,65
M03,M,lower,valid,16,201,88,80,72,65
M03,M,lower,valid,17,012,90,75,60,45
M03,M,lower,valid,17,120,90,75,70,60
M03,M,lower,valid,17,201,90,80,70,60
M03,M,lower,valid,18,012,88,70,60,50
M03,M,lower,valid,18,120,88,80,75,70
M03,M,lower,valid,18,201,88,80,70,60
M03,M,lower,valid,19,012,88,75,60,50
M03,M,lower,valid,19,120,88,75,65,55
M03,M,lower,valid,19,201,88,80,70,60
M03,M,lower,invalid,0,012,88,70,65,65
M03,M,lower,invalid,0,120,88,70,40,88
M03,M,lower,invalid,0,201,88,65,50,78
M03,M,lower,invalid,1,012,88,55,45,30
M03,M,lower,invalid,1,120,88,70,55,80
M03,M,lower,invalid,1,201,88,80,75,85
M03,M,lower,invalid,2,012,90,60,45,25
M03,M,lower,invalid,2,120,90,70,40,90
M03,M,lower,invalid,2,201,90,75,60,60
M03,M,lower,invalid,3,012,90,55,55,85
M03,M,lower,invalid,3,120,90,75,80,85
M03,M,lower,invalid,3,201,90,80,85,88
M03,M,lower,invalid,4,012,90,75,60,30
M03,M,lower,invalid,4,120,90,75,88,88
M03,M,lower,invalid,4,201,90,75,60,85
M03,M,lower,invalid,5,012,90,65,60,90
M03,M,lower,invalid,5,120,90,75,65,60
M03,M,lower,invalid,5,201,90,60,50,40
M03,M,lower,invalid,6,012,90,80,65,55
M03,M,lower,invalid,6,120,90,70,65,80
M03,M,lower,invalid,6,201,90,80,80,85
M03,M,lower,invalid,7,012,90,70,85,30
M03,M,lower,invalid,7,120,90,75,75,75
M03,M,lower,invalid,7,201,90,70,60,85
M03,M,lower,invalid,8,012,88,80,70,60
M03,M,lower,invalid,8,120,88,70,60,85
M03,M,lower,invalid,8,201,88,80,50,88
M03,M,lower,invalid,9,012,85,85,85,85
M03,M,lower,invalid,9,120,85,65,40,20
M03,M,lower,invalid,9,201,85,75,65,80
M03,M,lower,invalid,10,012,90,90,90,75
M03,M,lower,invalid,10,120,90,75,40,80
M03,M,lower,invalid,10,201,90,80,88,75
M03,M,lower,invalid,11,012,90,60,75,30
M03,M,lower,invalid,11,120,90,75,50,80
M03,M,lower,invalid,11,201,90,80,70,88
M03,M,lower,invalid,12,012,90,60,75,50
M03,M,lower,invalid,12,120,90,60,80,40
M03,M,lower,invalid,12,201,90,88,86,86
M03,M,lower,invalid,13,012,90,65,60,50
M03,M,lower,invalid,13,120,90,75,85,88
M03,M,lower,invalid,13,201,90,75,70,88
M03,M,lower,invalid,14,012,88,70,55,45
M03,M,lower,invalid,14,120,88,75,45,80
M03,M,lower,invalid,14,201,88,75,85,65
M03,M,lower,invalid,15,012,88,88,70,65
M03,M,lower,invalid,15,120,88,75,80,88
M03,M,lower,invalid,15,201,88,60,80,85
M03,M,lower,invalid,16,012,88,75,70,82
M03,M,lower,invalid,16,120,88,75,50,50
M03,M,lower,invalid,16,201,88,80,75,82
M03,M,lower,invalid,17,012,90,90,90,80
M03,M,lower,invalid,17,120,90,70,60,60
M03,M,lower,invalid,17,201,90,80,70,65
M03,M,lower,invalid,18,012,88,70,75,83
M03,M,lower,invalid,18,120,88,75,70,85
M03,M,lower,invalid,18,201,88,80,80,70
M03,M,lower,invalid,19,012,88,80,70,60
M03,M,lower,invalid,19,120,88,75,75,60
M03,M,lower,invalid,19,201,88,60,85,50
M04,M,raise,valid,0,012,55,65,70,75
M04,M,raise,valid,0,120,55,65,68,72
M04,M,raise,valid,0,201,55,60,65,70
M04,M,raise,valid,1,012,45,55,50,60
M04,M,raise,valid,1,120,45,55,60,65
M04,M,raise,valid,1,201,45,50,55,60
M04,M,raise,valid,2,012,60,65,75,80
M04,M,raise,valid,2,120,60,65,70,75
M04,M,raise,valid,2,201,60,65,70,75
M04,M,raise,valid,3,012,40,60,65,70
M04,M,raise,valid,3,120,40,60,65,68
M04,M,raise,valid,3,201,40,45,50,60
M04,M,raise,valid,4,012,35,55,65,70
M04,M,raise,valid,4,120,35,55,60,65
M04,M,raise,valid,4,201,35,40,55,60
M04,M,raise,valid,5,012,40,55,60,65
M04,M,raise,valid,5,120,40,55,60,65
M04,M,raise,valid,5,201,40,45,50,60
M04,M,raise,valid,6,012,45,60,65,70
M04,M,raise,valid,6,120,45,60,63,65
M04,M,raise,valid,6,201,45,50,55,60
M04,M,raise,valid,7,012,60,55,65,70
M04,M,raise,valid,7,120,60,65,70,75
M04,M,raise,valid,7,201,60,65,70,75
M04,M,raise,valid,8,012,45,60,65,70
M04,M,raise,valid,8,120,45,50,55,60
M04,M,raise,valid,8,201,45,50,60,65
M04,M,raise,valid,9,012,60,70,75,80
M04,M,raise,valid,9,120,60,65,68,72
M04,M,raise,valid,9,201,60,65,70,70
M04,M,raise,valid,10,012,55,60,70,75
M04,M,raise,valid,10,120,55,65,70,75
M04,M,raise,valid,10,201,55,60,65,70
M04,M,raise,valid,11,012,35,50,60,65
M04,M,raise,valid,11,120,35,50,55,60
M04,M,raise,valid,11,201,35,40,50,45
M04,M,raise,valid,12,012,60,70,75,80
M04,M,raise,valid,12,120,60,70,75,78
M04,M,raise,valid,12,201,60,62,65,70
M04,M,raise,valid,13,012,45,55,65,70
M04,M,raise,valid,13,120,45,60,65,70
M04,M,raise,valid,13,201,45,50,55,60
M04,M,raise,valid,14,012,40,50,65,70
M04,M,raise,valid,14,120,40,60,65,70
M04,M,raise,valid,14,201,40,45,60,65
M04,M,raise,valid,15,012,45,50,60,65
M04,M,raise,valid,15,120,45,60,62,65
M04,M,raise,valid,15,201,45,50,55,60
M04,M,raise,valid,16,012,40,55,65,70
M04,M,raise,valid,16,120,40,55,60,65
M04,M,raise,valid,16,201,40,45,50,60
M04,M,raise,valid,17,012,50,60,65,70
M04,M,raise,valid,17,120,50,55,60,65
M04,M,raise,valid,17,201,50,55,60,65
M04,M,raise,valid,18,012,70,75,82,85
M04,M,raise,valid,18,120,70,60,65,68
M04,M,raise,valid,18,201,70,75,80,60
M04,M,raise,valid,19,012,50,60,70,75
M04,M,raise,valid,19,120,50,60,65,70
M04,M,raise,valid,19,201,50,55,60,65
M04,M,raise,invalid,0,012,55,55,55,55
M04,M,raise,invalid,0,120,55,55,55,30
M04,M,raise,invalid,0,201,55,55,55,55
M04,M,raise,invalid,1,012,45,45,45,45
M04,M,raise,invalid,1,120,45,45,45,45
M04,M,raise,invalid,1,201,45,45,45,45
M04,M,raise,invalid,2,012,60,60,60,60
M04,M,raise,invalid,2,120,60,50,60,30
M04,M,raise,invalid,2,201,60,60,60,60
M04,M,raise,invalid,3,012,40,40,40,40
M04,M,raise,invalid,3,120,40,75,40,40
M04,M,raise,invalid,3,201,40,40,40,40
M04,M,raise,invalid,4,012,35,35,35,35
M04,M,raise,invalid,4,120,35,35,35,35
M04,M,raise,invalid,5,012,40,40,40,40
M04,M,raise,invalid,5,120,40,40,40,40
M04,M,raise,invalid,5,201,40,40,40,40
M04,M,raise,invalid,6,012,45,50,45,45
M04,M,raise,invalid,6,120,45,45,45,45
M04,M,raise,invalid,6,201,45,45,45,45
M04,M,raise,invalid,7,012,60,60,60,60
M04,M,raise,invalid,7,120,60,60,35,30
M04,M,raise,invalid,7,201,60,60,60,60
M04,M,raise,invalid,8,012,45,45,45,45
M04,M,raise,invalid,8,120,45,45,45,45
M04,M,raise,invalid,8,201,45,45,45,45
M04,M,raise,invalid,9,012,60,60,60,60
M04,M,raise,invalid,9,120,60,60,60,60
M04,M,raise,invalid,9,201,60,60,60,60
M04,M,raise,invalid,10,012,55,40,40,40
M04,M,raise,invalid,10,120,55,55,55,55
M04,M,raise,invalid,10,201,55,60,60,60
M04,M,raise,invalid,11,012,35,35,35,35
M04,M,raise,invalid,11,120,35,35,35,35
M04,M,raise,invalid,11,201,35,35,35,35
M04,M,raise,invalid,12,012,60,60,60,60
M04,M,raise,invalid,12,120,60,60,60,60
M04,M,raise,invalid,12,201,60,60,60,60
M04,M,raise,invalid,13,012,45,45,45,30
M04,M,raise,invalid,13,120,45,75,30,30
M04,M,raise,invalid,13,201,45,45,45,45
M04,M,raise,invalid,14,012,40,40,40,40
M04,M,raise,invalid,14,120,40,40,40,40
M04,M,raise,invalid,14,201,40,40,40,40
M04,M,raise,invalid,15,012,45,45,45,45
M04,M,raise,invalid,15,120,45,45,20,20
M04,M,raise,invalid,15,201,45,45,45,45
M04,M,raise,invalid,16,012,40,40,40,40
M04,M,raise,invalid,16,120,40,40,40,40
M04,M,raise,invalid,16,201,40,40,40,40
M04,M,raise,invalid,17,012,50,50,50,30
M04,M,raise,invalid,17,120,50,50,50,30
M04,M,raise,invalid,17,201,50,50,50,50
M04,M,raise,invalid,18,012,70,70,70,70
M04,M,raise,invalid,18,120,70,70,70,70
M04,M,raise,invalid,18,201,70,70,70,70
M04,M,raise,invalid,19,012,50,50,50,30
M04,M,raise,invalid,19,120,50,50,50,30
M04,M,raise,invalid,19,201,50,50,50,30
M05,M,lower,valid,0,012,90,80,65,60
M05,M,lower,valid,0,120,90,80,77,65
M05,M,lower,valid,0,201,90,85,75,65
M05,M,lower,valid,1,012,90,75,60,55
M05,M,lower,valid,1,120,90,80,78,70
M05,M,lower,valid,1,201,90,88,80,70
M05,M,lower,valid,2,012,92,80,70,68
M05,M,lower,valid,2,120,92,85,83,75
M05,M,lower,valid,2,201,92,85,70,60
M05,M,lower,valid,3,012,92,85,75,73
M05,M,lower,valid,3,120,92,85,83,75
M05,M,lower,valid,3,201,92,90,80,60
M05,M,lower,valid,4,012,90,80,70,68
M05,M,lower,valid,4,120,90,75,73,65
M05,M,lower,valid,4,201,90,88,75,60
M05,M,lower,valid,5,012,92,80,65,63
M05,M,lower,valid,5,120,92,85,83,75
M05,M,lower,valid,5,201,92,88,75,60
M05,M,lower,valid,6,012,90,80,65,60
M05,M,lower,valid,6,120,90,80,78,70
M05,M,lower,valid,6,201,90,88,70,60
M05,M,lower,valid,7,012,90,80,70,68
M05,M,lower,valid,7,120,90,85,83,80
M05,M,lower,valid,7,201,90,88,80,65
M05,M,lower,valid,8,012,92,80,65,63
M05,M,lower,valid,8,120,92,85,83,80
M05,M,lower,valid,8,201,92,90,80,60
M05,M,lower,valid,9,012,94,88,75,73
M05,M,lower,valid,9,120,94,85,83,78
M05,M,lower,valid,9,201,94,90,70,60
M05,M,lower,valid,10,012,93,85,70,65
M05,M,lower,valid,10,120,93,80,78,65
M05,M,lower,valid,10,201,93,88,75,60
M05,M,lower,valid,11,012,92,80,65,60
M05,M,lower,valid,11,120,92,80,78,75
M05,M,lower,valid,11,201,92,88,70,55
M05,M,lower,valid,12,012,93,82,75,72
M05,M,lower,valid,12,120,93,80,78,70
M05,M,lower,valid,12,201,93,88,75,65
M05,M,lower,valid,13,012,90,80,65,60
M05,M,lower,valid,13,120,90,80,78,70
M05,M,lower,valid,13,201,90,88,75,60
M05,M,lower,valid,14,012,92,85,70,60
M05,M,lower,valid,14,120,92,85,83,80
M05,M,lower,valid,14,201,92,85,70,55
M05,M,lower,valid,15,012,93,85,75,70
M05,M,lower,valid,15,120,93,80,78,70
M05,M,lower,valid,15,201,93,90,75,65
M05,M,lower,valid,16,012,92,80,70,68
M05,M,lower,valid,16,120,92,80,78,75
M05,M,lower,valid,16,201,92,90,80,65
M05,M,lower,valid,17,012,93,85,75,70
M05,M,lower,valid,17,120,93,80,78,75
M05,M,lower,valid,17,201,93,90,80,65
M05,M,lower,valid,18,012,92,75,60,50
M05,M,lower,valid,18,120,92,85,83,75
M05,M,lower,valid,18,201,92,85,70,60
M05,M,lower,valid,19,012,95,85,75,70
M05,M,lower,valid,19,120,95,80,78,70
M05,M,lower,valid,19,201,95,92,85,75
M05,M,lower,invalid,0,012,90,80,50,70
M05,M,lower,invalid,0,120,90,75,30,20
M05,M,lower,invalid,0,201,90,75,60,35
M05,M,lower,invalid,1,012,90,70,40,55
M05,M,lower,invalid,1,120,90,60,30,70
M05,M,lower,invalid,1,201,90,80,40,30
M05,M,lower,invalid,2,012,92,40,25,78
M05,M,lower,invalid,2,120,92,70,25,15
M05,M,lower,invalid,2,201,92,85,70,30
M05,M,lower,invalid,3,012,92,92,80,70
M05,M,lower,invalid,3,201,92,80,75,45
M05,M,lower,invalid,4,012,90,88,65,30
M05,M,lower,invalid,4,120,90,40,15,70
M05,M,lower,invalid,4,201,90,75,55,40
M05,M,lower,invalid,5,012,92,90,85,70
M05,M,lower,invalid,5,120,92,60,30,75
M05,M,lower,invalid,5,201,92,80,75,88
M05,M,lower,invalid,6,012,90,90,60,70
M05,M,lower,invalid,6,120,90,60,50,30
M05,M,lower,invalid,6,201,90,70,85,80
M05,M,lower,invalid,7,012,90,90,55,70
M05,M,lower,invalid,7,120,90,60,30,50
M05,M,lower,invalid,7,201,90,30,20,5
M05,M,lower,invalid,8,012,92,30,20,70
M05,M,lower,invalid,8,120,92,40,30,20
M05,M,lower,invalid,8,201,92,85,92,80
M05,M,lower,invalid,9,012,94,80,60,75
M05,M,lower,invalid,9,120,94,65,30,45
M05,M,lower,invalid,9,201,94,40,40,30
M05,M,lower,invalid,10,012,93,93,85,75
M05,M,lower,invalid,10,120,93,40,15,20
M05,M,lower,invalid,10,201,93,65,30,10
M05,M,lower,invalid,11,012,92,92,75,65
M05,M,lower,invalid,11,120,92,60,30,40
M05,M,lower,invalid,11,201,92,85,50,20
M05,M,lower,invalid,12,012,93,85,50,75
M05,M,lower,invalid,12,120,93,70,60,40
M05,M,lower,invalid,12,201,93,85,85,70
M05,M,lower,invalid,13,012,90,80,70,60
M05,M,lower,invalid,13,120,90,70,60,65
M05,M,lower,invalid,13,201,90,88,75,20
M05,M,lower,invalid,14,012,92,80,65,92
M05,M,lower,invalid,14,120,92,50,20,75
M05,M,lower,invalid,14,201,92,75,25,15
M05,M,lower,invalid,15,012,93,93,70,30
M05,M,lower,invalid,15,120,93,70,30,80
M05,M,lower,invalid,15,201,93,85,93,75
M05,M,lower,invalid,16,012,92,92,45,80
M05,M,lower,invalid,16,120,92,30,10,1
M05,M,lower,invalid,16,201,92,80,85,30
M05,M,lower,invalid,17,012,93,80,60,55
M05,M,lower,invalid,17,120,93,60,55,35
M05,M,lower,invalid,17,201,93,50,40,10
M05,M,lower,invalid,18,012,92,80,60,75
M05,M,lower,invalid,18,120,92,60,40,60
M05,M,lower,invalid,18,201,92,60,80,78
M05,M,lower,invalid,19,012,95,95,60,50
M05,M,lower,invalid,19,120,95,40,20,55
M05,M,lower,invalid,19,201,95,80,65,60
M06,M,lower,valid,0,012,60,40,20,10
M06,M,lower,valid,0,120,60,50,30,20
M06,M,lower,valid,0,201,60,35,20,10
M06,M,lower,valid,1,012,65,40,25,15
M06,M,lower,valid,1,120,65,50,30,15
M06,M,lower,valid,1,201,65,40,25,15
M06,M,lower,valid,2,012,45,30,20,10
M06,M,lower,valid,2,120,45,30,25,15
M06,M,lower,valid,2,201,45,30,20,10
M06,M,lower,valid,3,012,60,45,30,20
M06,M,lower,valid,3,120,60,45,30,20
M06,M,lower,valid,3,201,60,30,15,10
M06,M,lower,valid,4,012,60,50,40,30
M06,M,lower,valid,4,120,60,50,40,20
M06,M,lower,valid,4,201,60,40,25,15
M06,M,lower,valid,5,012,65,40,30,20
M06,M,lower,valid,5,120,65,50,30,20
M06,M,lower,valid,5,201,65,35,20,10
M06,M,lower,valid,6,012,65,50,30,20
M06,M,lower,valid,6,120,65,45,30,20
M06,M,lower,valid,6,201,65,40,20,10
M06,M,lower,valid,7,012,60,45,30,20
M06,M,lower,valid,7,120,60,40,30,20
M06,M,lower,valid,7,201,60,30,20,10
M06,M,lower,valid,8,012,65,35,20,15
M06,M,lower,valid,8,120,65,50,35,20
M06,M,lower,valid,8,201,65,30,15,5
M06,M,lower,valid,9,012,60,35,15,10
M06,M,lower,valid,9,120,60,45,30,15
M06,M,lower,valid,9,201,60,35,20,10
M06,M,lower,valid,10,012,60,40,30,20
M06,M,lower,valid,10,120,60,40,30,20
M06,M,lower,valid,10,201,60,35,25,15
M06,M,lower,valid,11,012,70,45,30,20
M06,M,lower,valid,11,120,70,45,30,20
M06,M,lower,valid,11,201,70,40,20,10
M06,M,lower,valid,12,012,60,35,20,15
M06,M,lower,valid,12,120,60,45,30,20
M06,M,lower,valid,12,201,60,35,20,10
M06,M,lower,valid,13,012,65,45,30,20
M06,M,lower,valid,13,120,65,45,30,15
M06,M,lower,valid,13,201,65,30,15,5
M06,M,lower,valid,14,012,65,30,15,10
M06,M,lower,valid,14,120,65,40,30,20
M06,M,lower,valid,14,201,65,35,20,10
M06,M,lower,valid,15,012,60,30,20,15
M06,M,lower,valid,15,120,60,40,25,15
M06,M,lower,valid,15,201,60,30,20,10
M06,M,lower,valid,16,012,60,40,20,10
M06,M,lower,valid,16,120,60,45,30,20
M06,M,lower,valid,16,201,60,35,20,10
M06,M,lower,valid,17,012,45,30,20,15
M06,M,lower,valid,17,120,45,30,25,10
M06,M,lower,valid,17,201,45,30,20,10
M06,M,lower,valid,18,012,65,35,25,15
M06,M,lower,valid,18,120,65,45,25,15
M06,M,lower,valid,18,201,65,40,20,10
M06,M,lower,valid,19,012,50,30,20,15
M06,M,lower,valid,19,120,50,40,30,20
M06,M,lower,valid,19,201,50,30,15,5
M06,M,lower,invalid,0,012,60,30,1,1
M06,M,lower,invalid,0,120,60,5,1,1
M06,M,lower,invalid,0,201,60,1,1,1
M06,M,lower,invalid,1,012,65,30,5,1
M06,M,lower,invalid,1,120,65,20,1,1
M06,M,lower,invalid,1,201,65,25,10,1
M06,M,lower,invalid,2,012,45,30,1,1
M06,M,lower,invalid,2,120,45,1,1,1
M06,M,lower,invalid,2,201,45,1,1,1
M06,M,lower,invalid,3,012,60,45,10,1
M06,M,lower,invalid,3,120,60,20,1,1
M06,M,lower,invalid,3,201,60,10,5,1
M06,M,lower,invalid,4,012,60,45,1,1
M06,M,lower,invalid,4,120,60,1,1,1
M06,M,lower,invalid,4,201,60,10,1,1
M06,M,lower,invalid,5,012,65,30,1,1
M06,M,lower,invalid,5,120,65,20,1,1
M06,M,lower,invalid,5,201,65,30,15,1
M06,M,lower,invalid,6,012,65,45,10,1
M06,M,lower,invalid,6,120,65,1,1,1
M06,M,lower,invalid,6,201,65,20,5,1
M06,M,lower,invalid,7,012,60,25,5,1
M06,M,lower,invalid,7,120,60,10,1,1
M06,M,lower,invalid,7,201,60,10,5,1
M06,M,lower,invalid,8,012,65,30,1,1
M06,M,lower,invalid,8,120,65,7,1,1
M06,M,lower,invalid,8,201,65,5,1,1
M06,M,lower,invalid,9,012,60,30,1,1
M06,M,lower,invalid,9,120,60,5,1,1
M06,M,lower,invalid,9,201,60,10,5,1
M06,M,lower,invalid,10,012,60,30,1,1
M06,M,lower,invalid,10,120,60,10,1,1
M06,M,lower,invalid,10,201,60,5,1,1
M06,M,lower,invalid,11,012,70,70,1,1
M06,M,lower,invalid,11,120,70,20,1,1
M06,M,lower,invalid,12,012,60,25,1,1
M06,M,lower,invalid,12,120,60,5,1,1
M06,M,lower,invalid,12,201,60,15,5,1
M06,M,lower,invalid,13,012,65,30,1,1
M06,M,lower,invalid,13,120,65,1,1,1
M06,M,lower,invalid,13,201,65,10,1,1
M06,M,lower,invalid,14,012,65,30,1,1
M06,M,lower,invalid,14,120,65,5,1,1
M06,M,lower,invalid,14,201,65,1,15,1
M06,M,lower,invalid,15,012,60,40,1,1
M06,M,lower,invalid,15,120,60,10,1,1
M06,M,lower,invalid,15,201,60,1,1,1
M06,M,lower,invalid,16,012,60,45,1,1
M06,M,lower,invalid,16,120,60,1,1,1
M06,M,lower,invalid,16,201,60,25,10,1
M06,M,lower,invalid,17,012,45,30,5,1
M06,M,lower,invalid,17,120,45,1,1,1
M06,M,lower,invalid,17,201,45,5,2,1
M06,M,lower,invalid,18,012,65,40,1,1
M06,M,lower,invalid,18,120,65,1,1,1
M06,M,lower,invalid,18,201,65,1,1,1
M06,M,lower,invalid,19,012,50,25,1,1
M06,M,lower,invalid,19,120,50,1,1,1
M06,M,lower,invalid,19,201,50,5,1,1
M07,M,lower,valid,0,012,88,75,65,55
M07,M,lower,valid,0,120,88,70,65,50
M07,M,lower,valid,0,201,88,80,70,60
M07,M,lower,valid,1,012,85,75,60,50
M07,M,lower,valid,1,120,85,70,60,50
M07,M,lower,valid,1,201,85,78,70,60
M07,M,lower,valid,2,012,85,70,55,50
M07,M,lower,valid,2,120,85,60,50,35
M07,M,lower,valid,2,201,85,75,65,55
M07,M,lower,valid,3,012,87,75,65,60
M07,M,lower,valid,3,120,87,70,60,50
M07,M,lower,valid,3,201,87,75,60,45
M07,M,lower,valid,4,012,85,70,60,55
M07,M,lower,valid,4,120,85,70,60,50
M07,M,lower,valid,4,201,85,75,60,45
M07,M,lower,valid,5,012,87,75,60,50
M07,M,lower,valid,5,120,87,70,60,50
M07,M,lower,valid,5,201,87,78,70,60
M07,M,lower,valid,6,012,85,75,60,50
M07,M,lower,valid,6,120,85,70,60,50
M07,M,lower,valid,6,201,85,75,60,40
M07,M,lower,valid,7,012,88,80,65,60
M07,M,lower,valid,7,120,88,73,60,45
M07,M,lower,valid,7,201,88,80,65,50
M07,M,lower,valid,8,012,85,75,60,55
M07,M,lower,valid,8,120,85,70,60,50
M07,M,lower,valid,8,201,85,75,60,45
M07,M,lower,valid,9,012,85,75,60,55
M07,M,lower,valid,9,120,85,65,55,40
M07,M,lower,valid,9,201,85,75,65,50
M07,M,lower,valid,10,012,85,70,55,45
M07,M,lower,valid,10,120,85,60,55,40
M07,M,lower,valid,10,201,85,75,60,50
M07,M,lower,valid,11,012,88,70,60,55
M07,M,lower,valid,11,120,88,70,60,50
M07,M,lower,valid,11,201,88,75,60,45
M07,M,lower,valid,12,012,85,70,60,50
M07,M,lower,valid,12,120,85,70,60,50
M07,M,lower,valid,12,201,85,75,60,50
M07,M,lower,valid,13,012,88,75,60,50
M07,M,lower,valid,13,120,88,70,60,50
M07,M,lower,valid,13,201,88,80,70,60
M07,M,lower,valid,14,012,85,75,55,45
M07,M,lower,valid,14,120,85,65,60,50
M07,M,lower,valid,14,201,85,75,65,55
M07,M,lower,valid,15,012,85,70,55,45
M07,M,lower,valid,15,120,85,70,60,45
M07,M,lower,valid,15,201,85,75,60,50
M07,M,lower,valid,16,012,88,80,65,55
M07,M,lower,valid,16,120,88,70,60,45
M07,M,lower,valid,16,201,88,80,60,45
M07,M,lower,valid,17,012,85,75,65,60
M07,M,lower,valid,17,120,85,70,60,50
M07,M,lower,valid,17,201,85,75,60,50
M07,M,lower,valid,18,012,88,75,60,55
M07,M,lower,valid,18,120,88,65,55,45
M07,M,lower,valid,18,201,88,75,65,55
M07,M,lower,valid,19,012,85,70,60,55
M07,M,lower,valid,19,120,85,75,65,55
M07,M,lower,valid,19,201,85,75,60,45
M07,M,lower,invalid,0,012,88,60,85,82
M07,M,lower,invalid,0,120,88,88,88,88
M07,M,lower,invalid,0,201,88,60,40,40
M07,M,lower,invalid,1,012,85,50,50,85
M07,M,lower,invalid,1,120,85,85,85,70
M07,M,lower,invalid,1,201,85,45,20,80
M07,M,lower,invalid,2,012,85,70,85,85
M07,M,lower,invalid,2,120,85,85,85,85
M07,M,lower,invalid,2,201,85,70,80,80
M07,M,lower,invalid,3,012,87,75,87,87
M07,M,lower,invalid,3,120,87,87,87,87
M07,M,lower,invalid,3,201,87,70,25,35
M07,M,lower,invalid,4,012,85,70,80,85
M07,M,lower,invalid,4,120,85,85,85,50
M07,M,lower,invalid,4,201,85,85,70,60
M07,M,lower,invalid,5,012,87,75,87,85
M07,M,lower,invalid,5,120,87,87,87,80
M07,M,lower,invalid,5,201,87,60,80,60
M07,M,lower,invalid,6,012,85,65,85,75
M07,M,lower,invalid,6,120,85,85,85,50
M07,M,lower,invalid,6,201,85,60,75,70
M07,M,lower,invalid,7,012,88,50,80,85
M07,M,lower,invalid,7,120,88,88,88,20
M07,M,lower,invalid,7,201,88,45,30,30
M07,M,lower,invalid,8,012,85,60,80,75
M07,M,lower,invalid,8,120,85,85,85,85
M07,M,lower,invalid,8,201,85,60,50,85
M07,M,lower,invalid,9,012,85,60,85,80
M07,M,lower,invalid,9,120,85,85,85,85
M07,M,lower,invalid,9,201,85,75,80,5
M07,M,lower,invalid,10,012,85,60,85,85
M07,M,lower,invalid,10,120,85,85,85,85
M07,M,lower,invalid,10,201,85,80,78,78
M07,M,lower,invalid,11,012,88,45,88,88
M07,M,lower,invalid,11,120,88,88,88,85
M07,M,lower,invalid,11,201,88,45,30,85
M07,M,lower,invalid,12,012,85,70,85,85
M07,M,lower,invalid,12,120,85,10,85,70
M07,M,lower,invalid,12,201,85,75,55,55
M07,M,lower,invalid,13,012,88,50,85,80
M07,M,lower,invalid,13,120,88,1,88,80
M07,M,lower,invalid,13,201,88,88,60,85
M07,M,lower,invalid,14,012,85,60,85,80
M07,M,lower,invalid,14,120,85,85,85,85
M07,M,lower,invalid,14,201,85,85,60,60
M07,M,lower,invalid,15,012,85,65,85,85
M07,M,lower,invalid,15,120,85,85,85,85
M07,M,lower,invalid,15,201,85,50,70,85
M07,M,lower,invalid,16,012,88,55,88,88
M07,M,lower,invalid,16,120,88,88,88,88
M07,M,lower,invalid,16,201,88,60,30,30
M07,M,lower,invalid,17,012,85,80,85,85
M07,M,lower,invalid,17,120,85,85,85,85
M07,M,lower,invalid,17,201,85,60,75,85
M07,M,lower,invalid,18,012,88,55,88,85
M07,M,lower,invalid,18,120,88,88,88,88
M07,M,lower,invalid,18,201,88,88,30,88
M07,M,lower,invalid,19,012,85,60,5,70
M07,M,lower,invalid,19,120,85,85,55,40
M07,M,lower,invalid,19,201,85,75,30,80
M08,M,lower,valid,0,012,90,75,55,45
M08,M,lower,valid,0,120,90,80,45,30
M08,M,lower,valid,0,201,90,65,40,25
M08,M,lower,valid,1,012,89,75,60,45
M08,M,lower,valid,1,120,89,75,45,30
M08,M,lower,valid,1,201,89,45,30,20
M08,M,lower,valid,2,012,90,85,70,55
M08,M,lower,valid,2,120,90,75,45,30
M08,M,lower,valid,2,201,90,55,40,25
M08,M,lower,valid,3,012,85,70,55,45
M08,M,lower,valid,3,120,85,75,45,30
M08,M,lower,valid,3,201,85,60,40,30
M08,M,lower,valid,4,012,90,80,60,45
M08,M,lower,valid,4,120,90,75,50,30
M08,M,lower,valid,4,201,90,60,45,30
M08,M,lower,valid,5,012,90,65,50,40
M08,M,lower,valid,5,120,90,80,45,30
M08,M,lower,valid,5,201,90,60,45,30
M08,M,lower,valid,6,012,90,70,45,35
M08,M,lower,valid,6,120,90,70,30,20
M08,M,lower,valid,6,201,90,55,35,20
M08,M,lower,valid,7,012,90,75,60,45
M08,M,lower,valid,7,120,90,80,50,30
M08,M,lower,valid,7,201,90,45,30,20
M08,M,lower,valid,8,012,88,75,60,45
M08,M,lower,valid,8,120,88,75,50,30
M08,M,lower,valid,8,201,88,55,40,30
M08,M,lower,valid,9,012,90,70,60,50
M08,M,lower,valid,9,120,90,70,40,30
M08,M,lower,valid,9,201,90,45,30,20
M08,M,lower,valid,10,012,90,75,60,40
M08,M,lower,valid,10,120,90,70,40,25
M08,M,lower,valid,10,201,90,45,30,15
M08,M,lower,valid,11,012,88,75,60,50
M08,M,lower,valid,11,120,88,75,60,50
M08,M,lower,valid,11,201,88,55,40,25
M08,M,lower,valid,12,012,90,75,60,45
M08,M,lower,valid,12,120,90,70,45,30
M08,M,lower,valid,12,201,90,50,40,25
M08,M,lower,valid,13,012,88,77,65,40
M08,M,lower,valid,13,120,88,83,48,30
M08,M,lower,valid,13,201,88,58,45,30
M08,M,lower,valid,14,012,90,75,60,50
M08,M,lower,valid,14,120,90,75,40,30
M08,M,lower,valid,14,201,90,55,40,25
M08,M,lower,valid,15,012,90,75,60,50
M08,M,lower,valid,15,120,90,72,40,25
M08,M,lower,valid,15,201,90,50,35,20
M08,M,lower,valid,16,012,88,75,60,50
M08,M,lower,valid,16,201,88,70,60,50
M08,M,lower,valid,17,012,90,70,45,35
M08,M,lower,valid,17,120,90,75,45,30
M08,M,lower,valid,17,201,90,55,45,35
M08,M,lower,valid,18,012,90,75,60,35
M08,M,lower,valid,18,120,90,80,50,35
M08,M,lower,valid,18,201,90,40,30,20
M08,M,lower,valid,19,012,90,70,60,40
M08,M,lower,valid,19,120,90,75,45,30
M08,M,lower,valid,19,201,90,60,45,30
M08,M,lower,invalid,0,012,90,45,30,65
M08,M,lower,invalid,0,120,90,75,40,25
M08,M,lower,invalid,0,201,90,40,88,30
M08,M,lower,invalid,1,012,89,82,70,45
M08,M,lower,invalid,1,120,89,75,60,35
M08,M,lower,invalid,1,201,89,76,45,35
M08,M,lower,invalid,2,012,90,85,70,40
M08,M,lower,invalid,2,120,90,70,60,45
M08,M,lower,invalid,2,201,90,90,60,50
M08,M,lower,invalid,3,012,85,70,60,55
M08,M,lower,invalid,3,120,85,75,60,50
M08,M,lower,invalid,3,201,85,55,30,20
M08,M,lower,invalid,4,012,90,60,40,20
M08,M,lower,invalid,4,120,90,75,60,35
M08,M,lower,invalid,4,201,90,85,75,70
M08,M,lower,invalid,5,012,90,75,65,40
M08,M,lower,invalid,5,120,90,75,40,30
M08,M,lower,invalid,5,201,90,70,45,35
M08,M,lower,invalid,6,012,90,75,60,40
M08,M,lower,invalid,6,120,90,75,75,60
M08,M,lower,invalid,6,201,90,70,40,30
M08,M,lower,invalid,7,012,90,80,60,40
M08,M,lower,invalid,7,120,90,75,50,30
M08,M,lower,invalid,7,201,90,65,55,45
M08,M,lower,invalid,8,012,88,40,25,15
M08,M,lower,invalid,8,120,88,75,55,30
M08,M,lower,invalid,8,201,88,75,30,70
M08,M,lower,invalid,9,012,90,80,50,80
M08,M,lower,invalid,9,120,90,75,50,25
M08,M,lower,invalid,9,201,90,75,75,60
M08,M,lower,invalid,10,012,90,75,60,80
M08,M,lower,invalid,10,120,90,75,45,40
M08,M,lower,invalid,10,201,90,80,40,25
M08,M,lower,invalid,11,012,88,82,70,60
M08,M,lower,invalid,11,120,88,75,60,40
M08,M,lower,invalid,11,201,88,75,82,70
M08,M,lower,invalid,12,012,90,75,50,80
M08,M,lower,invalid,12,120,90,75,50,30
M08,M,lower,invalid,12,201,90,70,82,45
M08,M,lower,invalid,13,012,88,45,30,20
M08,M,lower,invalid,13,120,88,75,60,88
M08,M,lower,invalid,13,201,88,65,45,30
M08,M,lower,invalid,14,012,90,65,55,70
M08,M,lower,invalid,14,120,90,75,55,30
M08,M,lower,invalid,14,201,90,60,45,30
M08,M,lower,invalid,15,012,90,40,30,20
M08,M,lower,invalid,15,120,90,80,35,20
M08,M,lower,invalid,15,201,90,65,45,30
M08,M,lower,invalid,16,012,88,65,55,40
M08,M,lower,invalid,16,120,88,78,65,72
M08,M,lower,invalid,16,201,88,82,70,60
M08,M,lower,invalid,17,012,90,40,30,20
M08,M,lower,invalid,17,120,90,80,50,40
M08,M,lower,invalid,17,201,90,60,40,30
M08,M,lower,invalid,18,012,90,75,60,40
M08,M,lower,invalid,18,120,90,70,60,75
M08,M,lower,invalid,18,201,90,90,85,80
M08,M,lower,invalid,19,012,90,70,55,50
M08,M,lower,invalid,19,120,90,75,55,30
M08,M,lower,invalid,19,201,90,90,40,30
S01,S,raise,valid,0,012,45,50,60,65
S01,S,raise,valid,0,120,45,55,60,65
S01,S,raise,valid,0,201,45,50,55,60
S01,S,raise,valid,1,012,45,50,60,65
S01,S,raise,valid,1,120,45,55,60,65
S01,S,raise,valid,1,201,45,50,55,60
S01,S,raise,valid,2,012,35,40,50,55
S01,S,raise,valid,2,120,35,50,55,60
S01,S,raise,valid,2,201,35,40,45,50
S01,S,raise,valid,3,012,45,50,60,65
S01,S,raise,valid,3,120,45,55,60,65
S01,S,raise,valid,3,201,45,50,55,60
S01,S,raise,valid,4,012,45,50,60,65
S01,S,raise,valid,4,120,45,55,60,65
S01,S,raise,valid,4,201,45,50,55,60
S01,S,raise,valid,5,012,40,45,50,55
S01,S,raise,valid,5,120,40,55,60,65
S01,S,raise,valid,5,201,40,45,50,55
S01,S,raise,valid,6,012,40,45,55,60
S01,S,raise,valid,6,120,40,50,55,60
S01,S,raise,valid,6,201,40,45,50,55
S01,S,raise,valid,7,012,40,45,50,55
S01,S,raise,valid,7,120,40,55,60,65
S01,S,raise,valid,7,201,40,45,50,55
S01,S,raise,valid,8,012,40,45,50,55
S01,S,raise,valid,8,120,40,55,60,65
S01,S,raise,valid,8,201,40,45,50,55
S01,S,raise,valid,9,012,45,50,55,60
S01,S,raise,valid,9,120,45,55,60,65
S01,S,raise,valid,9,201,45,50,55,60
S01,S,raise,valid,10,012,35,40,45,50
S01,S,raise,valid,10,120,35,45,50,55
S01,S,raise,valid,10,201,35,45,50,55
S01,S,raise,valid,11,012,25,30,40,50
S01,S,raise,valid,11,120,25,45,50,55
S01,S,raise,valid,11,201,25,35,40,45
S01,S,raise,valid,12,012,35,40,50,55
S01,S,raise,valid,12,120,35,55,60,65
S01,S,raise,valid,12,201,35,40,45,50
S01,S,raise,valid,13,012,40,45,50,55
S01,S,raise,valid,13,120,40,55,60,65
S01,S,raise,valid,13,201,40,45,50,55
S01,S,raise,valid,14,012,40,45,55,60
S01,S,raise,valid,14,120,40,50,55,60
S01,S,raise,valid,14,201,40,45,50,60
S01,S,raise,valid,15,012,50,55,60,65
S01,S,raise,valid,15,120,50,55,60,62
S01,S,raise,valid,15,201,50,60,55,60
S01,S,raise,valid,16,012,30,35,40,45
S01,S,raise,valid,16,120,30,45,50,55
S01,S,raise,valid,16,201,30,35,40,45
S01,S,raise,valid,17,012,45,50,60,65
S01,S,raise,valid,17,120,45,60,65,70
S01,S,raise,valid,17,201,45,50,55,60
S01,S,raise,valid,18,012,40,45,50,55
S01,S,raise,valid,18,120,40,55,60,60
S01,S,raise,valid,18,201,40,45,50,55
S01,S,raise,valid,19,012,50,55,60,65
S01,S,raise,valid,19,120,50,60,65,70
S01,S,raise,valid,19,201,50,55,60,65
S01,S,raise,invalid,0,012,45,50,45,45
S01,S,raise,invalid,0,120,45,40,35,35
S01,S,raise,invalid,0,201,45,40,40,40
S01,S,raise,invalid,1,012,45,50,50,50
S01,S,raise,invalid,1,120,45,45,45,45
S01,S,raise,invalid,1,201,45,45,45,45
S01,S,raise,invalid,2,012,35,40,35,35
S01,S,raise,invalid,2,120,35,35,35,35
S01,S,raise,invalid,2,201,35,35,35,35
S01,S,raise,invalid,3,012,45,45,45,45
S01,S,raise,invalid,3,120,45,45,45,45
S01,S,raise,invalid,3,201,45,45,45,45
S01,S,raise,invalid,4,012,45,60,60,45
S01,S,raise,invalid,4,120,45,45,45,45
S01,S,raise,invalid,4,201,45,45,45,45
S01,S,raise,invalid,5,012,40,45,40,40
S01,S,raise,invalid,5,120,40,40,40,40
S01,S,raise,invalid,5,201,40,40,40,40
S01,S,raise,invalid,6,012,40,55,40,40
S01,S,raise,invalid,6,120,40,40,40,40
S01,S,raise,invalid,6,201,40,40,40,40
S01,S,raise,invalid,7,012,40,40,40,40
S01,S,raise,invalid,7,120,40,40,30,40
S01,S,raise,invalid,7,201,40,40,40,40
S01,S,raise,invalid,8,012,40,50,30,30
S01,S,raise,invalid,8,120,40,40,40,40
S01,S,raise,invalid,8,201,40,40,40,40
S01,S,raise,invalid,9,012,45,45,45,45
S01,S,raise,invalid,9,120,45,45,45,45
S01,S,raise,invalid,9,201,45,45,45,45
S01,S,raise,invalid,10,012,35,40,40,35
S01,S,raise,invalid,10,120,35,35,35,35
S01,S,raise,invalid,10,201,35,35,35,35
S01,S,raise,invalid,11,012,25,35,25,30
S01,S,raise,invalid,11,120,25,25,25,25
S01,S,raise,invalid,11,201,25,25,25,25
S01,S,raise,invalid,12,012,35,50,30,35
S01,S,raise,invalid,12,120,35,35,35,35
S01,S,raise,invalid,12,201,35,35,35,35
S01,S,raise,invalid,13,012,40,45,45,45
S01,S,raise,invalid,13,120,40,40,40,40
S01,S,raise,invalid,13,201,40,40,40,40
S01,S,raise,invalid,14,012,40,60,40,40
S01,S,raise,invalid,14,120,40,40,40,40
S01,S,raise,invalid,15,012,50,60,40,50
S01,S,raise,invalid,15,120,50,50,30,30
S01,S,raise,invalid,15,201,50,50,50,50
S01,S,raise,invalid,16,012,30,50,30,30
S01,S,raise,invalid,16,120,30,30,30,30
S01,S,raise,invalid,16,201,30,30,30,30
S01,S,raise,invalid,17,012,45,45,45,45
S01,S,raise,invalid,17,120,45,45,45,45
S01,S,raise,invalid,17,201,45,45,45,30
S01,S,raise,invalid,18,012,40,50,50,40
S01,S,raise,invalid,18,120,40,40,40,40
S01,S,raise,invalid,18,201,40,40,40,40
S01,S,raise,invalid,19,012,50,50,50,50
S01,S,raise,invalid,19,120,50,50,50,50
S01,S,raise,invalid,19,201,50,50,50,50
S02,S,lower,valid,0,012,70,55,40,35
S02,S,lower,valid,0,120,70,60,55,45
S02,S,lower,valid,0,201,70,60,50,40
S02,S,lower,valid,1,012,70,55,45,40
S02,S,lower,valid,1,120,70,60,55,45
S02,S,lower,valid,1,201,70,60,45,30
S02,S,lower,valid,2,012,70,55,45,35
S02,S,lower,valid,2,120,70,60,55,45
S02,S,lower,valid,2,201,70,60,50,40
S02,S,lower,valid,3,012,75,60,50,40
S02,S,lower,valid,3,120,75,65,60,50
S02,S,lower,valid,3,201,75,65,55,45
S02,S,lower,valid,4,012,75,60,45,40
S02,S,lower,valid,4,120,75,65,60,50
S02,S,lower,valid,4,201,75,65,50,40
S02,S,lower,valid,5,012,80,60,45,35
S02,S,lower,valid,5,120,80,70,60,45
S02,S,lower,valid,5,201,80,65,55,45
S02,S,lower,valid,6,012,70,55,45,40
S02,S,lower,valid,6,120,70,60,50,30
S02,S,lower,valid,6,201,70,60,50,40
S02,S,lower,valid,7,012,75,55,40,35
S02,S,lower,valid,7,120,75,60,50,40
S02,S,lower,valid,7,201,75,65,55,45
S02,S,lower,valid,8,012,70,55,45,35
S02,S,lower,valid,8,120,70,60,55,45
S02,S,lower,valid,8,201,70,60,50,45
S02,S,lower,valid,9,012,72,55,40,35
S02,S,lower,valid,9,120,72,60,55,35
S02,S,lower,valid,9,201,72,62,55,45
S02,S,lower,valid,10,012,75,55,45,40
S02,S,lower,valid,10,120,75,60,50,35
S02,S,lower,valid,10,201,75,65,55,45
S02,S,lower,valid,11,012,65,50,35,30
S02,S,lower,valid,11,120,65,55,45,35
S02,S,lower,valid,11,201,65,55,40,30
S02,S,lower,valid,12,012,75,60,50,45
S02,S,lower,valid,12,120,75,60,55,40
S02,S,lower,valid,12,201,75,65,55,45
S02,S,lower,valid,13,012,72,60,55,50
S02,S,lower,valid,13,120,72,60,55,40
S02,S,lower,valid,13,201,72,60,50,40
S02,S,lower,valid,14,012,75,60,45,35
S02,S,lower,valid,14,120,75,65,60,50
S02,S,lower,valid,14,201,75,60,50,40
S02,S,lower,valid,15,012,65,50,35,25
S02,S,lower,valid,15,120,65,55,50,40
S02,S,lower,valid,15,201,65,55,45,35
S02,S,lower,valid,16,012,65,50,40,35
S02,S,lower,valid,16,120,65,55,50,40
S02,S,lower,valid,16,201,65,55,45,30
S02,S,lower,valid,17,012,72,60,45,40
S02,S,lower,valid,17,120,72,65,60,55
S02,S,lower,valid,17,201,72,60,50,40
S02,S,lower,valid,18,012,60,50,40,35
S02,S,lower,valid,18,120,60,50,40,30
S02,S,lower,valid,18,201,60,50,40,30
S02,S,lower,valid,19,012,80,60,50,40
S02,S,lower,valid,19,120,80,70,65,55
S02,S,lower,valid,19,201,80,70,60,50
S02,S,lower,invalid,0,012,70,70,60,60
S02,S,lower,invalid,0,120,70,50,10,20
S02,S,lower,invalid,0,201,70,60,55,55
S02,S,lower,invalid,1,012,70,70,70,70
S02,S,lower,invalid,1,120,70,35,20,45
S02,S,lower,invalid,1,201,70,50,20,25
S02,S,lower,invalid,2,012,70,50,45,20
S02,S,lower,invalid,2,120,70,45,25,20
S02,S,lower,invalid,2,201,70,25,20,15
S02,S,lower,invalid,3,012,75,75,20,75
S02,S,lower,invalid,3,120,75,30,60,50
S02,S,lower,invalid,3,201,75,75,65,70
S02,S,lower,invalid,4,012,75,65,65,50
S02,S,lower,invalid,4,120,75,40,50,50
S02,S,lower,invalid,4,201,75,20,25,30
S02,S,lower,invalid,5,012,80,78,75,30
S02,S,lower,invalid,5,120,80,45,60,55
S02,S,lower,invalid,5,201,80,45,50,60
S02,S,lower,invalid,6,012,70,70,70,70
S02,S,lower,invalid,6,120,70,30,20,55
S02,S,lower,invalid,6,201,70,40,30,50
S02,S,lower,invalid,7,012,75,75,75,15
S02,S,lower,invalid,7,120,75,30,60,35
S02,S,lower,invalid,7,201,75,15,5,5
S02,S,lower,invalid,8,012,70,55,45,40
S02,S,lower,invalid,8,120,70,20,40,10
S02,S,lower,invalid,8,201,70,15,45,50
S02,S,lower,invalid,9,012,72,70,60,15
S02,S,lower,invalid,9,120,72,40,72,50
S02,S,lower,invalid,9,201,72,20,60,35
S02,S,lower,invalid,10,012,75,70,60,65
S02,S,lower,invalid,10,120,75,40,30,55
S02,S,lower,invalid,10,201,75,40,35,20
S02,S,lower,invalid,11,012,65,65,40,30
S02,S,lower,invalid,11,120,65,55,15,45
S02,S,lower,invalid,11,201,65,65,20,10
S02,S,lower,invalid,12,012,75,75,30,60
S02,S,lower,invalid,12,120,75,70,60,55
S02,S,lower,invalid,12,201,75,30,35,25
S02,S,lower,invalid,13,012,72,72,20,40
S02,S,lower,invalid,13,120,72,45,40,25
S02,S,lower,invalid,13,201,72,72,55,60
S02,S,lower,invalid,14,012,75,70,55,50
S02,S,lower,invalid,14,120,75,75,50,55
S02,S,lower,invalid,14,201,75,30,30,10
S02,S,lower,invalid,15,012,65,60,30,40
S02,S,lower,invalid,15,120,65,25,60,45
S02,S,lower,invalid,15,201,65,45,30,20
S02,S,lower,invalid,16,012,65,45,30,40
S02,S,lower,invalid,16,120,65,40,15,10
S02,S,lower,invalid,16,201,65,60,30,10
S02,S,lower,invalid,17,012,72,65,50,45
S02,S,lower,invalid,17,120,72,40,60,50
S02,S,lower,invalid,17,201,72,15,60,30
S02,S,lower,invalid,18,012,60,55,45,35
S02,S,lower,invalid,18,120,60,20,5,50
S02,S,lower,invalid,18,201,60,15,55,50
S02,S,lower,invalid,19,012,80,75,40,55
S02,S,lower,invalid,19,120,80,40,55,45
S02,S,lower,invalid,19,201,80,10,5,45
S03,S,raise,valid,0,012,40,50,60,65
S03,S,raise,valid,0,120,40,50,55,60
S03,S,raise,valid,0,201,40,50,60,65
S03,S,raise,valid,1,012,30,40,45,50
S03,S,raise,valid,1,120,30,45,50,55
S03,S,raise,valid,1,201,30,40,50,55
S03,S,raise,valid,2,012,55,60,65,70
S03,S,raise,valid,2,120,55,60,65,70
S03,S,raise,valid,2,201,55,60,65,70
S03,S,raise,valid,3,012,45,50,55,60
S03,S,raise,valid,3,120,45,50,55,60
S03,S,raise,valid,3,201,45,55,60,65
S03,S,raise,valid,4,012,35,40,45,50
S03,S,raise,valid,4,120,35,45,50,60
S03,S,raise,valid,4,201,35,45,50,55
S03,S,raise,valid,5,012,45,55,60,65
S03,S,raise,valid,5,120,45,55,60,65
S03,S,raise,valid,5,201,45,55,60,65
S03,S,raise,valid,6,012,45,50,55,60
S03,S,raise,valid,6,120,45,50,55,60
S03,S,raise,valid,6,201,45,50,55,60
S03,S,raise,valid,7,012,60,65,70,75
S03,S,raise,valid,7,120,60,65,70,75
S03,S,raise,valid,7,201,60,65,70,75
S03,S,raise,valid,8,012,50,55,60,65
S03,S,raise,valid,8,120,50,60,65,70
S03,S,raise,valid,8,201,50,60,65,70
S03,S,raise,valid,9,012,35,45,55,60
S03,S,raise,valid,9,120,35,45,50,55
S03,S,raise,valid,9,201,35,45,55,65
S03,S,raise,valid,10,012,40,45,55,60
S03,S,raise,valid,10,120,40,45,50,55
S03,S,raise,valid,10,201,40,45,50,55
S03,S,raise,valid,11,012,60,65,70,75
S03,S,raise,valid,11,120,60,65,70,75
S03,S,raise,valid,11,201,60,65,70,75
S03,S,raise,valid,12,012,45,55,60,65
S03,S,raise,valid,12,120,45,50,55,60
S03,S,raise,valid,12,201,45,55,60,65
S03,S,raise,valid,13,012,60,55,60,65
S03,S,raise,valid,13,120,60,65,70,75
S03,S,raise,valid,13,201,60,65,70,75
S03,S,raise,valid,14,012,60,65,70,75
S03,S,raise,valid,14,120,60,65,70,75
S03,S,raise,valid,14,201,60,65,70,75
S03,S,raise,valid,15,012,35,45,55,60
S03,S,raise,valid,15,120,35,45,50,55
S03,S,raise,valid,15,201,35,45,55,60
S03,S,raise,valid,16,012,45,55,60,65
S03,S,raise,valid,16,120,45,50,55,60
S03,S,raise,valid,16,201,45,50,55,60
S03,S,raise,valid,17,012,30,40,50,60
S03,S,raise,valid,17,120,30,40,45,50
S03,S,raise,valid,17,201,30,40,50,55
S03,S,raise,valid,18,012,55,60,65,68
S03,S,raise,valid,18,120,55,60,65,70
S03,S,raise,valid,18,201,55,65,70,75
S03,S,raise,valid,19,012,55,60,65,70
S03,S,raise,valid,19,120,55,60,65,70
S03,S,raise,valid,19,201,55,60,65,70
S03,S,raise,invalid,0,012,40,50,45,45
S03,S,raise,invalid,0,120,40,75,75,40
S03,S,raise,invalid,0,201,40,40,40,40
S03,S,raise,invalid,1,012,30,30,30,30
S03,S,raise,invalid,1,120,30,30,30,30
S03,S,raise,invalid,1,201,30,30,30,30
S03,S,raise,invalid,2,012,55,70,65,55
S03,S,raise,invalid,2,120,55,60,55,55
S03,S,raise,invalid,2,201,55,55,60,60
S03,S,raise,invalid,3,012,45,65,70,70
S03,S,raise,invalid,3,120,45,50,50,50
S03,S,raise,invalid,3,201,45,45,45,45
S03,S,raise,invalid,4,012,35,50,40,35
S03,S,raise,invalid,4,120,35,60,45,35
S03,S,raise,invalid,4,201,35,35,35,35
S03,S,raise,invalid,5,012,45,75,75,75
S03,S,raise,invalid,5,120,45,60,50,50
S03,S,raise,invalid,5,201,45,45,45,45
S03,S,raise,invalid,6,012,45,65,75,60
S03,S,raise,invalid,6,120,45,55,55,55
S03,S,raise,invalid,6,201,45,45,45,45
S03,S,raise,invalid,7,012,60,70,60,60
S03,S,raise,invalid,7,120,60,70,70,70
S03,S,raise,invalid,7,201,60,60,60,60
S03,S,raise,invalid,8,012,50,75,60,60
S03,S,raise,invalid,8,120,50,60,60,60
S03,S,raise,invalid,8,201,50,50,50,50
S03,S,raise,invalid,9,012,35,45,40,40
S03,S,raise,invalid,9,120,35,60,60,70
S03,S,raise,invalid,9,201,35,35,35,35
S03,S,raise,invalid,10,012,40,60,65,65
S03,S,raise,invalid,10,120,40,40,40,40
S03,S,raise,invalid,10,201,40,40,40,40
S03,S,raise,invalid,11,012,60,70,75,75
S03,S,raise,invalid,11,120,60,70,60,60
S03,S,raise,invalid,11,201,60,60,60,60
S03,S,raise,invalid,12,012,45,60,70,60
S03,S,raise,invalid,12,120,45,45,45,45
S03,S,raise,invalid,12,201,45,45,45,45
S03,S,raise,invalid,13,012,60,75,60,55
S03,S,raise,invalid,13,120,60,65,60,60
S03,S,raise,invalid,13,201,60,60,60,60
S03,S,raise,invalid,14,012,60,75,70,70
S03,S,raise,invalid,14,120,60,60,60,60
S03,S,raise,invalid,14,201,60,60,60,60
S03,S,raise,invalid,15,012,35,50,60,60
S03,S,raise,invalid,15,120,35,40,35,35
S03,S,raise,invalid,15,201,35,35,35,35
S03,S,raise,invalid,16,012,45,60,80,68
S03,S,raise,invalid,16,120,45,60,60,60
S03,S,raise,invalid,16,201,45,45,45,45
S03,S,raise,invalid,17,012,30,55,60,60
S03,S,raise,invalid,17,120,30,40,40,40
S03,S,raise,invalid,17,201,30,30,30,30
S03,S,raise,invalid,18,012,55,70,75,75
S03,S,raise,invalid,18,120,55,80,80,55
S03,S,raise,invalid,18,201,55,55,55,55
S03,S,raise,invalid,19,012,55,65,68,55
S03,S,raise,invalid,19,120,55,60,60,60
S03,S,raise,invalid,19,201,55,55,55,55
S04,S,lower,valid,0,012,95,93,92,90
S04,S,lower,valid,0,120,95,93,92,91
S04,S,lower,valid,0,201,95,92,90,88
S04,S,lower,valid,1,012,92,90,89,88
S04,S,lower,valid,1,120,92,90,89,88
S04,S,lower,valid,1,201,92,90,88,86
S04,S,lower,valid,2,012,92,90,89,88
S04,S,lower,valid,2,120,92,90,88,86
S04,S,lower,valid,2,201,92,90,88,87
S04,S,lower,valid,3,012,90,88,86,85
S04,S,lower,valid,3,120,90,88,85,83
S04,S,lower,valid,3,201,90,87,85,84
S04,S,lower,valid,4,012,90,88,86,84
S04,S,lower,valid,4,120,90,88,87,86
S04,S,lower,valid,4,201,90,85,82,80
S04,S,lower,valid,5,012,92,90,89,88
S04,S,lower,valid,5,120,92,90,88,87
S04,S,lower,valid,5,201,92,90,88,87
S04,S,lower,valid,6,012,93,90,89,88
S04,S,lower,valid,6,120,93,90,88,86
S04,S,lower,valid,6,201,93,90,88,86
S04,S,lower,valid,7,012,92,88,86,84
S04,S,lower,valid,7,120,92,90,88,87
S04,S,lower,valid,7,201,92,90,88,86
S04,S,lower,valid,8,012,95,93,92,90
S04,S,lower,valid,8,120,95,92,90,88
S04,S,lower,valid,8,201,95,92,90,89
S04,S,lower,valid,9,012,90,88,87,86
S04,S,lower,valid,9,120,90,88,87,86
S04,S,lower,valid,9,201,90,88,86,85
S04,S,lower,valid,10,012,92,90,88,87
S04,S,lower,valid,10,120,92,90,88,86
S04,S,lower,valid,10,201,92,89,87,85
S04,S,lower,valid,11,012,92,90,89,88
S04,S,lower,valid,11,120,92,90,89,88
S04,S,lower,valid,11,201,92,89,87,85
S04,S,lower,valid,12,012,90,88,87,86
S04,S,lower,valid,12,120,90,85,82,80
S04,S,lower,valid,12,201,90,88,87,86
S04,S,lower,valid,13,012,93,90,89,88
S04,S,lower,valid,13,120,93,90,88,86
S04,S,lower,valid,13,201,93,90,88,86
S04,S,lower,valid,14,012,90,85,82,80
S04,S,lower,valid,14,120,90,88,86,84
S04,S,lower,valid,14,201,90,87,85,83
S04,S,lower,valid,15,012,90,88,87,85
S04,S,lower,valid,15,120,90,89,88,87
S04,S,lower,valid,15,201,90,88,86,85
S04,S,lower,valid,16,012,95,93,91,89
S04,S,lower,valid,16,120,95,90,88,86
S04,S,lower,valid,16,201,95,92,90,89
S04,S,lower,valid,17,012,90,85,82,80
S04,S,lower,valid,17,120,90,83,80,78
S04,S,lower,valid,17,201,90,88,86,85
S04,S,lower,valid,18,012,92,90,89,88
S04,S,lower,valid,18,120,92,90,88,86
S04,S,lower,valid,18,201,92,90,89,88
S04,S,lower,valid,19,012,92,90,88,86
S04,S,lower,valid,19,120,92,90,89,88
S04,S,lower,valid,19,201,92,88,86,85
S04,S,lower,invalid,0,012,95,95,95,95
S04,S,lower,invalid,0,120,95,95,95,90
S04,S,lower,invalid,0,201,95,95,95,95
S04,S,lower,invalid,1,012,92,70,1,92
S04,S,lower,invalid,1,120,92,92,92,90
S04,S,lower,invalid,1,201,92,92,92,92
S04,S,lower,invalid,2,012,92,92,92,92
S04,S,lower,invalid,2,120,92,92,1,92
S04,S,lower,invalid,2,201,92,92,92,92
S04,S,lower,invalid,3,012,90,90,90,90
S04,S,lower,invalid,3,120,90,90,90,90
S04,S,lower,invalid,3,201,90,90,90,90
S04,S,lower,invalid,4,012,90,90,90,90
S04,S,lower,invalid,4,120,90,90,90,90
S04,S,lower,invalid,4,201,90,90,90,95
S04,S,lower,invalid,5,012,92,92,92,92
S04,S,lower,invalid,5,120,92,92,92,92
S04,S,lower,invalid,5,201,92,92,92,90
S04,S,lower,invalid,6,012,93,93,93,93
S04,S,lower,invalid,6,120,93,93,93,93
S04,S,lower,invalid,6,201,93,93,93,93
S04,S,lower,invalid,7,012,92,92,92,92
S04,S,lower,invalid,7,120,92,92,92,92
S04,S,lower,invalid,7,201,92,92,92,92
S04,S,lower,invalid,8,012,95,95,95,95
S04,S,lower,invalid,8,120,95,95,95,95
S04,S,lower,invalid,8,201,95,95,95,95
S04,S,lower,invalid,9,012,90,90,90,90
S04,S,lower,invalid,9,120,90,90,90,95
S04,S,lower,invalid,9,201,90,90,90,95
S04,S,lower,invalid,10,012,92,80,92,10
S04,S,lower,invalid,10,120,92,92,92,92
S04,S,lower,invalid,10,201,92,92,92,92
S04,S,lower,invalid,11,012,92,92,92,92
S04,S,lower,invalid,11,120,92,92,92,92
S04,S,lower,invalid,11,201,92,92,92,92
S04,S,lower,invalid,12,012,90,90,90,90
S04,S,lower,invalid,12,120,90,90,1,90
S04,S,lower,invalid,12,201,90,90,90,90
S04,S,lower,invalid,13,012,93,93,93,93
S04,S,lower,invalid,13,120,93,1,93,93
S04,S,lower,invalid,13,201,93,93,93,93
S04,S,lower,invalid,14,012,90,80,90,95
S04,S,lower,invalid,14,120,90,90,90,90
S04,S,lower,invalid,14,201,90,90,90,90
S04,S,lower,invalid,15,012,90,90,90,90
S04,S,lower,invalid,15,120,90,90,1,90
S04,S,lower,invalid,15,201,90,90,90,90
S04,S,lower,invalid,16,012,95,95,95,95
S04,S,lower,invalid,16,120,95,95,95,95
S04,S,lower,invalid,16,201,95,95,95,90
S04,S,lower,invalid,17,012,90,90,95,90
S04,S,lower,invalid,17,120,90,1,90,90
S04,S,lower,invalid,17,201,90,90,90,95
S04,S,lower,invalid,18,012,92,92,92,92
S04,S,lower,invalid,18,120,92,95,92,92
S04,S,lower,invalid,18,201,92,92,92,92
S04,S,lower,invalid,19,012,92,92,92,95
S04,S,lower,invalid,19,120,92,92,92,92
S04,S,lower,invalid,19,201,92,92,92,92
S05,S,raise,valid,0,012,40,55,60,65
S05,S,raise,valid,0,120,40,50,55,60
S05,S,raise,valid,0,201,40,50,55,60
S05,S,raise,valid,1,012,35,50,60,65
S05,S,raise,valid,1,120,35,40,45,55
S05,S,raise,valid,1,201,35,45,55,60
S05,S,raise,valid,2,012,40,50,55,60
S05,S,raise,valid,2,120,40,45,45,50
S05,S,raise,valid,2,201,40,50,60,65
S05,S,raise,valid,3,012,35,50,55,60
S05,S,raise,valid,3,120,35,45,45,50
S05,S,raise,valid,3,201,35,45,55,60
S05,S,raise,valid,4,012,35,45,50,55
S05,S,raise,valid,4,120,35,45,50,60
S05,S,raise,valid,4,201,35,50,60,65
S05,S,raise,valid,5,012,35,55,60,65
S05,S,raise,valid,5,120,35,40,45,50
S05,S,raise,valid,5,201,35,45,50,55
S05,S,raise,valid,6,012,45,55,60,65
S05,S,raise,valid,6,120,45,55,60,65
S05,S,raise,valid,6,201,45,55,65,70
S05,S,raise,valid,7,012,45,55,60,65
S05,S,raise,valid,7,120,45,50,55,60
S05,S,raise,valid,7,201,45,50,60,65
S05,S,raise,valid,8,012,35,45,50,55
S05,S,raise,valid,8,120,35,40,45,50
S05,S,raise,valid,8,201,35,40,50,55
S05,S,raise,valid,9,012,40,55,60,62
S05,S,raise,valid,9,120,40,45,50,55
S05,S,raise,valid,9,201,40,45,50,55
S05,S,raise,valid,10,012,40,50,60,65
S05,S,raise,valid,10,120,40,50,55,55
S05,S,raise,valid,10,201,40,45,50,55
S05,S,raise,valid,11,012,45,55,60,65
S05,S,raise,valid,11,120,45,50,50,55
S05,S,raise,valid,11,201,45,50,60,65
S05,S,raise,valid,12,012,40,55,65,70
S05,S,raise,valid,12,120,40,45,50,55
S05,S,raise,valid,12,201,40,50,60,65
S05,S,raise,valid,13,012,30,45,50,55
S05,S,raise,valid,13,120,30,45,50,60
S05,S,raise,valid,13,201,30,40,45,50
S05,S,raise,valid,14,012,30,40,50,55
S05,S,raise,valid,14,120,30,45,50,55
S05,S,raise,valid,14,201,30,45,55,60
S05,S,raise,valid,15,012,45,55,60,60
S05,S,raise,valid,15,120,45,50,55,60
S05,S,raise,valid,15,201,45,55,60,65
S05,S,raise,valid,16,012,45,50,60,65
S05,S,raise,valid,16,120,45,50,55,60
S05,S,raise,valid,16,201,45,55,60,65
S05,S,raise,valid,17,012,35,45,55,60
S05,S,raise,valid,17,120,35,45,50,55
S05,S,raise,valid,17,201,35,45,50,55
S05,S,raise,valid,18,012,35,45,50,55
S05,S,raise,valid,18,120,35,45,50,60
S05,S,raise,valid,18,201,35,45,55,60
S05,S,raise,valid,19,012,30,45,50,55
S05,S,raise,valid,19,120,30,45,50,60
S05,S,raise,valid,19,201,30,35,45,50
S05,S,raise,invalid,0,012,40,40,40,40
S05,S,raise,invalid,0,120,40,40,40,40
S05,S,raise,invalid,0,201,40,42,40,40
S05,S,raise,invalid,1,012,35,35,35,35
S05,S,raise,invalid,1,120,35,35,35,35
S05,S,raise,invalid,1,201,35,35,35,35
S05,S,raise,invalid,2,012,40,70,70,70
S05,S,raise,invalid,2,120,40,40,40,40
S05,S,raise,invalid,2,201,40,40,40,40
S05,S,raise,invalid,3,012,35,35,35,35
S05,S,raise,invalid,3,120,35,35,35,35
S05,S,raise,invalid,3,201,35,35,35,35
S05,S,raise,invalid,4,012,35,35,35,35
S05,S,raise,invalid,4,120,35,35,35,35
S05,S,raise,invalid,4,201,35,35,35,35
S05,S,raise,invalid,5,012,35,35,35,35
S05,S,raise,invalid,5,120,35,35,35,35
S05,S,raise,invalid,5,201,35,35,35,35
S05,S,raise,invalid,6,012,45,45,45,45
S05,S,raise,invalid,6,120,45,45,45,45
S05,S,raise,invalid,6,201,45,45,45,45
S05,S,raise,invalid,7,012,45,45,45,45
S05,S,raise,invalid,7,120,45,45,45,45
S05,S,raise,invalid,7,201,45,45,45,45
S05,S,raise,invalid,8,012,35,45,45,45
S05,S,raise,invalid,8,120,35,35,35,35
S05,S,raise,invalid,8,201,35,35,35,35
S05,S,raise,invalid,9,012,40,40,40,40
S05,S,raise,invalid,9,120,40,40,40,40
S05,S,raise,invalid,9,201,40,40,40,40
S05,S,raise,invalid,10,012,40,40,40,40
S05,S,raise,invalid,10,120,40,40,40,40
S05,S,raise,invalid,10,201,40,40,40,40
S05,S,raise,invalid,11,012,45,45,45,45
S05,S,raise,invalid,11,120,45,45,45,45
S05,S,raise,invalid,11,201,45,45,45,45
S05,S,raise,invalid,12,012,40,40,40,40
S05,S,raise,invalid,12,120,40,40,40,40
S05,S,raise,invalid,12,201,40,40,40,40
S05,S,raise,invalid,13,012,30,30,30,30
S05,S,raise,invalid,13,120,30,30,30,30
S05,S,raise,invalid,13,201,30,30,30,30
S05,S,raise,invalid,14,012,30,35,35,35
S05,S,raise,invalid,14,120,30,30,30,30
S05,S,raise,invalid,14,201,30,30,30,30
S05,S,raise,invalid,15,012,45,60,60,30
S05,S,raise,invalid,15,120,45,45,45,45
S05,S,raise,invalid,15,201,45,45,45,45
S05,S,raise,invalid,16,012,45,45,45,45
S05,S,raise,invalid,16,120,45,45,45,45
S05,S,raise,invalid,16,201,45,45,45,45
S05,S,raise,invalid,17,012,35,35,35,35
S05,S,raise,invalid,17,120,35,35,35,35
S05,S,raise,invalid,17,201,35,35,35,35
S05,S,raise,invalid,18,012,35,35,35,35
S05,S,raise,invalid,18,120,35,35,35,35
S05,S,raise,invalid,18,201,35,35,35,35
S05,S,raise,invalid,19,012,30,30,30,30
S05,S,raise,invalid,19,120,30,30,30,30
S05,S,raise,invalid,19,201,30,30,30,30
S06,S,lower,valid,0,012,85,75,65,55
S06,S,lower,valid,0,120,85,70,60,50
S06,S,lower,valid,0,201,85,75,65,55
S06,S,lower,valid,1,012,85,75,65,55
S06,S,lower,valid,1,120,85,75,60,50
S06,S,lower,valid,1,201,85,75,70,60
S06,S,lower,valid,2,012,85,75,65,60
S06,S,lower,valid,2,120,85,75,65,60
S06,S,lower,valid,2,201,85,75,70,60
S06,S,lower,valid,3,012,90,80,65,55
S06,S,lower,valid,3,120,90,70,60,50
S06,S,lower,valid,3,201,90,80,70,60
S06,S,lower,valid,4,012,88,80,70,60
S06,S,lower,valid,4,120,88,78,70,60
S06,S,lower,valid,4,201,88,80,75,65
S06,S,lower,valid,5,012,80,70,60,50
S06,S,lower,valid,5,120,80,70,60,55
S06,S,lower,valid,5,201,80,70,60,50
S06,S,lower,valid,6,012,85,75,65,55
S06,S,lower,valid,6,120,85,75,65,60
S06,S,lower,valid,6,201,85,78,70,60
S06,S,lower,valid,7,012,85,75,65,60
S06,S,lower,valid,7,120,85,70,60,50
S06,S,lower,valid,7,201,85,80,75,65
S06,S,lower,valid,8,012,85,75,65,55
S06,S,lower,valid,8,120,85,70,60,55
S06,S,lower,valid,8,201,85,75,65,55
S06,S,lower,valid,9,012,88,75,65,55
S06,S,lower,valid,9,120,88,78,70,60
S06,S,lower,valid,9,201,88,80,75,65
S06,S,lower,valid,10,012,82,75,65,55
S06,S,lower,valid,10,120,82,75,68,60
S06,S,lower,valid,10,201,82,76,70,55
S06,S,lower,valid,11,012,88,75,60,50
S06,S,lower,valid,11,120,88,75,70,65
S06,S,lower,valid,11,201,88,80,75,65
S06,S,lower,valid,12,012,82,75,65,60
S06,S,lower,valid,12,120,82,70,60,50
S06,S,lower,valid,12,201,82,75,65,55
S06,S,lower,valid,13,012,88,80,70,60
S06,S,lower,valid,13,120,88,80,70,60
S06,S,lower,valid,13,201,88,80,70,55
S06,S,lower,valid,14,012,85,75,65,60
S06,S,lower,valid,14,120,85,70,60,50
S06,S,lower,valid,14,201,85,75,70,65
S06,S,lower,valid,15,012,85,75,65,55
S06,S,lower,valid,15,120,85,70,60,50
S06,S,lower,valid,15,201,85,75,60,50
S06,S,lower,valid,16,012,85,75,65,55
S06,S,lower,valid,16,120,85,65,50,40
S06,S,lower,valid,16,201,85,80,75,70
S06,S,lower,valid,17,012,85,75,60,50
S06,S,lower,valid,17,120,85,75,60,50
S06,S,lower,valid,17,201,85,75,70,60
S06,S,lower,valid,18,012,85,75,65,60
S06,S,lower,valid,18,120,85,70,60,55
S06,S,lower,valid,18,201,85,70,60,50
S06,S,lower,valid,19,012,85,75,65,55
S06,S,lower,valid,19,120,85,75,60,50
S06,S,lower,valid,19,201,85,75,65,55
S06,S,lower,invalid,0,012,85,85,60,45
S06,S,lower,invalid,0,120,85,70,60,50
S06,S,lower,invalid,0,201,85,60,55,45
S06,S,lower,invalid,1,012,85,70,60,40
S06,S,lower,invalid,1,120,85,75,60,50
S06,S,lower,invalid,1,201,85,70,85,75
S06,S,lower,invalid,2,012,85,65,55,70
S06,S,lower,invalid,2,120,85,75,60,60
S06,S,lower,invalid,2,201,85,35,35,30
S06,S,lower,invalid,3,012,90,75,55,40
S06,S,lower,invalid,3,120,90,80,70,60
S06,S,lower,invalid,3,201,90,35,60,70
S06,S,lower,invalid,4,012,88,75,70,60
S06,S,lower,invalid,4,120,88,75,70,60
S06,S,lower,invalid,4,201,88,60,50,40
S06,S,lower,invalid,5,012,80,80,60,45
S06,S,lower,invalid,5,120,80,70,60,40
S06,S,lower,invalid,5,201,80,70,70,78
S06,S,lower,invalid,6,012,85,60,55,50
S06,S,lower,invalid,6,120,85,70,65,65
S06,S,lower,invalid,6,201,85,70,85,75
S06,S,lower,invalid,7,012,85,70,55,45
S06,S,lower,invalid,7,120,85,70,75,80
S06,S,lower,invalid,7,201,85,55,40,30
S06,S,lower,invalid,8,012,85,70,60,50
S06,S,lower,invalid,8,120,85,70,65,50
S06,S,lower,invalid,8,201,85,40,80,60
S06,S,lower,invalid,9,012,88,88,70,45
S06,S,lower,invalid,9,120,88,70,83,83
S06,S,lower,invalid,9,201,88,88,88,88
S06,S,lower,invalid,10,012,82,55,40,30
S06,S,lower,invalid,10,120,82,75,72,66
S06,S,lower,invalid,10,201,82,82,82,82
S06,S,lower,invalid,11,012,88,85,75,60
S06,S,lower,invalid,11,120,88,75,65,82
S06,S,lower,invalid,11,201,88,50,50,40
S06,S,lower,invalid,12,012,82,60,50,40
S06,S,lower,invalid,12,120,82,70,60,60
S06,S,lower,invalid,12,201,82,70,68,62
S06,S,lower,invalid,13,012,88,60,45,35
S06,S,lower,invalid,13,120,88,75,60,65
S06,S,lower,invalid,13,201,88,40,80,75
S06,S,lower,invalid,14,012,85,75,60,30
S06,S,lower,invalid,14,120,85,75,60,60
S06,S,lower,invalid,14,201,85,60,50,45
S06,S,lower,invalid,15,012,85,75,65,50
S06,S,lower,invalid,15,120,85,75,65,60
S06,S,lower,invalid,15,201,85,70,85,80
S06,S,lower,invalid,16,012,85,85,55,40
S06,S,lower,invalid,16,120,85,75,60,60
S06,S,lower,invalid,16,201,85,55,55,45
S06,S,lower,invalid,17,012,85,70,55,40
S06,S,lower,invalid,17,120,85,70,85,75
S06,S,lower,invalid,17,201,85,60,60,50
S06,S,lower,invalid,18,012,85,65,55,45
S06,S,lower,invalid,18,120,85,70,75,75
S06,S,lower,invalid,18,201,85,85,85,82
S06,S,lower,invalid,19,012,85,70,55,45
S06,S,lower,invalid,19,120,85,70,70,60
S06,S,lower,invalid,19,201,85,85,85,65
S07,S,raise,valid,0,012,45,55,65,70
S07,S,raise,valid,0,120,45,50,55,60
S07,S,raise,valid,0,201,45,50,55,60
S07,S,raise,valid,1,012,45,60,65,70
S07,S,raise,valid,1,120,45,50,55,60
S07,S,raise,valid,1,201,45,55,65,70
S07,S,raise,valid,2,012,40,55,60,65
S07,S,raise,valid,2,120,40,50,55,60
S07,S,raise,valid,2,201,40,50,60,65
S07,S,raise,valid,3,012,45,60,65,70
S07,S,raise,valid,3,120,45,55,60,65
S07,S,raise,valid,3,201,45,55,60,65
S07,S,raise,valid,4,012,45,55,60,65
S07,S,raise,valid,4,120,45,50,55,60
S07,S,raise,valid,4,201,45,50,60,65
S07,S,raise,valid,5,012,45,60,65,70
S07,S,raise,valid,5,120,45,50,55,60
S07,S,raise,valid,5,201,45,50,60,65
S07,S,raise,valid,6,012,45,60,65,70
S07,S,raise,valid,6,120,45,50,55,60
S07,S,raise,valid,6,201,45,50,55,60
S07,S,raise,valid,7,012,45,55,60,65
S07,S,raise,valid,7,120,45,55,60,65
S07,S,raise,valid,7,201,45,55,60,65
S07,S,raise,valid,8,012,40,55,65,70
S07,S,raise,valid,8,120,40,45,50,55
S07,S,raise,valid,8,201,40,50,60,65
S07,S,raise,valid,9,012,45,60,65,68
S07,S,raise,valid,9,120,45,50,55,60
S07,S,raise,valid,9,201,45,55,60,65
S07,S,raise,valid,10,012,40,50,55,60
S07,S,raise,valid,10,120,40,50,55,60
S07,S,raise,valid,10,201,40,50,55,60
S07,S,raise,valid,11,012,45,55,60,65
S07,S,raise,valid,11,120,45,50,55,60
S07,S,raise,valid,11,201,45,50,55,60
S07,S,raise,valid,12,012,40,55,60,65
S07,S,raise,valid,12,120,40,45,50,55
S07,S,raise,valid,12,201,40,45,50,55
S07,S,raise,valid,13,012,40,55,60,65
S07,S,raise,valid,13,120,40,45,50,55
S07,S,raise,valid,13,201,40,50,60,65
S07,S,raise,valid,14,012,45,55,60,65
S07,S,raise,valid,14,120,45,50,55,60
S07,S,raise,valid,14,201,45,50,55,60
S07,S,raise,valid,15,012,40,55,60,65
S07,S,raise,valid,15,120,40,45,50,55
S07,S,raise,valid,15,201,40,45,50,55
S07,S,raise,valid,16,012,40,55,60,65
S07,S,raise,valid,16,120,40,45,50,55
S07,S,raise,valid,16,201,40,50,60,65
S07,S,raise,valid,17,012,30,45,55,60
S07,S,raise,valid,17,120,30,35,40,45
S07,S,raise,valid,17,201,30,45,55,60
S07,S,raise,valid,18,012,40,55,60,65
S07,S,raise,valid,18,120,40,45,50,55
S07,S,raise,valid,18,201,40,50,60,65
S07,S,raise,valid,19,012,45,60,65,70
S07,S,raise,valid,19,120,45,50,55,60
S07,S,raise,valid,19,201,45,55,60,65
S07,S,raise,invalid,0,012,45,50,50,50
S07,S,raise,invalid,0,120,45,45,45,45
S07,S,raise,invalid,0,201,45,60,60,60
S07,S,raise,invalid,1,012,45,48,50,50
S07,S,raise,invalid,1,120,45,50,55,30
S07,S,raise,invalid,1,201,45,50,50,45
S07,S,raise,invalid,2,012,40,40,40,40
S07,S,raise,invalid,2,120,40,40,50,40
S07,S,raise,invalid,2,201,40,45,50,50
S07,S,raise,invalid,3,012,45,50,50,50
S07,S,raise,invalid,3,120,45,70,55,50
S07,S,raise,invalid,3,201,45,55,55,55
S07,S,raise,invalid,4,012,45,45,45,45
S07,S,raise,invalid,4,120,45,45,45,45
S07,S,raise,invalid,4,201,45,50,52,35
S07,S,raise,invalid,5,012,45,50,45,45
S07,S,raise,invalid,5,120,45,45,45,45
S07,S,raise,invalid,5,201,45,50,50,50
S07,S,raise,invalid,6,012,45,50,50,50
S07,S,raise,invalid,6,120,45,45,45,45
S07,S,raise,invalid,6,201,45,45,45,45
S07,S,raise,invalid,7,012,45,45,45,45
S07,S,raise,invalid,7,120,45,50,50,50
S07,S,raise,invalid,7,201,45,45,45,45
S07,S,raise,invalid,8,012,40,40,40,40
S07,S,raise,invalid,8,120,40,45,46,48
S07,S,raise,invalid,8,201,40,50,45,35
S07,S,raise,invalid,9,012,45,50,55,45
S07,S,raise,invalid,9,201,45,55,55,55
S07,S,raise,invalid,10,012,40,40,40,40
S07,S,raise,invalid,10,120,40,40,40,40
S07,S,raise,invalid,10,201,40,45,30,40
S07,S,raise,invalid,11,012,45,47,48,48
S07,S,raise,invalid,11,120,45,45,45,45
S07,S,raise,invalid,11,201,45,55,55,55
S07,S,raise,invalid,12,012,40,40,40,40
S07,S,raise,invalid,12,120,40,45,45,45
S07,S,raise,invalid,12,201,40,45,50,45
S07,S,raise,invalid,13,012,40,45,45,50
S07,S,raise,invalid,13,120,40,60,45,40
S07,S,raise,invalid,13,201,40,45,35,30
S07,S,raise,invalid,14,012,45,45,45,45
S07,S,raise,invalid,14,120,45,50,45,45
S07,S,raise,invalid,14,201,45,50,52,52
S07,S,raise,invalid,15,012,40,40,40,40
S07,S,raise,invalid,15,120,40,55,60,50
S07,S,raise,invalid,15,201,40,40,40,40
S07,S,raise,invalid,16,012,40,55,55,55
S07,S,raise,invalid,16,120,40,65,65,60
S07,S,raise,invalid,16,201,40,45,46,46
S07,S,raise,invalid,17,012,30,40,40,40
S07,S,raise,invalid,17,120,30,35,40,40
S07,S,raise,invalid,17,201,30,30,30,30
S07,S,raise,invalid,18,012,40,40,40,40
S07,S,raise,invalid,18,120,40,55,55,55
S07,S,raise,invalid,18,201,40,50,45,45
S07,S,raise,invalid,19,012,45,50,45,45
S07,S,raise,invalid,19,120,45,45,45,45
S07,S,raise,invalid,19,201,45,50,45,45
S08,S,lower,valid,0,012,90,88,80,75
S08,S,lower,valid,0,120,90,75,65,60
S08,S,lower,valid,0,201,90,85,82,75
S08,S,lower,valid,1,012,90,88,80,75
S08,S,lower,valid,1,120,90,75,70,65
S08,S,lower,valid,1,201,90,85,80,75
S08,S,lower,valid,2,012,93,90,85,80
S08,S,lower,valid,2,120,93,85,75,70
S08,S,lower,valid,2,201,93,90,88,80
S08,S,lower,valid,3,012,90,88,83,80
S08,S,lower,valid,3,120,90,80,75,70
S08,S,lower,valid,3,201,90,85,80,75
S08,S,lower,valid,4,012,90,88,80,75
S08,S,lower,valid,4,120,90,75,70,65
S08,S,lower,valid,4,201,90,85,83,78
S08,S,lower,valid,5,012,90,88,82,75
S08,S,lower,valid,5,120,90,75,70,67
S08,S,lower,valid,5,201,90,80,75,70
S08,S,lower,valid,6,012,90,85,80,75
S08,S,lower,valid,6,120,90,75,65,60
S08,S,lower,valid,6,201,90,85,82,75
S08,S,lower,valid,7,012,92,90,80,75
S08,S,lower,valid,7,120,92,75,70,65
S08,S,lower,valid,7,201,92,88,85,80
S08,S,lower,valid,8,012,90,88,80,75
S08,S,lower,valid,8,120,90,80,75,70
S08,S,lower,valid,8,201,90,85,83,80
S08,S,lower,valid,9,012,90,88,82,78
S08,S,lower,valid,9,120,90,75,65,60
S08,S,lower,valid,9,201,90,85,83,80
S08,S,lower,valid,10,012,90,85,75,70
S08,S,lower,valid,10,120,90,80,75,70
S08,S,lower,valid,10,201,90,85,82,75
S08,S,lower,valid,11,012,90,87,82,78
S08,S,lower,valid,11,120,90,75,65,60
S08,S,lower,valid,11,201,90,85,83,80
S08,S,lower,valid,12,012,90,85,75,70
S08,S,lower,valid,12,120,90,80,70,65
S08,S,lower,valid,12,201,90,85,80,75
S08,S,lower,valid,13,012,90,88,80,75
S08,S,lower,valid,13,120,90,80,75,70
S08,S,lower,valid,13,201,90,85,82,75
S08,S,lower,valid,14,012,92,90,85,80
S08,S,lower,valid,14,120,92,80,75,70
S08,S,lower,valid,14,201,92,88,85,75
S08,S,lower,valid,15,012,90,88,84,80
S08,S,lower,valid,15,120,90,80,75,70
S08,S,lower,valid,15,201,90,85,80,75
S08,S,lower,valid,16,012,90,85,75,70
S08,S,lower,valid,16,120,90,75,65,60
S08,S,lower,valid,16,201,90,85,82,75
S08,S,lower,valid,17,012,90,88,80,75
S08,S,lower,valid,17,120,90,80,75,72
S08,S,lower,valid,17,201,90,85,83,80
S08,S,lower,valid,18,012,90,88,80,75
S08,S,lower,valid,18,120,90,80,75,70
S08,S,lower,valid,18,201,90,85,80,75
S08,S,lower,valid,19,012,90,85,75,70
S08,S,lower,valid,19,120,90,80,75,70
S08,S,lower,valid,19,201,90,85,80,70
S08,S,lower,invalid,0,012,90,90,90,90
S08,S,lower,invalid,0,120,90,90,90,90
S08,S,lower,invalid,0,201,90,90,90,1
S08,S,lower,invalid,1,012,90,90,90,90
S08,S,lower,invalid,1,120,90,90,90,90
S08,S,lower,invalid,1,201,90,90,90,90
S08,S,lower,invalid,2,012,93,93,93,93
S08,S,lower,invalid,2,120,93,40,90,93
S08,S,lower,invalid,2,201,93,93,93,93
S08,S,lower,invalid,3,012,90,90,90,90
S08,S,lower,invalid,3,120,90,90,90,90
S08,S,lower,invalid,3,201,90,90,90,90
S08,S,lower,invalid,4,012,90,90,90,90
S08,S,lower,invalid,4,120,90,90,90,90
S08,S,lower,invalid,5,012,90,90,95,90
S08,S,lower,invalid,5,120,90,90,90,90
S08,S,lower,invalid,5,201,90,90,90,90
S08,S,lower,invalid,6,012,90,90,95,90
S08,S,lower,invalid,6,120,90,90,90,90
S08,S,lower,invalid,6,201,90,90,5,90
S08,S,lower,invalid,7,012,92,92,92,92
S08,S,lower,invalid,7,120,92,92,92,5
S08,S,lower,invalid,7,201,92,92,92,92
S08,S,lower,invalid,8,012,90,90,90,90
S08,S,lower,invalid,8,120,90,90,90,90
S08,S,lower,invalid,9,012,90,90,90,90
S08,S,lower,invalid,9,120,90,90,90,90
S08,S,lower,invalid,9,201,90,90,90,90
S08,S,lower,invalid,10,012,90,90,90,90
S08,S,lower,invalid,10,120,90,90,90,90
S08,S,lower,invalid,10,201,90,90,90,90
S08,S,lower,invalid,11,012,90,90,90,90
S08,S,lower,invalid,11,120,90,85,90,90
S08,S,lower,invalid,11,201,90,90,90,90
S08,S,lower,invalid,12,012,90,90,10,90
S08,S,lower,invalid,12,120,90,90,90,5
S08,S,lower,invalid,12,201,90,90,90,90
S08,S,lower,invalid,13,012,90,90,90,90
S08,S,lower,invalid,13,120,90,90,90,90
S08,S,lower,invalid,13,201,90,30,90,90
S08,S,lower,invalid,14,012,92,92,92,92
S08,S,lower,invalid,14,120,92,92,92,92
S08,S,lower,invalid,14,201,92,92,92,92
S08,S,lower,invalid,15,012,90,90,90,90
S08,S,lower,invalid,15,120,90,90,90,5
S08,S,lower,invalid,15,201,90,90,90,90
S08,S,lower,invalid,16,012,90,90,20,10
S08,S,lower,invalid,16,120,90,90,90,90
S08,S,lower,invalid,16,201,90,90,5,90
S08,S,lower,invalid,17,012,90,90,20,90
S08,S,lower,invalid,17,120,90,90,90,90
S08,S,lower,invalid,18,012,90,90,90,90
S08,S,lower,invalid,18,120,90,90,90,90
S08,S,lower,invalid,19,012,90,90,90,20
S08,S,lower,invalid,19,120,90,70,90,90
S08,S,lower,invalid,19,201,90,90,90,90
